Latin Word,English Definition(s),Frequency,Part of Speech,Sense Heading,Senses,Core Sense
"ā, ab, abs",{(with the {{ablative|ablative-with-prepositions}})} from; by {(introducing a personal agent with a {{passive}} {{verb}})},29,Preposition,{(with the {{ablative|ablative-with-prepositions}})},from ‖ by {(introducing a personal agent with a {{passive}} {{verb}})},1
"abeō, abīre, abiī, abitum",to go away; to turn into {(with *in* + {{accusative}})},4,Verb,,to go away ‖ to turn into {(with *in* + {{accusative}})},1
"abiciō, abicere, abiēcī, abiectum","to throw away; {(of the body, {{perfect}} {{participle}} *abiectus*)} prostrate",1,Verb,,"to throw away ‖ {(of the body, {{perfect}} {{participle}} *abiectus*)} prostrate",1
"abripiō, abripere, abripuī, abreptum",to snatch away,1,Verb,,to snatch away,1
"abrumpō, abrumpere, abrūpī, abruptum",to break off,1,Verb,,to break off,1
"abscindō, abscindere, abscidī, abscissum",to tear off,2,Verb,,to tear off,1
"abscondō, abscondere, abscondī, absconditum",to hide,1,Verb,,to hide,1
"absēns, {(gen.)} absentis",absent,1,Adjective,,absent,1
"abstrūdō, abstrūdere, abstrūsī, abstrūsum",to hide,1,Verb,,to hide,1
"absum, abesse, āfuī",to be absent,3,Verb,,to be absent,1
"absūmō, absūmere, absūmpsī, absūmptum",to consume,2,Verb,,to consume,1
"accēdō, accēdere, accessī, accessum",to approach; {(with the {{dative|dative-with-compounds}})} to be added,2,Verb,,to approach ‖ {(with the {{dative|dative-with-compounds}})} to be added,1
"accendō, accendere, accendī, accēnsum",to set on fire,1,Verb,,to set on fire,1
"accingō, accingere, accīnxī, accīnctum",to gird on,1,Verb,,to gird on,1
"accipiō, accipere, accēpī, acceptum",to receive,7,Verb,,to receive,1
"accommodō, accommodāre, accommodāvī, accommodātum",to fit,1,Verb,,to fit,1
"ācer, ācris, ācre",sharp,1,Adjective,,sharp,1
"Achātēs, Achātae, {m.}",Achates {(faithful companion of Aeneas)},1,Noun,,Achates {(faithful companion of Aeneas)},1
"Achīvī, Achīvōrum, {m. pl.}",Achīvī {(the Greeks (especially those at Troy))},1,Noun,,Achīvī {(the Greeks (especially those at Troy))},1
"aciēs, aciēī, {f.}",sharp edge; keenness of sight; gaze,1,Noun,,sharp edge ‖ keenness of sight ‖ gaze,1
"acquīrō, acquīrere, acquīsīvī, acquīsītum",to acquire,1,Verb,,to acquire,1
āctūtum,immediately,1,Adverb,,immediately,1
"acūtus, acūta, acūtum",sharp,1,Adjective,,sharp,1
ad,{(with the {{accusative}})} to {(of motion)}; at {(of proximity)}; in the presence of; {(with the {{gerundive}})} for {(of purpose)},26,Preposition,{(with the {{accusative}})},to {(of motion)} ‖ at {(of proximity)} ‖ in the presence of ‖ {(with the {{gerundive}})} for {(of purpose)},1
"addō, addere, addidī, additum",to add,4,Verb,,to add,1
"addūcō, addūcere, addūxī, adductum",to lead to; to draw toward oneself; to draw taut {(of a bow or bowstring)},1,Verb,,to lead to ‖ to draw toward oneself ‖ to draw taut {(of a bow or bowstring)},1
"adeō, adīre, adiī / adīvī, aditum",to approach; to undergo {(of hardships or dangers)},6,Verb,,to approach ‖ to undergo {(of hardships or dangers)},1
"adhaereō, adhaerēre, adhaesī, adhaesum",{(with the {{dative|dative-with-compounds}})} to cling to,1,Verb,,{(with the {{dative|dative-with-compounds}})} to cling to,1
adhūc,still,4,Adverb,,still,1
"adimō, adimere, adēmī, adēmptum",to take away,1,Verb,,to take away,1
"adiungō, adiungere, adiūnxī, adiūnctum",to join,1,Verb,,to join,1
"adiuvō, adiuvāre, adiūvī, adiūtum",to help,1,Verb,,to help,1
"admittō, admittere, admīsī, admissum","to let in; to give free rein to {(of pace or a horse, in *admisso passu/equo*)}; to commit {(of a fault or crime)}",2,Verb,,"to let in ‖ to give free rein to {(of pace or a horse, in *admisso passu/equo*)} ‖ to commit {(of a fault or crime)}",1
"admoneō, admonēre, admonuī, admonitum",to remind,1,Verb,,to remind,1
"admoveō, admovēre, admōvī, admōtum",to bring near,1,Verb,,to bring near,1
"adoleō, adolēre, adoluī, adultum",to burn (in sacrifice); to burn up,1,Verb,,to burn (in sacrifice) ‖ to burn up,1
"adoperiō, adoperīre, adoperuī, adopertum",to cover,1,Verb,,to cover,1
"adōrō, adōrāre, adōrāvī, adōrātus",to pray to,0,Verb,,to pray to,1
"adsum, adesse, adfuī",to be present,3,Verb,,to be present,1
"advehō, advehere, advēxī, advectum",to carry to,1,Verb,,to carry to,1
"advena, advenae, {m./f.}",stranger,1,"Noun, Adjective",,stranger,1
"adveniō, advenīre, advēnī, adventum",to arrive,1,Verb,,to arrive,1
"adversus, adversa, adversum","opposite, facing",4,Adjective,,"opposite, facing",1
"advertō, advertere, advertī, adversum",to turn toward,2,Verb,,to turn toward,1
"adūrō, adūrere, adussī, adustum",to scorch,2,Verb,,to scorch,1
"adustus, adusta, adustum",scorched,1,Adjective,,scorched,1
"aedēs, aedis, {f.}",temple,2,Noun,,temple,1
"aedificium, aedificiī, {n.}",building,0,Noun,,building,1
"aedificō, aedificāre, aedificāvī, aedificātus",to build,0,Verb,,to build,1
"Aeētēs, Aeētae, {m.}","Aeëtes {(king of Colchis, father of Medea)}",2,Noun,,"Aeëtes {(king of Colchis, father of Medea)}",1
"aeger, aegra, aegrum",sick,1,Adjective,,sick,1
"aemula, aemulae, {f.}",rival,1,Noun,,rival,1
"Aenēās, Aenēae, {m.}",Aeneas {(the Trojan hero)},12,Noun,,Aeneas {(the Trojan hero)},1
"aēneus, aēnea, aēneum",made of bronze,1,Adjective,,made of bronze,1
"aēnipes, {(gen.)} aēnipedis",bronze-footed,1,Adjective,,bronze-footed,1
aequāliter,equally,1,Adverb,,equally,1
"aequō, aequāre, aequāvī, aequātum",to make equal,2,Verb,,to make equal,1
"aequor, aequoris, {n.}",sea,6,Noun,,sea,1
"aequoreus, aequorea, aequoreum",of the sea,1,Adjective,,of the sea,1
"aequus, aequa, aequum","level; fair; [[*ex aequō* ""from the level"" → ""on equal terms""]]",2,Adjective,,"level ‖ fair ‖ [[*ex aequō* ""from the level"" → ""on equal terms""]]",1
"āēr, āeris, {m.}",air,6,Noun,,air,1
"aes, aeris, {n.}",bronze,2,Noun,,bronze,1
"Aesonidēs, Aesonidae, {m.}",Jason {(son of Aeson; leader of the Argonauts who won the Golden Fleece with Medea's help)},1,Noun,,Jason {(son of Aeson; leader of the Argonauts who won the Golden Fleece with Medea's help)},1
"Aesonius, Aesonia, Aesonium","Aesonian {(of Aeson, father of Jason; used as an epithet for Jason)}",2,Adjective,,"Aesonian {(of Aeson, father of Jason; used as an epithet for Jason)}",1
"aestās, aestātis, {f.}",summer,1,Noun,,summer,1
"aestuō, aestuāre, aestuāvī, aestuātum",to seethe,1,Verb,,to seethe,1
"aetās, aetātis, {f.}",age,2,Noun,,age,1
"aeternus, aeterna, aeternum",eternal,1,Adjective,,eternal,1
"aethēr, aetheris, {m.}",upper air,5,Noun,,upper air,1
"aetherius, aetheria, aetherium",heavenly,1,Adjective,,heavenly,1
"Āfer, Āfra, Āfrum",African,1,Adjective,,African,1
"afferō, afferre, attulī, allātum",to bring,1,Verb,,to bring,1
"afflātus, afflātūs, {m.}",breath,1,Noun,,breath,1
"afflō, afflāre, afflāvī, afflātum",to blow on,1,Verb,,to blow on,1
"affor, affārī, affātus sum",to speak to,1,Verb,,to speak to,1
"Agēnor, Agēnoris, {m.}","Agenor {(king of Phoenicia, father of Europa)}",1,Noun,,"Agenor {(king of Phoenicia, father of Europa)}",1
"aggerō, aggerāre, aggerāvī, aggerātum",to heap up,1,Verb,,to heap up,1
"agitō, agitāre, agitāvī, agitātum",to drive; to shake,3,Verb,,to drive ‖ to shake,1
"agmen, agminis, {n.}","column of marching men; throng {(of any moving multitude, not necessarily soldiers)}",2,Noun,,"column of marching men ‖ throng {(of any moving multitude, not necessarily soldiers)}",1
"agna, agnae, {f.}",lamb,1,Noun,,lamb,1
"agnōscō, agnōscere, agnōvī, agnitum",to recognize,1,Verb,,to recognize,1
"agō, agere, ēgī, āctum","to drive; to do; to pass {(of time)}; come! {(as the {{interjection}} *age*, *agite*)}",11,Verb,,"to drive ‖ to do ‖ to pass {(of time)} ‖ come! {(as the {{interjection}} *age*, *agite*)}",1
"agricola, agricolae, {m.}",farmer,1,Noun,,farmer,1
aiō,to say,9,Verb,,to say,1
"āla, ālae, {f.}",wing,7,Noun,,wing,1
"Alba, Albae, {f.}","Alba {(Alba Longa, ancient city in Latium founded by descendants of Aeneas)}",1,Noun,,"Alba {(Alba Longa, ancient city in Latium founded by descendants of Aeneas)}",1
"Albānus, Albāna, Albānum","Alban {(relating to Alba Longa, an ancient Latin city)}",1,"Noun, Adjective",,"Alban {(relating to Alba Longa, an ancient Latin city)}",1
"albēscō, albēscere",to become white,1,Verb,,to become white,1
"albus, alba, album",white,2,Adjective,,white,1
"āles, ālitis, {m./f.}","bird; eagle {(of Jupiter's bird, *Iovis ales*)}",2,Noun,,"bird ‖ eagle {(of Jupiter's bird, *Iovis ales*)}",1
"alga, algae, {f.}",seaweed,1,Noun,,seaweed,1
"aliēnus, aliēna, aliēnum",belonging to another,1,Adjective,,belonging to another,1
"aliquī, aliquae, aliquod",some,3,Adjective,,some,1
"aliquis, aliquid","someone, something",2,Pronoun,,"someone, something",1
aliter,otherwise,3,Adverb,,otherwise,1
"alius, alia, aliud",other,5,Adjective,,other,1
"alligō, alligāre, alligāvī, alligātum",to bind,1,Verb,,to bind,1
"alloquor, alloquī, allocūtus sum",to speak to,2,Verb,,to speak to,1
"almus, alma, almum",nourishing,1,Adjective,,nourishing,1
"alter, altera, alterum","the other {(of two)}; {(when doubled, *alter... alter*)} the one... the other; a second",13,Adjective,,"the other {(of two)} ‖ {(when doubled, *alter... alter*)} the one... the other ‖ a second",1
"altum, altī, {n.}",the deep sea,4,Noun,,the deep sea,1
"altus, alta, altum","high; deep; the open sea {(when used as a {{neuter}} {{substantive}} *altum, -ī*)}",16,Adjective,,"high ‖ deep ‖ the open sea {(when used as a {{neuter}} {{substantive}} *altum, -ī*)}",1
"amāns, {(gen.)} amantis",loving; lover {(as a {{substantive}})},2,Adjective,,loving ‖ lover {(as a {{substantive}})},1
"amārus, amāra, amārum",bitter,1,Adjective,,bitter,1
"ambāgēs, ambāgis, {f.}",roundabout way,3,Noun,,roundabout way,1
"ambiguus, ambigua, ambiguum",uncertain,1,Adjective,,uncertain,1
"ambō, ambae, ambō",both,2,Adjective,,both,1
"ambrosius, ambrosia, ambrosium","divine {(from Greek ambrotos, ""immortal"")}; fragrant",1,Adjective,,"divine {(from Greek ambrotos, ""immortal"")} ‖ fragrant",1
"amictus, amictūs, {m.}",cloak,2,Noun,,cloak,1
"amīcus, amīca, amīcum",friendly,1,Adjective,,friendly,1
"āmittō, āmittere, āmīsī, āmissum",to lose,2,Verb,,to lose,1
"amō, amāre, amāvī, amātum",to love,11,Verb,,to love,1
"amor, amōris, {m.}",love; Cupid {(personified as the god of love)},39,Noun,,love ‖ Cupid {(personified as the god of love)},1
"amplector, amplectī, amplexus sum",to embrace,3,Verb,,to embrace,1
an,"or {(in a {{question}}, introducing an alternative)}",6,Conjunction,,"or {(in a {{question}}, introducing an alternative)}",1
"anceps, {(gen.)} ancipitis",two-headed; two-sided; uncertain,1,Adjective,,two-headed ‖ two-sided ‖ uncertain,1
"Anchīsēs, Anchīsae, {m.}",Anchises {(father of Aeneas)},2,Noun,,Anchises {(father of Aeneas)},1
"Androgeōs, Androgeī, {m.}","Androgeos {(son of Minos, killed in Attica; his death caused the tribute of youths to the Minotaur)}",1,Noun,,"Androgeos {(son of Minos, killed in Attica; his death caused the tribute of youths to the Minotaur)}",1
"anguis, anguis, {m.}",snake,1,Noun,,snake,1
"anhēlitus, anhēlitūs, {m.}",panting,1,Noun,,panting,1
"anhēlō, anhēlāre, anhēlāvī, anhēlātum",to pant; to breathe out {(of fire)},1,Verb,,to pant ‖ to breathe out {(of fire)},1
"anīlis, anīle",of an old woman,1,Adjective,,of an old woman,1
"anima, animae, {f.}",breath; life; soul,2,Noun,,breath ‖ life ‖ soul,1
"animal, animālis, {n.}",animal,1,Noun,,animal,1
"animus, animī, {m.}","mind; heart {(figuratively, the seat of feeling)}; courage",15,Noun,,"mind ‖ heart {(figuratively, the seat of feeling)} ‖ courage",1
"Anna, Annae, {f.}","Anna {(sister and confidante of Dido, queen of Carthage)}",3,Noun,,"Anna {(sister and confidante of Dido, queen of Carthage)}",1
"annālis, annāle",annual; chronicle {(as a {{substantive}})},1,Adjective,,annual ‖ chronicle {(as a {{substantive}})},1
"annō, annāre, annāvī, annātum",to swim to,1,Verb,,to swim to,1
"annuō, annuere, annuī",to nod assent; to grant,2,Verb,,to nod assent ‖ to grant,1
"annus, annī, {m.}",year,3,Noun,,year,1
ante,"{(with the {{accusative}})} before; previously {(as a temporal {{adverb}})}; ahead {(as a spatial {{adverb}})}; sooner {(in the pairing *ante ... quam*, ""sooner ... than""; cf. the {{conjunction}} *antequam*, ""before"")}",17,"Adverb, Preposition",,"{(with the {{accusative}})} before ‖ previously {(as a temporal {{adverb}})} ‖ ahead {(as a spatial {{adverb}})} ‖ sooner {(in the pairing *ante ... quam*, ""sooner ... than""; cf. the {{conjunction}} *antequam*, ""before"")}",1
"Antēnor, Antēnoris, {m.}",Antenor {(Trojan elder who escaped Troy and founded Padua)},1,Noun,,Antenor {(Trojan elder who escaped Troy and founded Padua)},1
"antīquus, antīqua, antīquum",ancient,4,Adjective,,ancient,1
"antrum, antrī, {n.}",cave,2,Noun,,cave,1
"aper, aprī, {m.}",wild boar,1,Noun,,wild boar,1
"apertus, aperta, apertum",open,1,Adjective,,open,1
"Apollineus, Apollinea, Apollineum",of Apollo,1,Adjective,,of Apollo,1
"Apollō, Apollinis, {m.}","Apollo {(god of prophecy, music, and the sun; pursues Daphne)}",1,Noun,,"Apollo {(god of prophecy, music, and the sun; pursues Daphne)}",1
"appellō, appellere, appulī, appulsum",to drive to,1,Verb,,to drive to,1
"applicō, applicāre, applicāvī, applicātum",to attach,1,Verb,,to attach,1
"aptō, aptāre, aptāvī, aptātum",to fit,1,Verb,,to fit,1
"aptus, apta, aptum",suitable,2,Adjective,,suitable,1
"aqua, aquae, {f.}",water,12,Noun,,water,1
"aquila, aquilae, {f.}",eagle,1,Noun,,eagle,1
"Aquilō, Aquilōnis, {m.}",north wind,2,Noun,,north wind,1
"āra, ārae, {f.}",altar,7,Noun,,altar,1
"arātor, arātōris, {m.}",plowman,1,Noun,,plowman,1
"arbitrium, arbitriī, {n.}",judgment; control,1,Noun,,judgment ‖ control,1
"arbor, arboris, {f.}","tree; ship {(by {{metonymy}}, of timber used to build it)}",9,Noun,,"tree ‖ ship {(by {{metonymy}}, of timber used to build it)}",1
"arboreus, arborea, arboreum",of a tree,1,Adjective,,of a tree,1
"arcānus, arcāna, arcānum",secret,2,Adjective,,secret,1
"arceō, arcēre, arcuī",to keep away,1,Verb,,to keep away,1
"Arctos, Arctī, {f.}",the Bear {(constellation (Ursa Major/Minor) associated with the north)}; the north {(by {{metonymy}})},1,Noun,,the Bear {(constellation (Ursa Major/Minor) associated with the north)} ‖ the north {(by {{metonymy}})},1
"arcus, arcūs, {m.}",bow,2,Noun,,bow,1
"ārdeō, ārdēre, ārsī, ārsum",to burn,4,Verb,,to burn,1
"ārdor, ārdōris, {m.}",heat,1,Noun,,heat,1
"arduus, ardua, arduum",steep; tall {(of trees or things rising to a height)},1,Adjective,,steep ‖ tall {(of trees or things rising to a height)},1
"argentum, argentī, {n.}",silver,1,Noun,,silver,1
"Argī, Argōrum, {m. pl.}",Argos {(a city in Greece (Argolis))},1,Noun,,Argos {(a city in Greece (Argolis))},1
"Argō, Argūs, {f.}",Argo {(the ship that carried Jason and the Argonauts)},1,Noun,,Argo {(the ship that carried Jason and the Argonauts)},1
"ariēs, arietis, {m.}",ram,1,Noun,,ram,1
"arista, aristae, {f.}",ear of grain,1,Noun,,ear of grain,1
"arma, armōrum, {n. pl.}",weapons; armor; war {(by {{metonymy}} in poetry)},13,Noun,,weapons ‖ armor ‖ war {(by {{metonymy}} in poetry)},1
"armentum, armentī, {n.}",herd,1,Noun,,herd,1
"arō, arāre, arāvī, arātum",to plow,1,Verb,,to plow,1
"ars, artis, {f.}",skill,7,Noun,,skill,1
"artifex, artificis, {m.}",craftsman,0,Noun,,craftsman,1
"artus, artūs, {m.}",limb,3,Noun,,limb,1
"artus, arta, artum",tight,1,Adjective,,tight,1
"arvum, arvī, {n.}",field,8,Noun,,field,1
"arx, arcis, {f.}",citadel; height {(of a mountain or peak)},7,Noun,,citadel ‖ height {(of a mountain or peak)},1
"Ascanius, Ascaniī, {m.}",Ascanius {(son of Aeneas; also called Iulus)},6,Noun,,Ascanius {(son of Aeneas; also called Iulus)},1
"Asia, Asiae, {f.}","Asia {(Asia Minor, region in the eastern Mediterranean)}",1,Noun,,"Asia {(Asia Minor, region in the eastern Mediterranean)}",1
"aspectus, aspectūs, {m.}",sight,1,Noun,,sight,1
"asper, aspera, asperum",rough; harsh,3,Adjective,,rough ‖ harsh,1
"aspergō, asperginis, {f.}",spray,1,Noun,,spray,1
"aspiciō, aspicere, aspexī, aspectum",to look at,5,Verb,,to look at,1
"Assaracus, Assaracī, {m.}","Assaracus {(early Trojan king, ancestor of Aeneas)}",1,Noun,,"Assaracus {(early Trojan king, ancestor of Aeneas)}",1
"asserō, asserere, asseruī, assertum",to claim,1,Verb,,to claim,1
"assurgō, assurgere, assurrēxī, assurrēctum",to rise up,1,Verb,,to rise up,1
"astō, astāre, astitī",to stand near,2,Verb,,to stand near,1
"astrum, astrī, {n.}",star,2,Noun,,star,1
at,"but {(used to introduce a sharp, sudden, or dramatic contrast, whereas *sed* introduces a standard restriction or qualification)}",13,Conjunction,,"but {(used to introduce a sharp, sudden, or dramatic contrast, whereas *sed* introduces a standard restriction or qualification)}",1
"āter, ātra, ātrum",black,4,Adjective,,black,1
"atque, ac",and,21,Conjunction,,and,1
"ātrium, ātriī, {n.}",atrium,1,Noun,,atrium,1
"attineō, attinēre, attinuī, attentum","to hold fast; to pertain to {({{impersonal}}, *quid attinet?* = what does it matter?)}",1,Verb,,"to hold fast ‖ to pertain to {({{impersonal}}, *quid attinet?* = what does it matter?)}",1
"attollō, attollere",to lift up,3,Verb,,to lift up,1
"attonitus, attonita, attonitum",stunned,0,Adjective,,stunned,1
"avārus, avāra, avārum",greedy,1,Adjective,,greedy,1
"auctor, auctōris, {m.}",originator,2,Noun,,originator,1
"audāx, {(gen.)} audācis",bold,4,Adjective,,bold,1
"audeō, audēre, ausus sum",to dare,5,Verb,,to dare,1
"audiō, audīre, audīvī, audītum",to hear,9,Verb,,to hear,1
"āvellō, āvellere, āvellī, āvulsum",to tear away,1,Verb,,to tear away,1
"avēna, avēnae, {f.}",oats; reed {(of a shepherd's pipe)},1,Noun,,oats ‖ reed {(of a shepherd's pipe)},1
"āversor, āversārī, āversātus sum",to turn away from,1,Verb,,to turn away from,1
"āvertō, āvertere, āvertī, āversum",to turn away,1,Verb,,to turn away,1
"auferō, auferre, abstulī, ablātum",to take away,2,Verb,,to take away,1
"augeō, augēre, auxī, auctum",to increase,2,Verb,,to increase,1
"augurium, auguriī, {n.}",augury {(the act or art of reading omens)},1,Noun,,augury {(the act or art of reading omens)},1
"Augustus, Augusta, Augustum",Augustan {(of the emperor Augustus)},1,Adjective,,Augustan {(of the emperor Augustus)},1
"avidus, avida, avidum",eager,1,Adjective,,eager,1
"avis, avis, {f.}",bird,1,Noun,,bird,1
"avītus, avīta, avītum",ancestral,1,Adjective,,ancestral,1
"āvius, āvia, āvium",trackless,1,Adjective,,trackless,1
"aula, aulae, {f.}",palace,1,Noun,,palace,1
"aura, aurae, {f.}",breeze; air,11,Noun,,breeze ‖ air,1
"aurātus, aurāta, aurātum",gilded,1,Adjective,,gilded,1
"aureus, aurea, aureum",golden,4,Adjective,,golden,1
"auris, auris, {f.}",ear,6,Noun,,ear,1
"Aurōra, Aurōrae, {f.}",dawn; Aurora {(the goddess of the dawn)},2,Noun,,dawn ‖ Aurora {(the goddess of the dawn)},1
"aurum, aurī, {n.}",gold,5,Noun,,gold,1
"Ausonius, Ausonia, Ausonium","Ausonian {(poetic {{adjective}} meaning Italian, referring to Italy/Ausonia (land of Aeneas' destined kingdom))}",1,Adjective,,"Ausonian {(poetic {{adjective}} meaning Italian, referring to Italy/Ausonia (land of Aeneas' destined kingdom))}",1
"auspicium, auspiciī, {n.}","omen, auspices {(from *avis* + *-spic-* (root of *aspiciō*, *cōnspiciō*), ""to watch birds"" — one of the ways the Romans really did read the omens)}; the right to take the auspices {(a commander's prerogative before acting)}; authority",1,Noun,,"omen, auspices {(from *avis* + *-spic-* (root of *aspiciō*, *cōnspiciō*), ""to watch birds"" — one of the ways the Romans really did read the omens)} ‖ the right to take the auspices {(a commander's prerogative before acting)} ‖ authority",1
aut,"or; {(when repeated, *aut... aut*)} either... or",27,Conjunction,,"or ‖ {(when repeated, *aut... aut*)} either... or",1
"autumnus, autumnī, {m.}",autumn,0,Noun,,autumn,1
"avus, avī, {m.}",grandfather,1,Noun,,grandfather,1
"auxilium, auxiliī, {n.}",help,3,Noun,,help,1
"Babylōnius, Babylōnia, Babylōnium",Babylonian,1,Adjective,,Babylonian,1
"bacchor, bacchārī, bacchātus sum",to rave,1,Verb,,to rave,1
"baculum, baculī, {n.}",staff,1,Noun,,staff,1
"barbaricus, barbarica, barbaricum",foreign,1,Adjective,,foreign,1
"barbarus, barbara, barbarum",foreign,1,Adjective,,foreign,1
"Barcē, Barcēs, {f.}","Barce {(nurse of Sychaeus, mentioned in the Aeneid)}",1,Noun,,"Barce {(nurse of Sychaeus, mentioned in the Aeneid)}",1
"beātus, beāta, beātum",#blessed,1,Adjective,,#blessed,1
"bellum, bellī, {n.}",war,10,Noun,,war,1
bene,"well; [[*bene merērī dē* ""to deserve well of"" → ""to do {someone} a service""]]",6,Adverb,,"well ‖ [[*bene merērī dē* ""to deserve well of"" → ""to do {someone} a service""]]",1
"benignus, benigna, benignum",kind,1,Adjective,,kind,1
"bibō, bibere, bibī",to drink,2,Verb,,to drink,1
"bidēns, bidentis, {f.}",sacrificial sheep,1,Noun,,sacrificial sheep,1
"bifōrmis, bifōrme",having two forms,1,Adjective,,having two forms,1
"bimaris, bimare",lying between two seas,1,Adjective,,lying between two seas,1
"bīnī, bīnae, bīna",two each; two,1,Numeral,,two each ‖ two,1
bis,twice,4,Adverb,,twice,1
"blanditia, blanditiae, {f.}","tenderness and coaxing; {(in the {{plural}},)} endearments",2,Noun,,"tenderness and coaxing ‖ {(in the {{plural}},)} endearments",1
"blandus, blanda, blandum",tender and coaxing,1,Adjective,,tender and coaxing,1
"optimus, optima, optimum",best,1,Adjective,,best,1
"Boōtēs, Boōtae, {m.}","Boötes {(constellation, 'the Herdsman')}",1,Noun,,"Boötes {(constellation, 'the Herdsman')}",1
"bōs, bovis, {m./f.}",ox,3,Noun,,ox,1
"bracchium, bracchiī, {n.}",arm,3,Noun,,arm,1
"brevis, breve","short; slight {(of expense)}; {({{adverb}}, *breviter*)} briefly",4,Adjective,,"short ‖ slight {(of expense)} ‖ {({{adverb}}, *breviter*)} briefly",1
"bustum, bustī, {n.}",tomb,1,Noun,,tomb,1
"buxum, buxī, {n.}",boxwood,1,Noun,,boxwood,1
"Byrsa, Byrsae, {f.}","Byrsa {(the citadel of Carthage, named for the oxhide used to measure its land)}",1,Noun,,"Byrsa {(the citadel of Carthage, named for the oxhide used to measure its land)}",1
"cacūmen, cacūminis, {n.}",tip,2,Noun,,tip,1
"cadō, cadere, cecidī, cāsum",to fall; to die; to set {(of heavenly bodies)},7,Verb,,to fall ‖ to die ‖ to set {(of heavenly bodies)},1
"caecus, caeca, caecum",blind; hidden,3,Adjective,,blind ‖ hidden,1
"caedēs, caedis, {f.}",slaughter,4,Noun,,slaughter,1
"caedō, caedere, cecīdī, caesum",to strike,1,Verb,,to strike,1
"caelestis, caeleste","heavenly; the gods {({{substantive}}, {{plural}})}",3,Adjective,,"heavenly ‖ the gods {({{substantive}}, {{plural}})}",1
"caelum, caelī, {n.}",sky,13,Noun,,sky,1
"caeruleus, caerulea, caeruleum",blue,3,Adjective,,blue,1
"Caesar, Caesaris, {m.}",Caesar {(the cognomen shared by both Julius and his adoptive son Augustus -- and all subsequent Roman emperors)},1,Noun,,Caesar {(the cognomen shared by both Julius and his adoptive son Augustus -- and all subsequent Roman emperors)},1
"caleō, calēre, caluī",to be warm,1,Verb,,to be warm,1
"callidus, callida, callidum",clever,1,Adjective,,clever,1
"Calymnē, Calymnēs, {f.}","Calymne {(an Aegean island near Icarus' flight path, mentioned in Ovid's Daedalus/Icarus story)}",1,Noun,,"Calymne {(an Aegean island near Icarus' flight path, mentioned in Ovid's Daedalus/Icarus story)}",1
"campus, campī, {m.}",field,1,Noun,,field,1
"candeō, candēre, canduī",to shine white,1,Verb,,to shine white,1
"canis, canis, {m./f.}",dog,2,Noun,,dog,1
"canō, canere, cecinī, cantum",to sing; to tell of,3,Verb,,to sing ‖ to tell of,1
"cantō, cantāre, cantāvī, cantātum",to sing,1,Verb,,to sing,1
"cantus, cantūs, {m.}",song; incantation {(of magic spells)},2,Noun,,song ‖ incantation {(of magic spells)},1
"cānus, cāna, cānum","white; white-haired, old",1,Adjective,,"white ‖ white-haired, old",1
"capessō, capessere, capessīvī, capessītum",to seize eagerly; to make one's way to {(of a place)},1,Verb,,to seize eagerly ‖ to make one's way to {(of a place)},1
"capillus, capillī, {m.}",hair,6,Noun,,hair,1
"capiō, capere, cēpī, captum",to take; to captivate {(of the mind or heart)},9,Verb,,to take ‖ to captivate {(of the mind or heart)},1
"Capitōlium, Capitōliī, {n.}",Capitol {(the temple of Jupiter on the Capitoline hill at Rome)},1,Noun,,Capitol {(the temple of Jupiter on the Capitoline hill at Rome)},1
"captīvus, captīva, captīvum",captive,1,Adjective,,captive,1
"captō, captāre, captāvī, captātum",to grasp at,3,Verb,,to grasp at,1
"caput, capitis, {n.}","head; person {(by {{metonymy}}, of an individual's life or self)}",8,Noun,,"head ‖ person {(by {{metonymy}}, of an individual's life or self)}",1
"carbasus, carbasī, {f.}",fine linen; sail {(by {{metonymy}})},1,Noun,,fine linen ‖ sail {(by {{metonymy}})},1
"cardō, cardinis, {m.}",hinge,1,Noun,,hinge,1
"careō, carēre, caruī, caritum",{(with the {{ablative|ablative-of-separation}})} to lack,3,Verb,,{(with the {{ablative|ablative-of-separation}})} to lack,1
"carīna, carīnae, {f.}",keel; ship {(by {{synecdoche}})},2,Noun,,keel ‖ ship {(by {{synecdoche}})},1
"carmen, carminis, {n.}",song; verse {(of an inscription)},3,Noun,,song ‖ verse {(of an inscription)},1
"carpō, carpere, carpsī, carptum",to pluck; to take bit by bit; to make one's way; to breathe {(of air)},3,Verb,,to pluck ‖ to take bit by bit ‖ to make one's way ‖ to breathe {(of air)},1
"Carthāgō, Carthāginis, {f.}",Carthago {(city in North Africa founded by Dido)},2,Noun,,Carthago {(city in North Africa founded by Dido)},1
"cārus, cāra, cārum",dear,6,Adjective,,dear,1
"castra, castrōrum, {n. pl.}",military camp,2,Noun,,military camp,1
"cāsus, cāsūs, {m.}",fall; an occurrence; chance; misfortune,5,Noun,,fall ‖ an occurrence ‖ chance ‖ misfortune,1
"cavō, cavāre, cavāvī, cavātum",to hollow out,1,Verb,,to hollow out,1
"causa, causae, {f.}",cause,9,Noun,,cause,1
"Cecropidēs, Cecropidae, {m.}","Cecropides {(a descendant of Cecrops, i.e. an Athenian (patronymic))}",1,Noun,,"Cecropides {(a descendant of Cecrops, i.e. an Athenian (patronymic))}",1
"cēdō, cēdere, cessī, cessum",{(with the {{ablative|ablative-of-separation}})} to withdraw; {(with the {{dative|dative-with-special-verbs}})} to yield {(to be inferior)},3,Verb,,{(with the {{ablative|ablative-of-separation}})} to withdraw ‖ {(with the {{dative|dative-with-special-verbs}})} to yield {(to be inferior)},1
"celebrō, celebrāre, celebrāvī, celebrātum","to crowd, frequent; to make more frequent; to quicken {(of one's step, *gradum*)}",1,Verb,,"to crowd, frequent ‖ to make more frequent ‖ to quicken {(of one's step, *gradum*)}",1
"celer, celeris, celere",swift,3,Adjective,,swift,1
"celerō, celerāre, celerāvī, celerātum",to hasten,1,Verb,,to hasten,1
"cēlō, cēlāre, cēlāvī, cēlātum",to hide,2,Verb,,to hide,1
"celsus, celsa, celsum",high,1,Adjective,,high,1
"cēnseō, cēnsēre, cēnsuī, cēnsum","to assess; to reckon, think",1,Verb,,"to assess ‖ to reckon, think",1
centum,hundred,3,Numeral,,hundred,1
"cēra, cērae, {f.}",wax,4,Noun,,wax,1
"Cerēs, Cereris, {f.}",Ceres {(goddess of agriculture and grain)},1,Noun,,Ceres {(goddess of agriculture and grain)},1
"cernō, cernere, crēvī, crētum",to see,3,Verb,,to see,1
"cērō, cērāre, cērāvī, cērātum",to coat with wax,1,Verb,,to coat with wax,1
"certus, certa, certum","certain, sure {(settled, fixed)}; resolved, determined {(of a person, with an {{infinitive}})}; {({{adverb}}, *certē*)} certainly",15,Adjective,,"certain, sure {(settled, fixed)} ‖ resolved, determined {(of a person, with an {{infinitive}})} ‖ {({{adverb}}, *certē*)} certainly",1
"cerva, cervae, {f.}",doe,2,Noun,,doe,1
"cervīx, cervīcis, {f.}",neck,3,Noun,,neck,1
"Chalcidicus, Chalcidica, Chalcidicum","Chalcidian {(of Chalcis, a Greek city; associated with Cumae's Euboean settlers (in the Daedalus temple passage))}",1,Adjective,,"Chalcidian {(of Chalcis, a Greek city; associated with Cumae's Euboean settlers (in the Daedalus temple passage))}",1
"charta, chartae, {f.}",sheet of papyrus,0,Noun,,sheet of papyrus,1
"cingō, cingere, cīnxī, cīnctum",to surround,3,Verb,,to surround,1
"cinis, cineris, {m.}",ashes,4,Noun,,ashes,1
circum,around,2,Adverb,,around,1
"circumdō, circumdare, circumdedī, circumdatum",to surround,1,Verb,,to surround,1
"cithara, citharae, {f.}",lyre,1,Noun,,lyre,1
cito,quickly,1,Adverb,,quickly,1
"citō, citāre, citāvī, citātum",to summon,1,Verb,,to summon,1
"citus, cita, citum",swift,3,Adjective,,swift,1
clam,secretly,1,Adverb,,secretly,1
"clāmō, clāmāre, clāmāvī, clāmātum",to shout,4,Verb,,to shout,1
"clāmor, clāmōris, {m.}",shout,2,Noun,,shout,1
"Claros, Clarī, {f.}",Claros {(a town in Ionia famous for its oracle of Apollo)},1,Noun,,Claros {(a town in Ionia famous for its oracle of Apollo)},1
"clārus, clāra, clārum",bright; loud {(of sound)}; famous,2,Adjective,,bright ‖ loud {(of sound)} ‖ famous,1
"classis, classis, {f.}",fleet,7,Noun,,fleet,1
"claudō, claudere, clausī, clausum",to close,6,Verb,,to close,1
"clīvus, clīvī, {m.}",slope,1,Noun,,slope,1
"Cnōsius, Cnōsia, Cnōsium","Cnossian {(relating to Knossos, chief city of Crete)}",1,Adjective,,"Cnossian {(relating to Knossos, chief city of Crete)}",1
"coctilis, coctile",made of baked brick,1,Adjective,,made of baked brick,1
"coeō, coīre, coiī, coitum",to come together; to be united in marriage,3,Verb,,to come together ‖ to be united in marriage,1
"coepī, coepisse, coeptum",began {(only past tense)},5,Verb,,began {(only past tense)},1
"coeptum, coeptī, {n.}",undertaking,2,Noun,,undertaking,1
"coerceō, coercēre, coercuī, coercitum",to confine,1,Verb,,to confine,1
"coetus, coetūs, {m.}",gathering,1,Noun,,gathering,1
"Coeus, Coeī, {m.}","Coeus {(a Titan, father of Latona)}",1,Noun,,"Coeus {(a Titan, father of Latona)}",1
"cōgitō, cōgitāre, cōgitāvī, cōgitātum",to think,1,Verb,,to think,1
"cognōmen, cognōminis, {n.}",surname,1,Noun,,surname,1
"cognōscō, cognōscere, cognōvī, cognitum",to learn; to recognize,3,Verb,,to learn ‖ to recognize,1
"cōgō, cōgere, coēgī, coāctum",to force,2,Verb,,to force,1
"Colchī, Colchōrum, {m. pl.}","Colchians {(people of Colchis, the Black Sea homeland of Medea and the Golden Fleece)}",4,Noun,,"Colchians {(people of Colchis, the Black Sea homeland of Medea and the Golden Fleece)}",1
"collābor, collābī, collāpsus sum",to collapse,1,Verb,,to collapse,1
"colligō, colligere, collēgī, collēctum",to gather,1,Verb,,to gather,1
"colloquor, colloquī, collocūtus",to talk with,0,Verb,,to talk with,1
"collum, collī, {n.}",neck,2,Noun,,neck,1
"colō, colere, coluī, cultum",to cultivate; to inhabit; to worship {(of the gods)},2,Verb,,to cultivate ‖ to inhabit ‖ to worship {(of the gods)},1
"colōnus, colōnī, {m.}",farmer; settler,1,Noun,,farmer ‖ settler,1
"color, colōris, {m.}",color,3,Noun,,color,1
"columba, columbae, {f.}",dove,1,Noun,,dove,1
"coma, comae, {f.}",hair,8,Noun,,hair,1
"comes, comitis, {m./f.}",companion,4,Noun,,companion,1
"comitor, comitārī, comitātus sum",to accompany,2,Verb,,to accompany,1
"committō, committere, commīsī, commissum",to bring together; to commit {(of an offense or wrong)},1,Verb,,to bring together ‖ to commit {(of an offense or wrong)},1
"commoveō, commovēre, commōvī, commōtum",to stir up,1,Verb,,to stir up,1
"commūnis, commūne",shared,2,Adjective,,shared,1
"cōmō, cōmere, cōmpsī, cōmptum",to arrange (hair),1,Verb,,to arrange (hair),1
"compāgēs, compāgis, {f.}",joint,1,Noun,,joint,1
"compellō, compellere, compulī, compulsum",to drive together,1,Verb,,to drive together,1
"compescō, compescere, compescuī",to restrain,1,Verb,,to restrain,1
"complector, complectī, complexus sum",to embrace,1,Verb,,to embrace,1
"complexus, complexūs, {m.}",embrace,1,Noun,,embrace,1
"compōnō, compōnere, composuī, compositum",to put together; to lay to rest,6,Verb,,to put together ‖ to lay to rest,1
"comprehendō, comprehendere, comprehendī, comprēnsum",to grasp,1,Verb,,to grasp,1
"comprimō, comprimere, compressī, compressum",to press together,1,Verb,,to press together,1
"concēdō, concēdere, concessī, concessum",to yield,1,Verb,,to yield,1
"concidō, concidere, concidī",to fall down,1,Verb,,to fall down,1
"concinō, concinere, concinuī",to sing together; to sing,1,Verb,,to sing together ‖ to sing,1
"concitō, concitāre, concitāvī, concitātum",to stir up,1,Verb,,to stir up,1
"concordō, concordāre, concordāvī, concordātum",to be in harmony,1,Verb,,to be in harmony,1
"concubitus, concubitūs, {m.}",sexual intercourse,1,Noun,,sexual intercourse,1
"concutiō, concutere, concussī, concussum",to shake violently,1,Verb,,to shake violently,1
"condō, condere, condidī, conditum",to put away; to hide; to bury; to found,5,Verb,,to put away ‖ to hide ‖ to bury ‖ to found,1
"cōnectō, cōnectere, cōnexuī, cōnexum",to join together,1,Verb,,to join together,1
"cōnferō, cōnferre, contulī, collātum",to bring together,1,Verb,,to bring together,1
"cōnficiō, cōnficere, cōnfēcī, cōnfectum",to finish; to wear out,1,Verb,,to finish ‖ to wear out,1
"cōniciō, cōnicere, cōniēcī, cōniectum",to hurl,1,Verb,,to hurl,1
"coniugium, coniugiī, {n.}",marriage,2,Noun,,marriage,1
"coniūnx, coniugis, {m./f.}",spouse,10,Noun,,spouse,1
"cōnor, cōnārī, cōnātus sum",to try,1,Verb,,to try,1
"cōnscendō, cōnscendere, cōnscendī, cōnscēnsum",to climb; to board,2,Verb,,to climb ‖ to board,1
"cōnscius, cōnscia, cōnscium",having knowledge in common; confidant {(as a {{substantive}})}; bearing witness,5,Adjective,,having knowledge in common ‖ confidant {(as a {{substantive}})} ‖ bearing witness,1
"cōnserō, cōnserere, cōnseruī, cōnsertum","to join together; [[*cōnserere manūs* ""to join hands"" → ""to fight hand-to-hand""]]",1,Verb,,"to join together ‖ [[*cōnserere manūs* ""to join hands"" → ""to fight hand-to-hand""]]",1
"cōnsīdō, cōnsīdere, cōnsēdī, cōnsessum",to settle,1,Verb,,to settle,1
"cōnsilium, cōnsiliī, {n.}",plan,1,Noun,,plan,1
"cōnsistō, cōnsistere, cōnstitī",to stop,4,Verb,,to stop,1
"cōnspiciō, cōnspicere, cōnspexī, cōnspectum",to catch sight of,1,Verb,,to catch sight of,1
"cōnstantia, cōnstantiae, {f.}",steadfastness,1,Noun,,steadfastness,1
"cōnstituō, cōnstituere, cōnstituī, cōnstitūtum",to establish; to decide {(with {{infinitive}})},2,Verb,,to establish ‖ to decide {(with {{infinitive}})},1
"cōnstruō, cōnstruere, cōnstrūxī, cōnstrūctus",to construct,0,Verb,,to construct,1
"cōnsulō, cōnsulere, cōnsuluī, cōnsultum",to consult; {(with the {{dative|dative-with-special-verbs}})} to have regard for {(of a person's interests)},2,Verb,,to consult ‖ {(with the {{dative|dative-with-special-verbs}})} to have regard for {(of a person's interests)},1
"cōnsūmō, cōnsūmere, cōnsūmpsī, cōnsūmptum",to use up; to destroy,2,Verb,,to use up ‖ to destroy,1
"cōnsurgō, cōnsurgere, cōnsurrēxī, cōnsurrēctum",to rise up,1,Verb,,to rise up,1
"contentus, contenta, contentum","content, satisfied",2,Adjective,,"content, satisfied",1
"conterminus, contermina, conterminum",{(with the {{dative}})} bordering upon,1,Adjective,,{(with the {{dative}})} bordering upon,1
"contiguus, contigua, contiguum",adjoining,1,Adjective,,adjoining,1
"contineō, continēre, continuī, contentum",to hold together; to restrain,2,Verb,,to hold together ‖ to restrain,1
"contingō, contingere, contigī, contāctum","to touch; {(with the {{dative|dative-with-compounds}})} to obtain {(the person who obtains is {{dative}} and the thing obtained is the {{subject}}: *domus Cicerōnī contingit*, ""Cicero obtains a home"")}",2,Verb,,"to touch ‖ {(with the {{dative|dative-with-compounds}})} to obtain {(the person who obtains is {{dative}} and the thing obtained is the {{subject}}: *domus Cicerōnī contingit*, ""Cicero obtains a home"")}",1
contrā,opposite; in reply; {(with the {{accusative}})} against,4,"Adverb, Preposition",,opposite ‖ in reply ‖ {(with the {{accusative}})} against,1
"contrārius, contrāria, contrārium",opposite,2,Adjective,,opposite,1
"contundō, contundere, contudī, contūsum",to crush,1,Verb,,to crush,1
"cōnūbium, cōnūbiī, {n.}",marriage,4,Noun,,marriage,1
"convellō, convellere, convellī, convulsum",to tear away,1,Verb,,to tear away,1
"conveniō, convenīre, convēnī, conventum",to come together; {(with the {{dative|dative-with-compounds}})} to suit {(of things agreeing or fitting)},3,Verb,,to come together ‖ {(with the {{dative|dative-with-compounds}})} to suit {(of things agreeing or fitting)},1
"convexum, convexī, {n.}",vault,1,Noun,,vault,1
"convīvium, convīviī, {n.}",banquet,1,Noun,,banquet,1
"cor, cordis, {n.}",heart,2,Noun,,heart,1
"cornū, cornūs, {n.}",horn,3,Noun,,horn,1
"corpus, corporis, {n.}",body; corpse,16,Noun,,body ‖ corpse,1
"corripiō, corripere, corripuī, correptum",to snatch up,1,Verb,,to snatch up,1
"cortex, corticis, {m.}",bark,1,Noun,,bark,1
"cothurnus, cothurnī, {m.}",buskin,1,Noun,,buskin,1
"crēdō, crēdere, crēdidī, crēditum",to believe; to entrust,5,Verb,,to believe ‖ to entrust,1
"crēdulitās, crēdulitātis, {f.}",credulity,1,Noun,,credulity,1
"Creōn, Creontis, {m.}",Creon {(king of Corinth; father of the bride Jason abandons Medea for)},1,Noun,,Creon {(king of Corinth; father of the bride Jason abandons Medea for)},1
"crepitō, crepitāre, crepitāvī, crepitātum",to rattle,1,Verb,,to rattle,1
"crēscō, crēscere, crēvī, crētum","to grow; {(with the {{ablative|ablative-of-origin}}, {{perfect}} {{participle}} *crētus*)} descended",5,Verb,,"to grow ‖ {(with the {{ablative|ablative-of-origin}}, {{perfect}} {{participle}} *crētus*)} descended",1
"Crēsius, Crēsia, Crēsium",Cretan,1,Adjective,,Cretan,1
"Crētē, Crētēs, {f.}","Crete {(large island in the Aegean, kingdom of Minos, associated with Daedalus)}",1,Noun,,"Crete {(large island in the Aegean, kingdom of Minos, associated with Daedalus)}",1
"Creūsa, Creūsae, {f.}","Creusa {(daughter of Creon, Jason's new bride)}; {(distinct from *Creūsa*, the wife of Aeneas)}",1,Noun,,"Creusa {(daughter of Creon, Jason's new bride)} ‖ {(distinct from *Creūsa*, the wife of Aeneas)}",1
"crīmen, crīminis, {n.}",accusation; fault,3,Noun,,accusation ‖ fault,1
"crīnis, crīnis, {m.}",hair,2,Noun,,hair,1
"crīspō, crīspāre, crīspāvī, crīspātum","to curl; to brandish {(of a weapon, causing it to quiver)}",1,Verb,,"to curl ‖ to brandish {(of a weapon, causing it to quiver)}",1
"croceus, crocea, croceum",saffron-colored,1,Adjective,,saffron-colored,1
"cruciātus, cruciātūs, {m.}",torment,0,Noun,,torment,1
"crūdēlis, crūdēle",cruel,8,Adjective,,cruel,1
"cruentō, cruentāre, cruentāvī, cruentātum",to stain with blood,1,Verb,,to stain with blood,1
"cruentus, cruenta, cruentum",bloody,2,Adjective,,bloody,1
"cruor, cruōris, {m.}","blood, gore",5,Noun,,"blood, gore",1
"crūs, crūris, {n.}",leg,1,Noun,,leg,1
"crūstulum, crūstulī, {n.}",cookie,0,Noun,,cookie,1
"cubīle, cubīlis, {n.}","bed, couch",2,Noun,,"bed, couch",1
"cubō, cubāre, cubuī, cubitum",to lie down,1,Verb,,to lie down,1
"culmen, culminis, {n.}",summit; roof,2,Noun,,summit ‖ roof,1
"culpa, culpae, {f.}",fault,4,Noun,,fault,1
"culpō, culpāre, culpāvī, culpātum",to blame,1,Verb,,to blame,1
"cultor, cultōris, {m.}",cultivator; one who tends; worshipper {(of gods)},2,Noun,,cultivator ‖ one who tends ‖ worshipper {(of gods)},1
"cultus, cultūs, {m.}",cultivation,1,Noun,,cultivation,1
cum {(preposition)},{(with the {{ablative|ablative-with-prepositions}})} with,11,Preposition,,{(with the {{ablative|ablative-with-prepositions}})} with,1
cum {(conjunction)},"when; {(causal, with the {{subjunctive}})} since",17,Conjunction,,"when ‖ {(causal, with the {{subjunctive}})} since",1
"cūnctus, cūncta, cūnctum",all,3,Adjective,,all,1
"cupīdō, cupīdinis, {f.}",desire; Cupid {(the god of love)},3,Noun,,desire ‖ Cupid {(the god of love)},1
"cupiō, cupere, cupīvī, cupītum",to desire,4,Verb,,to desire,1
cūr,why,4,Adverb,,why,1
"cūra, cūrae, {f.}",care; anxiety,10,Noun,,care ‖ anxiety,1
"cūrō, cūrāre, cūrāvī, cūrātum",to take care of,2,Verb,,to take care of,1
"currō, currere, cucurrī, cursum",to run,3,Verb,,to run,1
"cursus, cursūs, {m.}",running; course,4,Noun,,running ‖ course,1
"curvāmen, curvāminis, {n.}",curve,1,Noun,,curve,1
"cuspis, cuspidis, {f.}",point,1,Noun,,point,1
"custōdiō, custōdīre, custōdīvī, custōdītus",to guard,0,Verb,,to guard,1
"custōs, custōdis, {m./f.}",guard,4,Noun,,guard,1
"cycnus, cycnī, {m.}",swan,1,Noun,,swan,1
"Cytherēa, Cytherēae, {f.}","Cytherea {(epithet of Venus, goddess of love; mother of Aeneas)}",1,Noun,,"Cytherea {(epithet of Venus, goddess of love; mother of Aeneas)}",1
"Cytheriacus, Cytheriaca, Cytheriacum","Cytherean {(of Cythera, epithet of Venus)}",1,Adjective,,"Cytherean {(of Cythera, epithet of Venus)}",1
"Daedalus, Daedalī, {m.}",Daedalus {(Athenian craftsman who built the Labyrinth and made wings to escape Crete with his son Icarus)},3,Noun,,Daedalus {(Athenian craftsman who built the Labyrinth and made wings to escape Crete with his son Icarus)},1
"damnō, damnāre, damnāvī, damnātum",to condemn,1,Verb,,to condemn,1
"damnōsus, damnōsa, damnōsum",destructive,1,Adjective,,destructive,1
"damnum, damnī, {n.}",damage,1,Noun,,damage,1
"Daphnē, Daphnēs, {f.}","Daphne {(nymph pursued by Apollo, transformed into a laurel tree)}",2,Noun,,"Daphne {(nymph pursued by Apollo, transformed into a laurel tree)}",1
"Dardania, Dardaniae, {f.}","Dardania {(poetic name for Troy, the Trojans' homeland)}",1,Noun,,"Dardania {(poetic name for Troy, the Trojans' homeland)}",1
"Dardanius, Dardania, Dardanium","Trojan {(epithet referring to Dardanus, mythical ancestor of the Trojan royal line, hence Trojan/Aeneas's people)}",3,Adjective,,"Trojan {(epithet referring to Dardanus, mythical ancestor of the Trojan royal line, hence Trojan/Aeneas's people)}",1
"Dardanus, Dardana, Dardanum","Dardanian {(Trojan; relating to Dardanus, legendary ancestor of the Trojan royal line)}",2,Adjective,,"Dardanian {(Trojan; relating to Dardanus, legendary ancestor of the Trojan royal line)}",1
dē,{(with the {{ablative|ablative-with-prepositions}})} down from; from {(of source or origin)}; concerning; according to,9,Preposition,{(with the {{ablative|ablative-with-prepositions}})},down from ‖ from {(of source or origin)} ‖ concerning ‖ according to,1
"dea, deae, {f.}",goddess,9,Noun,,goddess,1
"dēbeō, dēbēre, dēbuī, dēbitum",to owe; ought {(with an accompanying {{infinitive}})},8,Verb,,to owe ‖ ought {(with an accompanying {{infinitive}})},1
"dēcēdō, dēcēdere, dēcessī, dēcessum",to go away,1,Verb,,to go away,1
"decēns, {(gen.)} decentis","fitting, appropriate; lovely",1,Adjective,,"fitting, appropriate ‖ lovely",1
"decet, decēre, decuit",it is fitting,2,Verb,,it is fitting,1
"dēcipiō, dēcipere, dēcēpī, dēceptum",to deceive,3,Verb,,to deceive,1
"dēclīnō, dēclīnāre, dēclīnāvī, dēclīnātum",to turn aside,1,Verb,,to turn aside,1
"dēclīvis, dēclīve",sloping downward,1,Adjective,,sloping downward,1
"decor, decōris, {m.}",beauty,2,Noun,,beauty,1
"decōrus, decōra, decōrum","fitting, seemly; comely",1,Adjective,,"fitting, seemly ‖ comely",1
"dēdignor, dēdignārī, dēdignātus sum",to disdain,2,Verb,,to disdain,1
"dēdūcō, dēdūcere, dēdūxī, dēductus",to lead down,0,Verb,,to lead down,1
"dēfendō, dēfendere, dēfendī, dēfēnsus",to defend,0,Verb,,to defend,1
"dēferō, dēferre, dētulī, dēlātum",to carry down,1,Verb,,to carry down,1
"dēficiō, dēficere, dēfēcī, dēfectum",to fail,1,Verb,,to fail,1
"dēfīgō, dēfīgere, dēfīxī, dēfīxum",to fix firmly,1,Verb,,to fix firmly,1
"dēfluō, dēfluere, dēflūxī, dēflūxum",to flow down,1,Verb,,to flow down,1
dehinc,"then {(next in sequence, “thereupon”)}",1,Adverb,,"then {(next in sequence, “thereupon”)}",1
"dēlectō, dēlectāre, dēlectāvī, dēlectātus",to delight,0,Verb,,to delight,1
"dēleō, dēlēre, dēlēvī, dēlētus",to wipe out,0,Verb,,to wipe out,1
"Dēlius, Dēlia, Dēlium","Delian {(epithet meaning 'of Delos' (birthplace island), applied to Apollo or Diana)}",1,Adjective,,"Delian {(epithet meaning 'of Delos' (birthplace island), applied to Apollo or Diana)}",1
"Dēlos, Dēlī, {f.}","Delos {(Aegean island, birthplace of Apollo and Diana)}",1,Noun,,"Delos {(Aegean island, birthplace of Apollo and Diana)}",1
"Delphicus, Delphica, Delphicum","Delphic {(pertaining to Delphi, the site of Apollo's oracle)}",1,Adjective,,"Delphic {(pertaining to Delphi, the site of Apollo's oracle)}",1
"dēlūbrum, dēlūbrī, {n.}",shrine,3,Noun,,shrine,1
"dēmēns, {(gen.)} dēmentis",out of one's mind,1,Adjective,,out of one's mind,1
"dēmissus, dēmissa, dēmissum",lowered,1,Adjective,,lowered,1
"dēmittō, dēmittere, dēmīsī, dēmissum","to let down; to plunge {(of a weapon)}; {(of lineage, {{perfect}} {{participle}} *dēmissus*)} descended",3,Verb,,"to let down ‖ to plunge {(of a weapon)} ‖ {(of lineage, {{perfect}} {{participle}} *dēmissus*)} descended",1
"dēmō, dēmere, dēmpsī, dēmptum",to take away,3,Verb,,to take away,1
"dēmōnstrō, dēmōnstrāre, dēmōnstrāvī, dēmōnstrātus",to point out,0,Verb,,to point out,1
"dēnī, dēnae, dēna",ten each,1,Numeral,,ten each,1
dēnique,finally,1,Adverb,,finally,1
"dēns, dentis, {m.}",tooth,1,Noun,,tooth,1
"dēpōnō, dēpōnere, dēposuī, dēpositum",to put down; to get rid of,1,Verb,,to put down ‖ to get rid of,1
"dēprehendō, dēprehendere, dēprehendī, dēprehēnsum",to catch,1,Verb,,to catch,1
"dēserō, dēserere, dēseruī, dēsertum",to abandon,5,Verb,,to abandon,1
"dēsertus, dēserta, dēsertum",deserted,1,Adjective,,deserted,1
"dēsinō, dēsinere, dēsiī, dēsitum",to stop,1,Verb,,to stop,1
"dēspectō, dēspectāre, dēspectāvī, dēspectātum",to look down upon,1,Verb,,to look down upon,1
"dēspiciō, dēspicere, dēspexī, dēspectum",to look down on,1,Verb,,to look down on,1
"dēstruō, dēstruere, dēstrūxī, dēstrūctum",to demolish,1,Verb,,to demolish,1
"dēsum, dēesse, dēfuī",{(with the {{dative|dative-with-special-verbs}})} to be lacking,2,Verb,,{(with the {{dative|dative-with-special-verbs}})} to be lacking,1
"dētineō, dētinēre, dētinuī, dētentum",to hold back,2,Verb,,to hold back,1
"dētorqueō, dētorquēre, dētorsī, dētortum",to turn aside,1,Verb,,to turn aside,1
"dētrahō, dētrahere, dētrāxī, dētractum",to pull down; to remove {(of blame or guilt)},1,Verb,,to pull down ‖ to remove {(of blame or guilt)},1
"dēveniō, dēvenīre, dēvēnī, dēventum",to arrive at,2,Verb,,to arrive at,1
"dēvoveō, dēvovēre, dēvōvī, dēvōtum","to devote; to curse {(by the *dēvōtiō* rite, consigning a person or thing to the gods below)}",2,Verb,,"to devote ‖ to curse {(by the *dēvōtiō* rite, consigning a person or thing to the gods below)}",1
"deus, deī, {m.}",god,33,Noun,,god,1
"dexter, dextra, dextrum","right {(as opposed to left)}; the right hand {(when used as a {{feminine}} {{substantive}} *dextra, -ae*)}; pledge {(metaphorically, of faith or alliance in the idiom *data dextra*, a pledged right hand)}",12,Adjective,,"right {(as opposed to left)} ‖ the right hand {(when used as a {{feminine}} {{substantive}} *dextra, -ae*)} ‖ pledge {(metaphorically, of faith or alliance in the idiom *data dextra*, a pledged right hand)}",1
"dextra, dextrae, {f.}",right hand,1,Noun,,right hand,1
"Diāna, Diānae, {f.}",Diana {(goddess of the hunt and the moon)},3,Noun,,Diana {(goddess of the hunt and the moon)},1
"diciō, diciōnis, {f.}",power,1,Noun,,power,1
"dīcō, dīcere, dīxī, dictum",to say; to call {(in the sense of naming)},36,Verb,,to say ‖ to call {(in the sense of naming)},1
"Dictaeus, Dictaea, Dictaeum","Dictaean {(of Mount Dicte, in Crete)}",1,Adjective,,"Dictaean {(of Mount Dicte, in Crete)}",1
"dictum, dictī, {n.}",word,2,Noun,,word,1
"Dīdō, Dīdōnis, {f.}",Dido {(the queen of Carthage)},17,Noun,,Dido {(the queen of Carthage)},1
"diēs, diēī, {m./f.}",day,7,Noun,,day,1
"diffundō, diffundere, diffūdī, diffūsum",to spread out,2,Verb,,to spread out,1
"digitus, digitī, {m.}",finger,2,Noun,,finger,1
"dignor, dignārī, dignātus sum","to deem worthy {(the one deemed worthy is {{accusative|accusative-as-direct-object}}, what they are worthy of {{ablative|ablative-with-verbs-of-giving}}: *Cicerōnem dignor honōre*, ""I deem Cicero worthy of honour"")}; {(with an {{infinitive}})} to deign, to see fit",2,Verb,,"to deem worthy {(the one deemed worthy is {{accusative|accusative-as-direct-object}}, what they are worthy of {{ablative|ablative-with-verbs-of-giving}}: *Cicerōnem dignor honōre*, ""I deem Cicero worthy of honour"")} ‖ {(with an {{infinitive}})} to deign, to see fit",1
"dignus, digna, dignum",worthy,1,Adjective,,worthy,1
"dīgredior, dīgredī, dīgressus sum",to depart,1,Verb,,to depart,1
"dīlacerō, dīlacerāre, dīlacerāvī, dīlacerātum",to tear to pieces,1,Verb,,to tear to pieces,1
"dīlaniō, dīlaniāre, dīlaniāvī, dīlaniātum",to tear to pieces,1,Verb,,to tear to pieces,1
"dīligō, dīligere, dīlēxī, dīlēctum",to love,1,Verb,,to love,1
"dīmittō, dīmittere, dīmīsī, dīmissum",to send away,1,Verb,,to send away,1
"Dīrae, Dīrārum, {f. pl.}","Dirae {(the Furies, avenging goddesses)}",1,Noun,,"Dirae {(the Furies, avenging goddesses)}",1
"dērigō, dērigere, dērēxī, dērēctum",to direct,1,Verb,,to direct,1
"dīripiō, dīripere, dīripuī, dīreptum",to tear apart,1,Verb,,to tear apart,1
"dīrus, dīra, dīrum",dreadful,2,Adjective,,dreadful,1
"discēdō, discēdere, discessī, discessum",to depart,1,Verb,,to depart,1
"disiciō, disicere, disiēcī, disiectum",to scatter,1,Verb,,to scatter,1
"disiungō, disiungere, disiūnxī, disiūnctum",to separate,1,Verb,,to separate,1
"dispār, {(gen.)} disparis",unequal,1,Adjective,,unequal,1
"dispēnsō, dispēnsāre, dispēnsāvī, dispēnsātum",to distribute,1,Verb,,to distribute,1
"dissideō, dissidēre, dissēdī",to differ,1,Verb,,to differ,1
"dissimulō, dissimulāre, dissimulāvī, dissimulātum",to conceal,1,Verb,,to conceal,1
"distineō, distinēre, distinuī, distentum",to keep apart,1,Verb,,to keep apart,1
diū,for a long time,2,Adverb,,for a long time,1
"dīva, dīvae, {f.}",goddess,1,Noun,,goddess,1
"dīvellō, dīvellere, dīvellī, dīvulsum",to tear apart,2,Verb,,to tear apart,1
"dīversus, dīversa, dīversum",turned apart; scattered; distant {(of seas or places)}; opposite,4,Adjective,,turned apart ‖ scattered ‖ distant {(of seas or places)} ‖ opposite,1
"dīves, {(gen.)} dīvitis",rich,2,Adjective,,rich,1
"dīvīnus, dīvīna, dīvīnum",divine,1,Adjective,,divine,1
"dīvus, dīva, dīvum",divine; god {(as a {{substantive}})},1,Adjective,,divine ‖ god {(as a {{substantive}})},1
"dō, dare, dedī, datum",to give; to allow {(with an accompanying {{infinitive}})}; to inflict {(of wounds)}; to establish {(of laws)}; to press {(of kisses)}; to shed {(of tears)}; to utter {(of sound or song)}; to provide {(of a path or way)}; to bear {(of childbirth)}; to throw {(used {{reflexively|reflexive}} with *super*)},47,Verb,,to give ‖ to allow {(with an accompanying {{infinitive}})} ‖ to inflict {(of wounds)} ‖ to establish {(of laws)} ‖ to press {(of kisses)} ‖ to shed {(of tears)} ‖ to utter {(of sound or song)} ‖ to provide {(of a path or way)} ‖ to bear {(of childbirth)} ‖ to throw {(used {{reflexively|reflexive}} with *super*)},1
"doceō, docēre, docuī, doctum","to teach; {(as an {{adjective}}, *doctus*)} learned",3,Verb,,"to teach ‖ {(as an {{adjective}}, *doctus*)} learned",1
"doleō, dolēre, doluī, dolitum",to feel pain,1,Verb,,to feel pain,1
"dolor, dolōris, {m.}",pain; grief,4,Noun,,pain ‖ grief,1
"dolus, dolī, {m.}",trick,1,Noun,,trick,1
"dominor, dominārī, dominātus sum",{(with the {{dative|dative-with-special-verbs}})} to rule,1,Verb,,{(with the {{dative|dative-with-special-verbs}})} to rule,1
"dominus, dominī, {m.}",master,2,Noun,,master,1
"domus, domūs, {f.}",house,14,Noun,,house,1
dōnec,until,2,Conjunction,,until,1
"dōnō, dōnāre, dōnāvī, dōnātum",to give,1,Verb,,to give,1
"dōnum, dōnī, {n.}",gift,2,Noun,,gift,1
"dōs, dōtis, {f.}",dowry,6,Noun,,dowry,1
"dōtālis, dōtāle",of a dowry,1,Adjective,,of a dowry,1
"dracō, dracōnis, {m.}",serpent,1,Noun,,serpent,1
"dubitō, dubitāre, dubitāvī, dubitātum",to hesitate,2,Verb,,to hesitate,1
"dubius, dubia, dubium",doubtful,3,Adjective,,doubtful,1
"dūcō, dūcere, dūxī, ductum",to lead; to draw {(of lots)}; to form {(of a crack)},8,Verb,,to lead ‖ to draw {(of lots)} ‖ to form {(of a crack)},1
"ductor, ductōris, {m.}",leader,1,Noun,,leader,1
"dulcis, dulce",sweet; dear,4,Adjective,,sweet ‖ dear,1
dum,while {(with {{indicative}})}; until {(with {{subjunctive}})}; provided that {(with {{subjunctive}})},18,Conjunction,,while {(with {{indicative}})} ‖ until {(with {{subjunctive}})} ‖ provided that {(with {{subjunctive}})},1
"duo, duae, duo",two,6,Adjective,,two,1
"dūritia, dūritiae, {f.}",hardness,1,Noun,,hardness,1
"dūrō, dūrāre, dūrāvī, dūrātum",to harden; to last,1,Verb,,to harden ‖ to last,1
"dūrus, dūra, dūrum",hard; harsh,3,Adjective,,hard ‖ harsh,1
"dux, ducis, {m./f.}",leader,6,Noun,,leader,1
"ebur, eboris, {n.}",ivory,1,Noun,,ivory,1
ecce,behold,3,Interjection,,behold,1
"ēdiscō, ēdiscere, ēdidicī",to memorize,1,Verb,,to memorize,1
"edō, edere, ēdī, ēsum",to eat,2,Verb,,to eat,1
"ēdō, ēdere, ēdidī, ēditum",to put forth,1,Verb,,to put forth,1
"ēdūcō, ēdūcere, ēdūxī, ēductus",to draw out,0,Verb,,to draw out,1
"efferō, efferre, extulī, ēlātum",to carry out; to raise up,1,Verb,,to carry out ‖ to raise up,1
"efferus, effera, efferum",savage,1,Adjective,,savage,1
"efficiō, efficere, effēcī, effectum","to bring about; to make {(with a double {{predicate}}, *effice mē tuum*)}",1,Verb,,"to bring about ‖ to make {(with a double {{predicate}}, *effice mē tuum*)}",1
"effingō, effingere, effīnxī, effictum",to fashion,1,Verb,,to fashion,1
"effluō, effluere, efflūxī",to flow out,0,Verb,,to flow out,1
"effor, effārī, effātus sum",to utter,1,Verb,,to utter,1
"effugiō, effugere, effūgī",to escape,1,Verb,,to escape,1
"effundō, effundere, effūdī, effūsum",to pour out,3,Verb,,to pour out,1
"egēns, egentis",needy,1,Adjective,,needy,1
"ego, meī, mihī̆, mē, mē","I, me {({{personal pronoun}}, {{singular}})}",92,Pronoun,,"I, me {({{personal pronoun}}, {{singular}})}",1
"ēgredior, ēgredī, ēgressus sum",to go out,2,Verb,,to go out,1
ei,"alas {(with the {{dative}}, as *ei mihi*)}",2,Interjection,,"alas {(with the {{dative}}, as *ei mihi*)}",1
"ēiaculor, ēiaculārī, ēiaculātus sum",to shoot forth,1,Verb,,to shoot forth,1
"ēiciō, ēicere, ēiēcī, ēiectum",to throw out,2,Verb,,to throw out,1
"ēlābor, ēlābī, ēlāpsus sum",to slip away,4,Verb,,to slip away,1
"ēlīdō, ēlīdere, ēlīsī, ēlīsum",to knock out; to crush,2,Verb,,to knock out ‖ to crush,1
"Elissa, Elissae, {f.}","Elissa {(another name for Dido, queen of Carthage, loved by Aeneas)}",4,Noun,,"Elissa {(another name for Dido, queen of Carthage, loved by Aeneas)}",1
"ēmicō, ēmicāre, ēmicuī, ēmicātum",to spring forth,1,Verb,,to spring forth,1
"ēmineō, ēminēre, ēminuī",to stand out,1,Verb,,to stand out,1
"emō, emere, ēmī, ēmptum",to buy,1,Verb,,to buy,1
ēn,behold,1,Interjection,,behold,1
"Enceladus, Enceladī, {m.}",Enceladus {(a giant buried under Mount Etna)},1,Noun,,Enceladus {(a giant buried under Mount Etna)},1
enim,"you see, and here's why {(never the first word of its clause, indicates that what follows is the cause of what precedes)}; {(in rhetorical questions)} after all; {(in the phrase *sed enim*)} but in fact, but as it happens",8,Conjunction,,"you see, and here's why {(never the first word of its clause, indicates that what follows is the cause of what precedes)} ‖ {(in rhetorical questions)} after all ‖ {(in the phrase *sed enim*)} but in fact, but as it happens",1
"ēnō, ēnāre, ēnāvī, ēnātum",to swim away,1,Verb,,to swim away,1
"ēnsis, ēnsis, {m.}",sword,7,Noun,,sword,1
"ēnumerō, ēnumerāre, ēnumerāvī, ēnumerātum",to enumerate,1,Verb,,to enumerate,1
"eō, īre, īvī / iī, itum",to go,21,Verb,,to go,1
"Ephyrē, Ephyrēs, {f.}",Ephyrē {(old poetic name for Corinth)},1,Noun,,Ephyrē {(old poetic name for Corinth)},1
"epulor, epulārī, epulātus sum",to feast,1,Verb,,to feast,1
equidem,indeed {(chiefly with a verb in the first {{person}})},4,Adverb,,indeed {(chiefly with a verb in the first {{person}})},1
"equus, equī, {m.}",horse,3,Noun,,horse,1
"ērigō, ērigere, ērēxī, ērēctum",to raise up,1,Verb,,to raise up,1
"ēripiō, ēripere, ēripuī, ēreptum",to snatch away,2,Verb,,to snatch away,1
"errō, errāre, errāvī, errātum",to wander; to err,4,Verb,,to wander ‖ to err,1
"error, errōris, {m.}",wandering; error {(of a moral or intellectual fault)},2,Noun,,wandering ‖ error {(of a moral or intellectual fault)},1
"ērudiō, ērudīre, ērudīvī, ērudītum",to teach,1,Verb,,to teach,1
et,"and; also {(as an emphatic {{adverb}})}; even {(as an emphatic {{adverb}})}; {(when repeated, *et... et*)} both... and",201,Conjunction,,"and ‖ also {(as an emphatic {{adverb}})} ‖ even {(as an emphatic {{adverb}})} ‖ {(when repeated, *et... et*)} both... and",1
etiam,even,5,"Adverb, Conjunction",,even,1
etiamsī,even if,0,Conjunction,,even if,1
"ēveniō, ēvenīre, ēvēnī, ēventum",to happen,1,Verb,,to happen,1
"ēvertō, ēvertere, ēvertī, ēversum",to overturn,1,Verb,,to overturn,1
"Eumenidēs, Eumenidum, {f. pl.}","Eumenides {(the Furies, avenging goddesses of the underworld)}",1,Noun,,"Eumenides {(the Furies, avenging goddesses of the underworld)}",1
"ēvolvō, ēvolvere, ēvolvī, ēvolūtum",to unroll,1,Verb,,to unroll,1
"Eurōpa, Eurōpae, {f.}",Europa {(Phoenician princess abducted by Jupiter in the form of a bull)}; Europe {(the continent)},1,Noun,,Europa {(Phoenician princess abducted by Jupiter in the form of a bull)} ‖ Europe {(the continent)},1
"Eurus, Eurī, {m.}","Eurus {(the east wind, personified)}",2,Noun,,"Eurus {(the east wind, personified)}",1
"ē, ex","{(with the {{ablative|ablative-with-prepositions}})} out of; of {(equivalent to a {{partitive genitive|286}})}; [[*ex aequō* ""from the level"" → ""on equal terms""]]",9,Preposition,{(with the {{ablative|ablative-with-prepositions}})},"out of ‖ of {(equivalent to a {{partitive genitive|286}})} ‖ [[*ex aequō* ""from the level"" → ""on equal terms""]]",1
"exaudiō, exaudīre, exaudīvī, exaudītum",to hear clearly,1,Verb,,to hear clearly,1
"excēdō, excēdere, excessī, excessum",to depart,2,Verb,,to depart,1
"excidō, excidere, excidī",to fall out; to be forgotten {(of memory)},1,Verb,,to fall out ‖ to be forgotten {(of memory)},1
"excipiō, excipere, excēpī, exceptum",to catch; to take up; to succeed to,2,Verb,,to catch ‖ to take up ‖ to succeed to,1
"exeō, exīre, exiī, exitum",to go out,3,Verb,,to go out,1
"exerceō, exercēre, exercuī, exercitum",to practice; to keep busy; to torment {(with *odiis*)},3,Verb,,to practice ‖ to keep busy ‖ to torment {(with *odiis*)},1
"exhorrēscō, exhorrēscere, exhorruī",to shudder,1,Verb,,to shudder,1
"exigō, exigere, exēgī, exāctum","to drive out; to exact {(of punishment, *poenās*)}; to carry through to the end; to ascertain",3,Verb,,"to drive out ‖ to exact {(of punishment, *poenās*)} ‖ to carry through to the end ‖ to ascertain",1
"exiguus, exigua, exiguum",small; brief {(of time)},2,Adjective,,small ‖ brief {(of time)},1
"exorior, exorīrī, exortus sum",to arise,1,Verb,,to arise,1
"exōsus, exōsa, exōsum",hating,1,Adjective,,hating,1
"expallēscō, expallēscere, expalluī",to turn pale,2,Verb,,to turn pale,1
"expediō, expedīre, expedīvī, expedītum",to set free; to make ready,1,Verb,,to set free ‖ to make ready,1
"expellō, expellere, expulī, expulsus",to drive out,0,Verb,,to drive out,1
"experior, experīrī, expertus sum",to test,1,Verb,,to test,1
"expers, {(gen.)} expertis",lacking,1,Adjective,,lacking,1
"expleō, explēre, explēvī, explētum",to fill up,1,Verb,,to fill up,1
"explōrō, explōrāre, explōrāvī, explōrātum",to investigate,1,Verb,,to investigate,1
"exposcō, exposcere, expoposcī",to demand,1,Verb,,to demand,1
"exprobrō, exprobrāre, exprobrāvī, exprobrātum",to reproach,1,Verb,,to reproach,1
"exquīrō, exquīrere, exquīsīvī, exquīsītum",to search out,1,Verb,,to search out,1
"exsilium, exsiliī, {n.}",exile,2,Noun,,exile,1
"exsolvō, exsolvere, exsolvī, exsolūtum",to release,1,Verb,,to release,1
"exstinguō, exstinguere, exstīnxī, exstīnctum",to put out; to destroy,3,Verb,,to put out ‖ to destroy,1
"exsul, exsulis, {m./f.}",exile,1,Noun,,exile,1
"exta, extōrum, {n. pl.}",entrails,1,Noun,,entrails,1
extemplō,immediately,1,Adverb,,immediately,1
"extendō, extendere, extendī, extēnsum",to stretch out,1,Verb,,to stretch out,1
"exter, extera, exterum",foreign,1,Adjective,,foreign,1
"extimēscō, extimēscere, extimuī",to fear greatly,1,Verb,,to fear greatly,1
"extorris, extorre",exiled,1,Adjective,,exiled,1
"extrahō, extrahere, extrāxī, extractus",to drag out,0,Verb,,to drag out,1
"extrēmus, extrēma, extrēmum",farthest; last,3,Adjective,,farthest ‖ last,1
"exuō, exuere, exuī, exūtum",to take off,1,Verb,,to take off,1
"exuviae, exuviārum, {f. pl.}","things stripped off {(esp. clothing or armor)}; {(in battle, the armor stripped from a beaten enemy — a hero's trophy,)} spoils",2,Noun,,"things stripped off {(esp. clothing or armor)} ‖ {(in battle, the armor stripped from a beaten enemy — a hero's trophy,)} spoils",1
"faciēs, faciēī, {f.}",appearance,2,Noun,,appearance,1
"facilis, facile",easy; favorable {(of gods)},1,Adjective,,easy ‖ favorable {(of gods)},1
"facinus, facinoris, {n.}",deed,1,Noun,,deed,1
"faciō, facere, fēcī, factum",to make; to do,17,Verb,,to make ‖ to do,1
"factum, factī, {n.}",deed,6,Noun,,deed,1
"fallō, fallere, fefellī, falsum",to deceive,8,Verb,,to deceive,1
"falsus, falsa, falsum",false,3,Adjective,,false,1
"fāma, fāmae, {f.}",rumor; reputation; Fame {(personified as a goddess)},10,Noun,,rumor ‖ reputation ‖ Fame {(personified as a goddess)},1
"fās, fās, {n.}",divine law,1,Noun,,divine law,1
"fastīgium, fastīgiī, {n.}",top,1,Noun,,top,1
"fātālis, fātāle",fated,1,Adjective,,fated,1
"fateor, fatērī, fassus sum","to confess, admit",1,Verb,,"to confess, admit",1
"fatīgō, fatīgāre, fatīgāvī, fatīgātum",to weary,2,Verb,,to weary,1
"fātum, fātī, {n.}",fate; death {(in the {{plural}} *fāta*)},16,Noun,,fate ‖ death {(in the {{plural}} *fāta*)},1
"fax, facis, {f.}",torch,4,Noun,,torch,1
"fēcundus, fēcunda, fēcundum",fertile,1,Adjective,,fertile,1
"fēlīx, {(gen.)} fēlīcis","happy, lucky",5,Adjective,,"happy, lucky",1
"fēmina, fēminae, {f.}",woman,3,Noun,,woman,1
"fēmineus, fēminea, fēmineum",of a woman,1,Adjective,,of a woman,1
"fera, ferae, {f.}",wild animal,5,Noun,,wild animal,1
"feriō, ferīre",to strike,1,Verb,,to strike,1
"ferō, ferre, tulī, lātum","to bring, bear, carry; to say, report {(in the {{passive}})}",19,Verb,,"to bring, bear, carry ‖ to say, report {(in the {{passive}})}",1
"ferōx, {(gen.)} ferōcis",fierce,2,Adjective,,fierce,1
"ferreus, ferrea, ferreum",made of iron,1,Adjective,,made of iron,1
"ferrum, ferrī, {n.}",iron; sword {(by {{metonymy}} in poetry)},11,Noun,,iron ‖ sword {(by {{metonymy}} in poetry)},1
"ferveō, fervēre, ferbuī",to boil,1,Verb,,to boil,1
"ferus, fera, ferum",wild,4,Adjective,,wild,1
"festīnō, festīnāre, festīnāvī, festīnātus",to hurry,0,Verb,,to hurry,1
"fētus, fētūs, {m.}",offspring; fruit {(of plants)},2,"Noun, Adjective",,offspring ‖ fruit {(of plants)},1
"fidēs, fideī, {f.}",trust; Faith {(personified as the goddess of good faith)}; pledge,7,Noun,,trust ‖ Faith {(personified as the goddess of good faith)} ‖ pledge,1
"fīdus, fīda, fīdum",faithful,1,Adjective,,faithful,1
"fīgō, fīgere, fīxī, fīxum",to fasten; to pierce; to plant {(of kisses)},6,Verb,,to fasten ‖ to pierce ‖ to plant {(of kisses)},1
"figūra, figūrae, {f.}",shape,1,Noun,,shape,1
"fīlia, fīliae, {f.}",daughter,1,Noun,,daughter,1
"fīlius, fīliī, {m.}",son,2,Noun,,son,1
"fīlum, fīlī, {n.}",thread,2,Noun,,thread,1
"findō, findere, fidī, fissum",to split,2,Verb,,to split,1
"fingō, fingere, fīnxī, fictum",to mold; to imagine; to invent {(of lies or charges)}; {({{perfect}} {{participle}} *fictus*)} false,5,Verb,,to mold ‖ to imagine ‖ to invent {(of lies or charges)} ‖ {({{perfect}} {{participle}} *fictus*)} false,1
"fīniō, fīnīre, fīnīvī / fīniī, fīnītum",to limit; to end,2,Verb,,to limit ‖ to end,1
"fīnis, fīnis, {m.}","end; boundary; territory {({{plural}}, of a land's borders)}",7,Noun,,"end ‖ boundary ‖ territory {({{plural}}, of a land's borders)}",1
"fīnitimus, fīnitima, fīnitimum",neighboring,1,Adjective,,neighboring,1
"fīō, fierī, factus sum",to be made,1,Verb,,to be made,1
"firmus, firma, firmum",steady,0,Adjective,,steady,1
"fistula, fistulae, {f.}",pipe,2,Noun,,pipe,1
"flāmen, flāminis, {n.}",blast of wind,1,Noun,,blast of wind,1
"flamma, flammae, {f.}",flame,11,Noun,,flame,1
"flammeus, flammea, flammeum",fiery,1,Adjective,,fiery,1
"flammō, flammāre, flammāvī, flammātum",to set on fire,1,Verb,,to set on fire,1
"flāveō, flāvēre",to be golden-yellow,1,Verb,,to be golden-yellow,1
"flāvus, flāva, flāvum",golden-yellow,2,Adjective,,golden-yellow,1
"flēbilis, flēbile",lamentable,1,Adjective,,lamentable,1
"flectō, flectere, flexī, flexum",to bend,2,Verb,,to bend,1
"fleō, flēre, flēvī, flētum",to weep,2,Verb,,to weep,1
"flētus, flētūs, {m.}",weeping,1,Noun,,weeping,1
"flūctus, flūctūs, {m.}",wave,5,Noun,,wave,1
"flūmen, flūminis, {n.}",river,1,Noun,,river,1
"fluō, fluere, flūxī, flūxum",to flow,1,Verb,,to flow,1
"fluviālis, fluviāle",of a river,1,Adjective,,of a river,1
"focus, focī, {m.}",hearth,1,Noun,,hearth,1
"foedus, foederis, {n.}",treaty,3,Noun,,treaty,1
"foedus, foeda, foedum",foul,1,Adjective,,foul,1
"fōns, fontis, {m.}",spring,3,Noun,,spring,1
"for, fārī, fātus sum",to speak,3,Verb,,to speak,1
"forāmen, forāminis, {n.}",hole,1,Noun,,hole,1
"foris, foris, {f.}",door,4,Noun,,door,1
"fōrma, fōrmae, {f.}",shape; beauty,3,Noun,,shape ‖ beauty,1
"fōrmōsus, fōrmōsa, fōrmōsum",beautiful,2,Adjective,,beautiful,1
"fors, fortis, {f.}","chance; {(adverbial {{ablative}}, *forte*)} by chance",8,Noun,,"chance ‖ {(adverbial {{ablative}}, *forte*)} by chance",1
forsitan,perhaps {(with the {{subjunctive}})},2,Adverb,,perhaps {(with the {{subjunctive}})},1
fortasse,perhaps,1,Adverb,,perhaps,1
forte,by chance,2,Adverb,,by chance,1
"fortis, forte",strong; brave,3,Adjective,,strong ‖ brave,1
"fortūna, fortūnae, {f.}",fortune,4,Noun,,fortune,1
"forus, forī, {m.}",gangway of a ship,1,Noun,,gangway of a ship,1
"foveō, fovēre, fōvī, fōtum",to keep warm; to cherish,2,Verb,,to keep warm ‖ to cherish,1
"fragilis, fragile",fragile,0,Adjective,,fragile,1
"frāter, frātris, {m.}",brother,11,Noun,,brother,1
"frāternus, frāterna, frāternum",of a brother,1,Adjective,,of a brother,1
"fraudō, fraudāre, fraudāvī, fraudātum","to cheat {(the person cheated is {{accusative|accusative-as-direct-object}}, the thing lost {{ablative|ablative-of-separation}}: *Cicerōnem triumphō fraudō*, ""I cheat Cicero of a triumph"")}",1,Verb,,"to cheat {(the person cheated is {{accusative|accusative-as-direct-object}}, the thing lost {{ablative|ablative-of-separation}}: *Cicerōnem triumphō fraudō*, ""I cheat Cicero of a triumph"")}",1
"fraudulentus, fraudulenta, fraudulentum",deceitful,0,Adjective,,deceitful,1
"fraus, fraudis, {f.}",deceit,3,Noun,,deceit,1
"fremō, fremere, fremuī, fremitum",to roar,2,Verb,,to roar,1
frequenter,often,1,Adverb,,often,1
"fretum, fretī, {n.}",strait,5,Noun,,strait,1
"frīgidus, frīgida, frīgidum",cold,0,Adjective,,cold,1
"frīgus, frīgoris, {n.}",cold,1,Noun,,cold,1
"frōns, frondis, {f.}",foliage,4,Noun,,foliage,1
"frūctus, frūctūs, {m.}",fruit; benefit,1,Noun,,fruit ‖ benefit,1
"frūmentum, frūmentī, {n.}",grain,0,Noun,,grain,1
"fruor, fruī, frūctus sum",{(with the {{ablative|ablative-with-special-verbs}})} to enjoy,3,Verb,,{(with the {{ablative|ablative-with-special-verbs}})} to enjoy,1
frūstrā,in vain,1,Adverb,,in vain,1
"fuga, fugae, {f.}",flight,10,Noun,,flight,1
"fugāx, {(gen.)} fugācis",quick to flee,1,Adjective,,quick to flee,1
"fugiō, fugere, fūgī, fugitum",to flee; to avoid,16,Verb,,to flee ‖ to avoid,1
"fugō, fugāre, fugāvī, fugātum",to put to flight,2,Verb,,to put to flight,1
"fulgeō, fulgēre, fulsī",to shine,2,Verb,,to shine,1
"fulmen, fulminis, {n.}",thunderbolt,2,Noun,,thunderbolt,1
"fulvus, fulva, fulvum",tawny,1,Adjective,,tawny,1
"fūmōsus, fūmōsa, fūmōsum",smoky,1,Adjective,,smoky,1
"fundō, fundere, fūdī, fūsum",to pour,3,Verb,,to pour,1
"fūnereus, fūnerea, fūnereum",funeral,1,Adjective,,funeral,1
"fūnus, fūneris, {n.}",funeral; death,5,Noun,,funeral ‖ death,1
"fūr, fūris, {m.}",thief,0,Noun,,thief,1
"furibundus, furibunda, furibundum",raging,1,Adjective,,raging,1
"furō, furere, furuī",to rage,4,Verb,,to rage,1
"furor, furōris, {m.}",madness,2,Noun,,madness,1
"fūrtīvus, fūrtīva, fūrtīvum",stolen; secret,1,Adjective,,stolen ‖ secret,1
"fūrtum, fūrtī, {n.}",theft; stealth,2,Noun,,theft ‖ stealth,1
"fūsus, fūsī, {m.}",spindle,1,Noun,,spindle,1
"futūrus, futūra, futūrum",future,1,Adjective,,future,1
"Gaetūlus, Gaetūla, Gaetūlum","Gaetulian {(of the Gaetuli, a North African people)}",2,Adjective,,"Gaetulian {(of the Gaetuli, a North African people)}",1
"Gallicus, Gallica, Gallicum",Gallic {(of Gaul and its people)},1,Adjective,,Gallic {(of Gaul and its people)},1
"gaudeō, gaudēre, gāvīsus sum",to rejoice,5,Verb,,to rejoice,1
"gaudium, gaudiī, {n.}",joy,1,Noun,,joy,1
"gelidus, gelida, gelidum",icy,3,Adjective,,icy,1
"geminus, gemina, geminum",twin,5,Adjective,,twin,1
"gemitus, gemitūs, {m.}",groan,1,Noun,,groan,1
"gena, genae, {f.}",cheek,3,Noun,,cheek,1
"gener, generī, {m.}",son-in-law,1,Noun,,son-in-law,1
"genitor, genitōris, {m.}",father,5,Noun,,father,1
"gēns, gentis, {f.}",a people,7,Noun,,a people,1
"genū, genūs, {n.}",knee,1,Noun,,knee,1
"genus, generis, {n.}","kind, type; a people; line of descent; {(same root as *gignō*, ""to beget"" — the oldest sense is birth, and a *genus* is a begotten group; ""kind"" is the generalization)}; birth",7,Noun,,"kind, type ‖ a people ‖ line of descent ‖ {(same root as *gignō*, ""to beget"" — the oldest sense is birth, and a *genus* is a begotten group; ""kind"" is the generalization)} ‖ birth",1
"germāna, germānae, {f.}",sister,1,Noun,,sister,1
"germānus, germānī, {m.}",brother,3,"Noun, Adjective",,brother,1
"gerō, gerere, gessī, gestum","to carry; to wear {(of an appearance or dress)}; to wage {(of war, *bellum*)}",4,Verb,,"to carry ‖ to wear {(of an appearance or dress)} ‖ to wage {(of war, *bellum*)}",1
"gestāmen, gestāminis, {n.}",something worn or carried,1,Noun,,something worn or carried,1
"gestiō, gestīre, gestīvī",to be eager,1,Verb,,to be eager,1
"gestō, gestāre, gestāvī, gestātum",to carry,1,Verb,,to carry,1
"gignō, gignere, genuī, genitum",to beget,2,Verb,,to beget,1
"gladius, gladiī, {m.}",sword,1,Noun,,sword,1
"glōria, glōriae, {f.}",glory,2,Noun,,glory,1
"gradior, gradī, gressus sum",to step,2,Verb,,to step,1
"gradus, gradūs, {m.}",step,2,Noun,,step,1
"Graius, Graia, Graium",Greek,3,Adjective,,Greek,1
"grandis, grande",large,1,Adjective,,large,1
"grātia, grātiae, {f.}",charm; favor,2,Noun,,charm ‖ favor,1
"grātus, grāta, grātum",pleasing; grateful,2,Adjective,,pleasing ‖ grateful,1
"gravidus, gravida, gravidum",pregnant,1,Adjective,,pregnant,1
"gravis, grave",heavy; pregnant,2,Adjective,,heavy ‖ pregnant,1
"gravō, gravāre, gravāvī, gravātum",to weigh down,2,Verb,,to weigh down,1
"gremium, gremiī, {n.}",lap,2,Noun,,lap,1
"gressus, gressūs, {m.}",step,2,Noun,,step,1
"grex, gregis, {m.}",flock,1,Noun,,flock,1
"Grȳnēus, Grȳnēa, Grȳnēum","Grynean {(epithet of Apollo, from Grynium, a town in Aeolis with a famous oracle/temple of Apollo)}",1,Adjective,,"Grynean {(epithet of Apollo, from Grynium, a town in Aeolis with a famous oracle/temple of Apollo)}",1
"habeō, habēre, habuī, habitum",to have,21,Verb,,to have,1
"habilis, habile",manageable,1,Adjective,,manageable,1
"habitō, habitāre, habitāvī, habitātum",to live,1,Verb,,to live,1
"habitus, habitūs, {m.}",appearance,1,Noun,,appearance,1
"Haemonius, Haemonia, Haemonium","Thessalian {(of Thessaly, region in Greece associated with Jason and Medea)}",1,Adjective,,"Thessalian {(of Thessaly, region in Greece associated with Jason and Medea)}",1
"haereō, haerēre, haesī, haesum",{(with the {{dative|dative-with-special-verbs}})} to stick; to be in doubt,5,Verb,,{(with the {{dative|dative-with-special-verbs}})} to stick ‖ to be in doubt,1
"hālō, hālāre, hālāvī, hālātum",to breathe out,1,Verb,,to breathe out,1
"harēna, harēnae, {f.}",sand,2,Noun,,sand,1
"Harpalycē, Harpalycēs, {f.}",Harpalyce {(a legendary Thracian huntress renowned for her speed)},1,Noun,,Harpalyce {(a legendary Thracian huntress renowned for her speed)},1
"harūndō, harūndinis, {f.}",reed; arrow {(by {{metonymy}})},3,Noun,,reed ‖ arrow {(by {{metonymy}})},1
"hastīle, hastīlis, {n.}",spear shaft,1,Noun,,spear shaft,1
haud,"not at all {(negating a single word, usually an {{adjective}} or {{adverb}})}",4,Adverb,,"not at all {(negating a single word, usually an {{adjective}} or {{adverb}})}",1
"hauriō, haurīre, hausī, haustum","to drink down {(greedily, in a single gulp)}",2,Verb,,"to drink down {(greedily, in a single gulp)}",1
"haustus, haustūs, {m.}",a drink,1,Noun,,a drink,1
"Hebrus, Hebrī, {m.}",Hebrus {(a river in Thrace)},1,Noun,,Hebrus {(a river in Thrace)},1
"Hecatē, Hecatēs, {f.}","Hecate {(goddess of magic and witchcraft, invoked by Medea)}",2,Noun,,"Hecate {(goddess of magic and witchcraft, invoked by Medea)}",1
"Hector, Hectoris, {m.}","Hector {(eldest son of Priam, greatest Trojan warrior)}",1,Noun,,"Hector {(eldest son of Priam, greatest Trojan warrior)}",1
"Hectoreus, Hectorea, Hectoreum",of Hector,1,Adjective,,of Hector,1
"Helicē, Helicēs, {f.}","Helice {(constellation Ursa Major, the Great Bear)}",1,Noun,,"Helice {(constellation Ursa Major, the Great Bear)}",1
"herba, herbae, {f.}",grass; herb {(of medicinal or magical plants)},5,Noun,,grass ‖ herb {(of medicinal or magical plants)},1
"Hesperia, Hesperiae, {f.}","Hesperia {(poetic name for Italy (""western land""))}",1,Noun,,"Hesperia {(poetic name for Italy (""western land""))}",1
heu,alas,3,Interjection,,alas,1
heus,hey!,1,Interjection,,hey!,1
"hīberna, hībernōrum, {n. pl.}",winter quarters; winter {(as a period of time)},1,Noun,,winter quarters ‖ winter {(as a period of time)},1
"hībernus, hīberna, hībernum",wintry,1,Adjective,,wintry,1
"hic, haec, hoc","this; he, she, it",71,"Adjective, Pronoun",,"this ‖ he, she, it",1
hīc,here,8,Adverb,,here,1
"hiems, hiemis, {f.}",winter; storm,4,Noun,,winter ‖ storm,1
hinc,from here,7,Adverb,,from here,1
"homō, hominis, {m.}",human being,6,Noun,,human being,1
"honestus, honesta, honestum",honorable,1,Adjective,,honorable,1
"honor, honōris, {m.}",honor; beauty {(of foliage or natural adornment)},3,Noun,,honor ‖ beauty {(of foliage or natural adornment)},1
"hōra, hōrae, {f.}",hour,1,Noun,,hour,1
"horreō, horrēre, horruī",to bristle; to shudder; {({{gerundive}} *horrendus*)} dreadful,3,Verb,,to bristle ‖ to shudder ‖ {({{gerundive}} *horrendus*)} dreadful,1
"horridus, horrida, horridum",bristling; fearsome,2,Adjective,,bristling ‖ fearsome,1
"hortor, hortārī, hortātus sum",to urge,1,Verb,,to urge,1
"hospes, hospitis, {m./f.}",guest; stranger,2,Noun,,guest ‖ stranger,1
"hospita, hospitae, {f.}",female guest,1,Noun,,female guest,1
"hospitium, hospitiī, {n.}",hospitality,2,Noun,,hospitality,1
"hostia, hostiae, {f.}",sacrificial victim,1,Noun,,sacrificial victim,1
"hostis, hostis, {m./f.}",enemy,10,Noun,,enemy,1
hūc,to this place,4,Adverb,,to this place,1
"ūmēns, {(gen.)} ūmentis",moist,1,Adjective,,moist,1
"humus, humī, {f.}",ground,4,Noun,,ground,1
"Hȳ̆mēn, Hymenis, {m.}",Hymen {(the god of marriage)},3,Noun,,Hymen {(the god of marriage)},1
"hymenaeus, hymenaeī, {m.}",wedding song; marriage {(by {{metonymy}})},2,Noun,,wedding song ‖ marriage {(by {{metonymy}})},1
"iaceō, iacēre, iacuī, iacitum",to lie,6,Verb,,to lie,1
"iaciō, iacere, iēcī, iactum",to throw,1,Verb,,to throw,1
"iactō, iactāre, iactāvī, iactātum",to toss about; to boast of,7,Verb,,to toss about ‖ to boast of,1
iam,now; already; no longer {(when paired with *nōn*)},16,Adverb,,now ‖ already ‖ no longer {(when paired with *nōn*)},1
"Iarbās, Iarbae, {m.}","Iarbas {(African king, rejected suitor of Dido)}",3,Noun,,"Iarbas {(African king, rejected suitor of Dido)}",1
"Iāsōn, Iāsonis, {m.}",Jason {(Greek hero of the Argonauts; abandoned Medea after taking the Golden Fleece with her help)},1,Noun,,Jason {(Greek hero of the Argonauts; abandoned Medea after taking the Golden Fleece with her help)},1
ibi,there {(of a place already named)},1,Adverb,,there {(of a place already named)},1
"Īcarus, Īcarī, {m.}",Icarus {(son of Daedalus who flew too close to the sun and fell into the sea)},6,Noun,,Icarus {(son of Daedalus who flew too close to the sun and fell into the sea)},1
"ictus, ictūs, {m.}",blow,1,Noun,,blow,1
"īdem, eadem, idem",the same,8,"Adjective, Pronoun",,the same,1
ideō,for that reason,1,Adverb,,for that reason,1
"idōneus, idōnea, idōneum",suitable,1,Adjective,,suitable,1
igitur,therefore,1,Conjunction,,therefore,1
"ignārus, ignāra, ignārum",unaware,4,Adjective,,unaware,1
"igneus, ignea, igneum",fiery,1,Adjective,,fiery,1
"ignis, ignis, {m.}",fire,14,Noun,,fire,1
"ignōtus, ignōta, ignōtum",unknown,5,Adjective,,unknown,1
"īlex, īlicis, {f.}",holm-oak,1,Noun,,holm-oak,1
"Īlia, Īliae, {f.}","Ilia {(a priestess, mother of Romulus and Remus by Mars)}",1,Noun,,"Ilia {(a priestess, mother of Romulus and Remus by Mars)}",1
"īlia, īlium, {n. pl.}",flank,1,Noun,,flank,1
"Īliacus, Īliaca, Īliacum",Trojan,2,Adjective,,Trojan,1
"Īlion, Īliī, {n.}","Ilium {(Troy, the city besieged by the Greeks; Aeneas's homeland)}",1,Noun,,"Ilium {(Troy, the city besieged by the Greeks; Aeneas's homeland)}",1
"Īlius, Īlia, Īlium",Trojan,1,Adjective,,Trojan,1
illāc,that way,1,Adverb,,that way,1
"ille, illa, illud","that {(points out emphatically; stronger than *is*)}; he, she, it",59,"Adjective, Pronoun",,"that {(points out emphatically; stronger than *is*)} ‖ he, she, it",1
illīc,"there {(of the further of two places, answered by *hīc*)}",1,Adverb,,"there {(of the further of two places, answered by *hīc*)}",1
illinc,from that place,1,Adverb,,from that place,1
illūc,to that place,2,Adverb,,to that place,1
"illūdō, illūdere, illūsī, illūsum",{(with the {{dative|dative-with-compounds}})} to mock,1,Verb,,{(with the {{dative|dative-with-compounds}})} to mock,1
"illūminō, illūmināre, illūmināvī, illūminātus",to light up,0,Verb,,to light up,1
"Illyricus, Illyrica, Illyricum","Illyrian {(relating to Illyria, a region on the eastern Adriatic coast)}",1,Adjective,,"Illyrian {(relating to Illyria, a region on the eastern Adriatic coast)}",1
"Īlus, Īlī, {m.}",Ilus {(legendary founder of Troy; ancestral name also given to Ascanius)},1,Noun,,Ilus {(legendary founder of Troy; ancestral name also given to Ascanius)},1
"imāgō, imāginis, {f.}","image; ghost {(of the dead, in dreams or the underworld)}",9,Noun,,"image ‖ ghost {(of the dead, in dreams or the underworld)}",1
"imber, imbris, {m.}",rain,1,Noun,,rain,1
"imitor, imitārī, imitātus sum",to imitate,1,Verb,,to imitate,1
"immānis, immāne",huge; monstrous,3,Adjective,,huge ‖ monstrous,1
"immemor, {(gen.)} immemoris",forgetful,2,Adjective,,forgetful,1
"immineō, imminēre",{(with the {{dative}})} to loom over,1,Verb,,{(with the {{dative}})} to loom over,1
"immittō, immittere, immīsī, immissum",to send in,1,Verb,,to send in,1
"immortālis, immortāle",immortal,0,Adjective,,immortal,1
"immōtus, immōta, immōtum",unmoved,2,Adjective,,unmoved,1
"impatiēns, {(gen.)} impatientis",unable to endure,1,Adjective,,unable to endure,1
"impediō, impedīre, impedīvī, impedītum",to hinder,1,Verb,,to hinder,1
"impellō, impellere, impulī, impulsum",to drive forward,3,Verb,,to drive forward,1
"impendō, impendere, impendī, impēnsum","to spend; {(of feeling, {{perfect}} {{participle}} *impēnsus*)} intense",1,Verb,,"to spend ‖ {(of feeling, {{perfect}} {{participle}} *impēnsus*)} intense",1
"impēnsa, impēnsae, {f.}",expense,1,Noun,,expense,1
"imperfectus, imperfecta, imperfectum",unfinished,1,Adjective,,unfinished,1
"imperium, imperiī, {n.}",command,5,Noun,,command,1
"impetrō, impetrāre, impetrāvī, impetrātum",to obtain by asking,1,Verb,,to obtain by asking,1
"impiger, impigra, impigrum",energetic,1,Adjective,,energetic,1
"impius, impia, impium",impious,5,Adjective,,impious,1
"impleō, implēre, implēvī, implētum",to fill; to complete {(of time or a span of years)},3,Verb,,to fill ‖ to complete {(of time or a span of years)},1
"implōrō, implōrāre, implōrāvī, implōrātum",to beg for help,2,Verb,,to beg for help,1
"impōnō, impōnere, imposuī, impositum",to place upon,2,Verb,,to place upon,1
"imprecor, imprecārī, imprecātus sum",to invoke curses on,1,Verb,,to invoke curses on,1
"imprimō, imprimere, impressī, impressum",to press into,1,Verb,,to press into,1
"improbus, improba, improbum",wicked,1,Adjective,,wicked,1
"īmus, īma, īmum",lowest,3,Adjective,,lowest,1
in,"{(with the {{ablative|ablative-with-prepositions}})} in, on; {(with the {{accusative}})} into, onto, against, to",81,Preposition,,"{(with the {{ablative|ablative-with-prepositions}})} in, on ‖ {(with the {{accusative}})} into, onto, against, to",1
"inadustus, inadusta, inadustum",unburnt,1,Adjective,,unburnt,1
"incautus, incauta, incautum",unwary,2,Adjective,,unwary,1
"incendō, incendere, incendī, incēnsum",to set on fire,2,Verb,,to set on fire,1
"incertus, incerta, incertum",uncertain,1,Adjective,,uncertain,1
"incessus, incessūs, {m.}",gait,1,Noun,,gait,1
"incipiō, incipere, incēpī, inceptum",to begin,4,Verb,,to begin,1
"incola, incolae, {m./f.}",inhabitant,1,Noun,,inhabitant,1
"incubō, incubāre, incubuī, incubitum",{(with the {{dative|dative-with-compounds}})} to lie upon,3,Verb,,{(with the {{dative|dative-with-compounds}})} to lie upon,1
"incultus, inculta, incultum",uncultivated,1,Adjective,,uncultivated,1
"incurrō, incurrere, incurrī, incursus",to run into,0,Verb,,to run into,1
"incūsō, incūsāre, incūsāvī, incūsātum",to blame,1,Verb,,to blame,1
inde,"from there; then {(temporal, thereafter)}",1,Adverb,,"from there ‖ then {(temporal, thereafter)}",1
"indicium, indiciī, {n.}",sign,1,Noun,,sign,1
"indignus, indigna, indignum",unworthy,3,Adjective,,unworthy,1
"indūcō, indūcere, indūxī, inductum",to lead in; to draw over; to spread on,1,Verb,,to lead in ‖ to draw over ‖ to spread on,1
"inexpertus, inexperta, inexpertum",untested,1,Adjective,,untested,1
"inextricābilis, inextricābile",inextricable,1,Adjective,,inextricable,1
"īnfandus, īnfanda, īnfandum",unspeakable,3,Adjective,,unspeakable,1
"īnfāns, īnfantis, {m./f.}",young child,1,"Noun, Adjective",,young child,1
"īnfectus, īnfecta, īnfectum","not done, undone",1,Adjective,,"not done, undone",1
"īnfēlīx, {(gen.)} īnfēlīcis",unfortunate,4,Adjective,,unfortunate,1
"īnfēnsus, īnfēnsa, īnfēnsum",hostile,1,Adjective,,hostile,1
"īnferiae, īnferiārum, {f. pl.}",offerings to the dead,1,Noun,,offerings to the dead,1
"īnferō, īnferre, intulī, illātum",to bring in,1,Verb,,to bring in,1
"īnferus, īnfera, īnferum",lower,1,Adjective,,lower,1
"īnfīdus, īnfīda, īnfīdum",faithless,3,Adjective,,faithless,1
"īnfirmus, īnfirma, īnfirmum",weak,0,Adjective,,weak,1
"ingeniōsus, ingeniōsa, ingeniōsum",clever,0,Adjective,,clever,1
"ingenium, ingeniī, {n.}",disposition,1,Noun,,disposition,1
"ingēns, {(gen.)} ingentis",huge,5,Adjective,,huge,1
"ingrātus, ingrāta, ingrātum",ungrateful,4,Adjective,,ungrateful,1
"ingredior, ingredī, ingressus sum","to enter; to walk {(of gait, treading upon a surface)}",1,Verb,,"to enter ‖ to walk {(of gait, treading upon a surface)}",1
"inhaereō, inhaerēre, inhaesī, inhaesum",{(with the {{dative|dative-with-compounds}})} to cling to,2,Verb,,{(with the {{dative|dative-with-compounds}})} to cling to,1
"inhibeō, inhibēre, inhibuī, inhibitum",to hold back,1,Verb,,to hold back,1
"inhiō, inhiāre, inhiāvī, inhiātum",{(with the {{dative|dative-with-compounds}})} to gape at,1,Verb,,{(with the {{dative|dative-with-compounds}})} to gape at,1
"inhumātus, inhumāta, inhumātum",unburied,2,Adjective,,unburied,1
"iniciō, inicere, iniēcī, iniectum","to throw onto; to lay on; [[*inicere manūs* ""to lay hands on"" → ""to lay legal claim to""]]",1,Verb,,"to throw onto ‖ to lay on ‖ [[*inicere manūs* ""to lay hands on"" → ""to lay legal claim to""]]",1
"inimīcus, inimīca, inimīcum",hostile,1,Adjective,,hostile,1
"inīquus, inīqua, inīquum","unfair {(from *in-* + *aequus*, ""fair"")}; hostile",4,Adjective,,"unfair {(from *in-* + *aequus*, ""fair"")} ‖ hostile",1
"iniūria, iniūriae, {f.}",a wrong,2,Noun,,a wrong,1
"iniūstus, iniūsta, iniūstum",unjust,1,Adjective,,unjust,1
"innātus, innāta, innātum",innate,1,Adjective,,innate,1
"innītor, innītī, innīxus sum",{(with the {{ablative}})} to lean on,1,Verb,,{(with the {{ablative}})} to lean on,1
"innumerus, innumera, innumerum",countless,1,Adjective,,countless,1
"innūptus, innūpta, innūptum",unmarried,1,Adjective,,unmarried,1
"inōrnātus, inōrnāta, inōrnātum",unadorned,1,Adjective,,unadorned,1
"inquam, inquis, inquit",to say {(introduces a quote)},7,Verb,,to say {(introduces a quote)},1
"inquīrō, inquīrere, inquīsīvī, inquīsītum",to investigate,1,Verb,,to investigate,1
"īnsānia, īnsāniae, {f.}",madness,1,Noun,,madness,1
"īnsānus, īnsāna, īnsānum",mad,2,Adjective,,mad,1
"īnscrībō, īnscrībere, īnscrīpsī, īnscrīptum",to inscribe,1,Verb,,to inscribe,1
"īnsequor, īnsequī, īnsecūtus sum",to pursue,4,Verb,,to pursue,1
"īnsignis, īnsigne",distinguished,1,Adjective,,distinguished,1
"īnsolitus, īnsolita, īnsolitum",unusual,1,Adjective,,unusual,1
"īnsopor, {(gen.)} īnsopōris",sleepless,1,Adjective,,sleepless,1
instar,the equivalent of,2,Noun,,the equivalent of,1
"īnstaurō, īnstaurāre, īnstaurāvī, īnstaurātum",to renew,1,Verb,,to renew,1
"īnstruō, īnstruere, īnstrūxī, īnstrūctum","to build up; to equip, furnish; to instruct",2,Verb,,"to build up ‖ to equip, furnish ‖ to instruct",1
"īnsuētus, īnsuēta, īnsuētum",unfamiliar,1,Adjective,,unfamiliar,1
"īnsum, inesse, īnfuī",to be in,1,Verb,,to be in,1
"intāctus, intācta, intāctum",untouched,1,Adjective,,untouched,1
inter,"{(with the {{accusative}})} between, among; during {(of time or an action)}",9,Preposition,{(with the {{accusative}})},"between, among ‖ during {(of time or an action)}",1
intereā,meanwhile,3,Adverb,,meanwhile,1
"interfor, interfārī, interfātus sum",to interrupt,1,Verb,,to interrupt,1
"interfundō, interfundere, interfūdī, interfūsum","to pour between; {(of discoloration on the skin, {{perfect}} {{participle}} *interfūsus*)} suffused",1,Verb,,"to pour between ‖ {(of discoloration on the skin, {{perfect}} {{participle}} *interfūsus*)} suffused",1
"interior, interius",inner,1,Adjective,,inner,1
"internus, interna, internum",internal,1,Adjective,,internal,1
"interpres, interpretis, {m./f.}","agent, intermediary; messenger",2,Noun,,"agent, intermediary ‖ messenger",1
"interrumpō, interrumpere, interrūpī, interruptum",to break off,1,Verb,,to break off,1
"intimus, intima, intimum",innermost,1,Adjective,,innermost,1
"intōnsus, intōnsa, intōnsum",uncut,1,Adjective,,uncut,1
"intractābilis, intractābile",unmanageable,1,Adjective,,unmanageable,1
"intrō, intrāre, intrāvī, intrātum",to enter,2,Verb,,to enter,1
intus,inside,1,Adverb,,inside,1
"inveniō, invenīre, invēnī, inventum",to find,4,Verb,,to find,1
"invideō, invidēre, invīdī, invīsum",to envy; to begrudge {(often with {{infinitive}})},1,Verb,,to envy ‖ to begrudge {(often with {{infinitive}})},1
"invidia, invidiae, {f.}",envy,2,Noun,,envy,1
"invidiōsus, invidiōsa, invidiōsum",envied,1,Adjective,,envied,1
"invidus, invida, invidum",envious,1,Adjective,,envious,1
"invīsus, invīsa, invīsum",hated,2,Adjective,,hated,1
"inultus, inulta, inultum",unavenged,2,Adjective,,unavenged,1
"ipse, ipsa, ipsum","himself, herself, itself {({{intensive pronoun}})}; the very",32,"Adjective, Pronoun",,"himself, herself, itself {({{intensive pronoun}})} ‖ the very",1
"īra, īrae, {f.}",anger,8,Noun,,anger,1
"irrītō, irrītāre, irrītāvī, irrītātum",to provoke,2,Verb,,to provoke,1
"irrumpō, irrumpere, irrūpī, irruptum",to burst in,1,Verb,,to burst in,1
"is, ea, id","that {(refers back to what was just mentioned; weaker than *ille*)}; he, she, it",4,"Adjective, Pronoun",,"that {(refers back to what was just mentioned; weaker than *ille*)} ‖ he, she, it",1
"iste, ista, istud",that {(of yours — what belongs to or concerns the person addressed)},7,"Adjective, Pronoun",,that {(of yours — what belongs to or concerns the person addressed)},1
"Isthmos, Isthmī, {m.}","Isthmus {(the Isthmus of Corinth, narrow land strip in Greece)}",1,Noun,,"Isthmus {(the Isthmus of Corinth, narrow land strip in Greece)}",1
ita,so {(generally with a {{verb}})},1,Adverb,,so {(generally with a {{verb}})},1
"Ītalia, Ītaliae, {f.}","Italia {(Italy, the land destined for Aeneas and the Trojans)}",7,Noun,,"Italia {(Italy, the land destined for Aeneas and the Trojans)}",1
"Italus, Itala, Italum",Italian,2,Adjective,,Italian,1
"iter, itineris, {n.}",journey; passage {(of a physical opening or channel)},4,Noun,,journey ‖ passage {(of a physical opening or channel)},1
iterum,again,4,Adverb,,again,1
"iubeō, iubēre, iussī, iussum",to order,9,Verb,,to order,1
"iugālis, iugāle","yoke-like; nuptial {(from *iugum*, a yoke -- the joining of two)}",2,Adjective,,"yoke-like ‖ nuptial {(from *iugum*, a yoke -- the joining of two)}",1
"iūgerum, iūgerī, {n.}",acre (unit of land area),1,Noun,,acre (unit of land area),1
"iugō, iugāre, iugāvī, iugātum",to join,1,Verb,,to join,1
"Iūlius, Iūliī, {m.}","Julius {(the Julian family name, traced to Aeneas's son *Iūlus*)}",1,Noun,,"Julius {(the Julian family name, traced to Aeneas's son *Iūlus*)}",1
"Iūlus, Iūlī, {m.}",Iulus {(also called Ascanius; son of Aeneas)},7,Noun,,Iulus {(also called Ascanius; son of Aeneas)},1
"iungō, iungere, iūnxī, iūnctum",to join,6,Verb,,to join,1
"Iūnō, Iūnōnis, {f.}","Juno {(queen of the gods, sister and wife of Jupiter)}",6,Noun,,"Juno {(queen of the gods, sister and wife of Jupiter)}",1
"Iūnōnius, Iūnōnia, Iūnōnium",of Juno,1,Adjective,,of Juno,1
"Iuppiter, Iovis, {m.}",Jupiter {(king of the gods)},9,Noun,,Jupiter {(king of the gods)},1
"iūs, iūris, {n.}",right; law,3,Noun,,right ‖ law,1
"iussum, iussī, {n.}",order,1,Noun,,order,1
"iūstus, iūsta, iūstum",just,2,Adjective,,just,1
"iuvenālis, iuvenāle",youthful,2,Adjective,,youthful,1
"iuvenis, iuvenis, {m./f.}",young person; young,6,"Noun, Adjective",,young person ‖ young,1
"iuventūs, iuventūtis, {f.}",youth; young men {(collective)},2,Noun,,youth ‖ young men {(collective)},1
"iuvō, iuvāre, iūvī, iūtum",to help; to please,4,Verb,,to help ‖ to please,1
"Karthāgō, Karthāginis, {f.}",Carthage {(city in North Africa founded by Dido)},4,Noun,,Carthage {(city in North Africa founded by Dido)},1
"labor, labōris, {m.}",hard work,10,Noun,,hard work,1
"lābor, lābī, lāpsus sum",to slide; to glide; to fall,6,Verb,,to slide ‖ to glide ‖ to fall,1
"lacertus, lacertī, {m.}",arm,6,Noun,,arm,1
"lacrima, lacrimae, {f.}",tear,11,Noun,,tear,1
"laedō, laedere, laesī, laesum",to hurt,6,Verb,,to hurt,1
"laetor, laetārī, laetātus sum",to rejoice,1,Verb,,to rejoice,1
"laetus, laeta, laetum",joyful,4,Adjective,,joyful,1
"laevus, laeva, laevum",left,2,Adjective,,left,1
"lamella, lamellae, {f.}",credit card,0,Noun,,credit card,1
"lāmentum, lāmentī, {n.}",wailing,1,Noun,,wailing,1
"lampas, lampadis, {f.}",torch,1,Noun,,torch,1
"lāna, lānae, {f.}",wool,1,Noun,,wool,1
"laniō, laniāre, laniāvī, laniātum",to tear to pieces,3,Verb,,to tear to pieces,1
"lapis, lapidis, {m.}",stone,1,Noun,,stone,1
"lascīvus, lascīva, lascīvum",playful,1,Adjective,,playful,1
"latebra, latebrae, {f.}",hiding place,1,Noun,,hiding place,1
"lateō, latēre, latuī",to be hidden,4,Verb,,to be hidden,1
"Latīnus, Latīna, Latīnum",Latin,1,Adjective,,Latin,1
"Latium, Latiī, {n.}",Latium {(region in central Italy where Aeneas would found his settlement)},2,Noun,,Latium {(region in central Italy where Aeneas would found his settlement)},1
"Latius, Latia, Latium",Latin,1,Adjective,,Latin,1
"latrō, latrōnis, {m.}",robber,1,Noun,,robber,1
"lātus, lāta, lātum",wide,6,Adjective,,wide,1
"latus, lateris, {n.}",side,1,Noun,,side,1
"laudō, laudāre, laudāvī, laudātum",to praise,2,Verb,,to praise,1
"Lāvīnium, Lāvīniī, {n.}","Lavinium {(city in Latium founded by Aeneas, named after his wife Lavinia)}",2,Noun,,"Lavinium {(city in Latium founded by Aeneas, named after his wife Lavinia)}",1
"Lāvīnius, Lāvīnia, Lāvīnium","Lavinian {({{adjective}} referring to Lavinium, the city Aeneas founded in Latium)}",1,Adjective,,"Lavinian {({{adjective}} referring to Lavinium, the city Aeneas founded in Latium)}",1
"laurea, laureae, {f.}",laurel wreath,1,Noun,,laurel wreath,1
"laurus, laurī, {f.}",laurel tree,1,Noun,,laurel tree,1
"laus, laudis, {f.}",praise,1,Noun,,praise,1
"lea, leae, {f.}",lioness,1,Noun,,lioness,1
"leaena, leaenae, {f.}",lioness,1,Noun,,lioness,1
"Lebinthos, Lebinthī, {f.}",Lebinthos {(small Aegean island passed by Daedalus and Icarus in their flight)},1,Noun,,Lebinthos {(small Aegean island passed by Daedalus and Icarus in their flight)},1
"lectus, lectī, {m.}","bed, couch",1,Noun,,"bed, couch",1
"lēgifer, lēgifera, lēgiferum",law-giving,1,Adjective,,law-giving,1
"legō, legere, lēgī, lēctum",to gather; to choose,1,Verb,,to gather ‖ to choose,1
"leō, leōnis, {m.}",lion,2,Noun,,lion,1
"lepus, leporis, {m.}",hare,1,Noun,,hare,1
"lētālis, lētāle",deadly,1,Adjective,,deadly,1
"lētum, lētī, {n.}",death,4,Noun,,death,1
"levāmen, levāminis, {n.}",relief,1,Noun,,relief,1
"levis, leve",light; trivial,6,Adjective,,light ‖ trivial,1
"levō, levāre, levāvī, levātum",to lighten; to raise up,2,Verb,,to lighten ‖ to raise up,1
"lēx, lēgis, {f.}",law; order,4,Noun,,law ‖ order,1
"liber, librī, {m.}","book; bark {(the inner bark, which Romans wrote on)}",1,Noun,,"book ‖ bark {(the inner bark, which Romans wrote on)}",1
"lībō, lībāre, lībāvī, lībātum",to take a little of,1,Verb,,to take a little of,1
"lībrō, lībrāre, lībrāvī, lībrātum",to balance,1,Verb,,to balance,1
"Liburnī, Liburnōrum, {m. pl.}","Liburnians {(an Illyrian people on the Adriatic coast, known for fast galleys)}",1,Noun,,"Liburnians {(an Illyrian people on the Adriatic coast, known for fast galleys)}",1
"Libya, Libyae, {f.}",Libya {(region of North Africa where Dido founds Carthage)},4,Noun,,Libya {(region of North Africa where Dido founds Carthage)},1
"Libycus, Libyca, Libycum",Libyan,4,Adjective,,Libyan,1
"licet, licēre, licuit","it is permitted; although {(from *licet*, ""it is granted that…"")}",3,"Verb, Conjunction",,"it is permitted ‖ although {(from *licet*, ""it is granted that…"")}",1
"lignum, lignī, {n.}",wood,2,Noun,,wood,1
"līmen, līminis, {n.}",threshold,3,Noun,,threshold,1
"līmes, līmitis, {m.}",path,1,Noun,,path,1
"lingua, linguae, {f.}",tongue,5,Noun,,tongue,1
"linquō, linquere, līquī, lictum",to leave,2,Verb,,to leave,1
"līnum, līnī, {n.}",flax; thread,1,Noun,,flax ‖ thread,1
"littera, litterae, {f.}",letter of the alphabet; letter {(a written document or epistle)},1,Noun,,letter of the alphabet ‖ letter {(a written document or epistle)},1
"lītus, lītoris, {n.}",shore,8,Noun,,shore,1
"locō, locāre, locāvī, locātum",to place,1,Verb,,to place,1
"locus, locī, {m.} {(n. pl.} loca{)}",place; region {(in the {{neuter}} {{plural}} *loca*)},16,Noun,,place ‖ region {(in the {{neuter}} {{plural}} *loca*)},1
"longus, longa, longum","long; distant; {({{adverb}}, *longē*)} far",16,Adjective,,"long ‖ distant ‖ {({{adverb}}, *longē*)} far",1
"loquor, loquī, locūtus sum",to speak,7,Verb,,to speak,1
"lūcēscō, lūcēscere, lūxī",to grow light,0,Verb,,to grow light,1
"lūctus, lūctūs, {m.}",grief,1,Noun,,grief,1
"lūdō, lūdere, lūsī, lūsum",to play; to deceive,4,Verb,,to play ‖ to deceive,1
"lūmen, lūminis, {n.}",light; eye {(by {{metonymy}} in poetry)},11,Noun,,light ‖ eye {(by {{metonymy}} in poetry)},1
"lūna, lūnae, {f.}",moon,2,Noun,,moon,1
"lupa, lupae, {f.}",she-wolf,1,Noun,,she-wolf,1
"lupus, lupī, {m.}",wolf,1,Noun,,wolf,1
"lūstrō, lūstrāre, lūstrāvī, lūstrātum",to traverse,2,Verb,,to traverse,1
"lūstrum, lūstrī, {n.}",a five-year period,1,Noun,,a five-year period,1
"lūsus, lūsūs, {m.}",play,1,Noun,,play,1
"lūx, lūcis, {f.}",light; life {(by {{metonymy}})},7,Noun,,light ‖ life {(by {{metonymy}})},1
"luxuriōsus, luxuriōsa, luxuriōsum",extravagant,0,Adjective,,extravagant,1
"lūxus, lūxūs, {m.}",luxury,1,Noun,,luxury,1
"Lyaeus, Lyaeī, {m.}","Lyaeus {(epithet of Bacchus, god of wine)}",1,Noun,,"Lyaeus {(epithet of Bacchus, god of wine)}",1
"Lycius, Lycia, Lycium","Lycian {(epithet meaning 'of Lycia', a region in Asia Minor associated with Apollo)}",1,Adjective,,"Lycian {(epithet meaning 'of Lycia', a region in Asia Minor associated with Apollo)}",1
"lympha, lymphae, {f.}",water,1,Noun,,water,1
"lynx, lyncis, {m./f.}",lynx,1,Noun,,lynx,1
"māchina, māchinae, {f.}",machine,1,Noun,,machine,1
"mactō, mactāre, mactāvī, mactātum",to sacrifice,2,Verb,,to sacrifice,1
"macula, maculae, {f.}",spot,1,Noun,,spot,1
"maculōsus, maculōsa, maculōsum",spotted,1,Adjective,,spotted,1
"madefaciō, madefacere, madefēcī, madefactum",to make wet,1,Verb,,to make wet,1
"madeō, madēre, maduī",to be wet,2,Verb,,to be wet,1
"madidus, madida, madidum",soaked,0,Adjective,,soaked,1
"Maeander, Maeandrī, {m.}","Maeander {(a winding river in Asia Minor, proverbial for its meandering course)}",1,Noun,,"Maeander {(a winding river in Asia Minor, proverbial for its meandering course)}",1
"maereō, maerēre, maeruī",to grieve,1,Verb,,to grieve,1
"maestus, maesta, maestum",sad,1,Adjective,,sad,1
"magicus, magica, magicum",magic,0,Adjective,,magic,1
magis,more,2,Adverb,,more,1
"magnanimus, magnanima, magnanimum",great-souled,1,Adjective,,great-souled,1
"Magnētis, Magnētidos, {f.}","Magnesian {(from or relating to Magnesia, a region in Greece)}",1,Noun,,"Magnesian {(from or relating to Magnesia, a region in Greece)}",1
"magnus, magna, magnum",great,16,Adjective,,great,1
"Māia, Māiae, {f.}","Maia {(nymph, daughter of Atlas, mother of Mercury by Jupiter)}",1,Noun,,"Maia {(nymph, daughter of Atlas, mother of Mercury by Jupiter)}",1
"maior, maius",greater,2,Adjective,,greater,1
male,"badly; scarcely {(negating a following {{adjective}}, *male grātus*)}; utterly {(intensifying a following {{verb}} of destruction, *male perdere*)}",6,Adverb,,"badly ‖ scarcely {(negating a following {{adjective}}, *male grātus*)} ‖ utterly {(intensifying a following {{verb}} of destruction, *male perdere*)}",1
"maledīcō, maledīcere, maledīxī, maledictus",to speak ill of,0,Verb,,to speak ill of,1
"mālō, mālle, māluī",to prefer,1,Verb,,to prefer,1
"malum, malī, {n.}",evil; misfortune,4,Noun,,evil ‖ misfortune,1
"malus, mala, malum",bad,3,Adjective,,bad,1
"mandātum, mandātī, {n.}",order,1,Noun,,order,1
"mandō, mandāre, mandāvī, mandātum",to entrust,1,Verb,,to entrust,1
māne,in the morning,1,Adverb,,in the morning,1
"maneō, manēre, mānsī, mānsum",to remain,7,Verb,,to remain,1
"manifestus, manifesta, manifestum",clear,1,Adjective,,clear,1
"manus, manūs, {f.}","hand; power {(figuratively, of personal control or agency)}; [[*cōnserere manūs* ""to join hands"" → ""to fight hand-to-hand""]]; [[*inicere manūs* ""to lay hands on"" → ""to lay legal claim to""]]; [[*manus ultima* ""the last hand"" → ""the finishing touch""]]",18,Noun,,"hand ‖ power {(figuratively, of personal control or agency)} ‖ [[*cōnserere manūs* ""to join hands"" → ""to fight hand-to-hand""]] ‖ [[*inicere manūs* ""to lay hands on"" → ""to lay legal claim to""]] ‖ [[*manus ultima* ""the last hand"" → ""the finishing touch""]]",1
"mare, maris, {n.}",sea,9,Noun,,sea,1
"marīta, marītae, {f.}",wife,1,Noun,,wife,1
"marītus, marītī, {m.}",husband; nuptial {(as {{adjective}})},1,Noun,,husband ‖ nuptial {(as {{adjective}})},1
"marmor, marmoris, {n.}",marble,1,Noun,,marble,1
"marmoreus, marmorea, marmoreum",of marble,2,Adjective,,of marble,1
"Mārs, Mārtis, {m.}",Mars {(the Roman god of war)}; war {(by {{metonymy}})},4,Noun,,Mars {(the Roman god of war)} ‖ war {(by {{metonymy}})},1
"māter, mātris, {f.}",mother,10,Noun,,mother,1
"māteria, māteriae, {f.}",material,1,Noun,,material,1
"mātrimōnium, mātrimōniī, {n.}",marriage,0,Noun,,marriage,1
"Māvortius, Māvortia, Māvortium",of Mars,1,Adjective,,of Mars,1
"Mēdēa, Mēdēae, {f.}",Medea {(sorceress of Colchis who helped Jason obtain the Golden Fleece and was betrayed by him)},3,Noun,,Medea {(sorceress of Colchis who helped Jason obtain the Golden Fleece and was betrayed by him)},1
"medicāmen, medicāminis, {n.}",drug,1,Noun,,drug,1
"medicātus, medicātūs, {m.}",healing,1,Noun,,healing,1
"medicīna, medicīnae, {f.}",medicine,1,Noun,,medicine,1
"medicō, medicāre, medicāvī, medicātum",to medicate,1,Verb,,to medicate,1
"meditor, meditārī, meditātus sum",to think over,1,Verb,,to think over,1
"medius, media, medium","middle of {(agreeing substantively with its {{noun}}, as *media silvā*, the middle of the forest)}",16,Adjective,,"middle of {(agreeing substantively with its {{noun}}, as *media silvā*, the middle of the forest)}",1
"medulla, medullae, {f.}",marrow,2,Noun,,marrow,1
"mel, mellis, {n.}",honey,1,Noun,,honey,1
"melior, melius","better; [[*in melius referre* ""to bring into the better"" → ""to change for the better""]]",3,Adjective,,"better ‖ [[*in melius referre* ""to bring into the better"" → ""to change for the better""]]",1
"membrum, membrī, {n.}",limb,3,Noun,,limb,1
"meminī, meminisse",{(with the {{genitive|genitive-with-verbs-of-remembering}})} to remember,2,Verb,,{(with the {{genitive|genitive-with-verbs-of-remembering}})} to remember,1
"memor, {(gen.)} memoris",mindful,2,Adjective,,mindful,1
"memorō, memorāre, memorāvī, memorātum",to tell; to call,2,Verb,,to tell ‖ to call,1
"mēns, mentis, {f.}",mind; intention,13,Noun,,mind ‖ intention,1
"mēnsa, mēnsae, {f.}",table,2,Noun,,table,1
"mēnsis, mēnsis, {m.}",month,1,Noun,,month,1
"mentior, mentīrī, mentītus sum",to lie,1,Verb,,to lie,1
"mercor, mercārī, mercātus sum",to buy,1,Verb,,to buy,1
"mereō, merēre, meruī, meritum","to deserve; [[*bene merērī dē* ""to deserve well of"" → ""to do {someone} a service""]]; {(as an {{adjective}}, *meritus*)} deserved",7,Verb,,"to deserve ‖ [[*bene merērī dē* ""to deserve well of"" → ""to do {someone} a service""]] ‖ {(as an {{adjective}}, *meritus*)} deserved",1
"mergō, mergere, mersī, mersum",to plunge,1,Verb,,to plunge,1
"meritum, meritī, {n.}","service, kindness",5,Noun,,"service, kindness",1
"messis, messis, {f.}",harvest,1,Noun,,harvest,1
"mēta, mētae, {f.}",turning post; limit,1,Noun,,turning post ‖ limit,1
"metuō, metuere, metuī",to fear,1,Verb,,to fear,1
"metus, metūs, {m.}",fear,6,Noun,,fear,1
"meus, mea, meum",my,62,Adjective,,my,1
"micō, micāre, micuī",to flash,2,Verb,,to flash,1
"mīles, mīlitis, {m.}",soldier,1,Noun,,soldier,1
"mīlitō, mīlitāre, mīlitāvī, mīlitātum",to serve as a soldier,1,Verb,,to serve as a soldier,1
mīlle,thousand,1,Numeral,,thousand,1
"minae, minārum, {f. pl.}","threats; battlements {(of walls, jutting heights)}",2,Noun,,"threats ‖ battlements {(of walls, jutting heights)}",1
"minimus, minima, minimum",smallest,2,Adjective,,smallest,1
"Mīnōius, Mīnōia, Mīnōium",of Minos,1,Adjective,,of Minos,1
"minor, minus",smaller,6,Adjective,,smaller,1
"Mīnōs, Mīnōis, {m.}",Minos {(king of Crete who imprisoned Daedalus)},1,Noun,,Minos {(king of Crete who imprisoned Daedalus)},1
"Mīnōtaurus, Mīnōtaurī, {m.}",Minotaurus {(monstrous bull-man imprisoned in Daedalus' labyrinth on Crete)},1,Noun,,Minotaurus {(monstrous bull-man imprisoned in Daedalus' labyrinth on Crete)},1
"Minyae, Minyārum, {m. pl.}","Minyae {(the Argonauts, Jason's crew (descended from the Minyans of Thessaly))}",1,Noun,,"Minyae {(the Argonauts, Jason's crew (descended from the Minyans of Thessaly))}",1
"mīrābilis, mīrābile",wonderful,3,Adjective,,wonderful,1
"mīrus, mīra, mīrum",amazing,1,Adjective,,amazing,1
"misceō, miscēre, miscuī, mixtum",to mix,2,Verb,,to mix,1
"miser, misera, miserum",wretched,9,Adjective,,wretched,1
"miserābilis, miserābile",pitiable,2,Adjective,,pitiable,1
"miserandus, miseranda, miserandum",pitiable,1,Adjective,,pitiable,1
"misereor, miserērī, miseritus sum",{(with the {{genitive|genitive-with-verbs-of-emotion}})} to pity,3,Verb,,{(with the {{genitive|genitive-with-verbs-of-emotion}})} to pity,1
"miseror, miserārī, miserātus sum",to pity,1,Verb,,to pity,1
"mītēscō, mītēscere",to grow mild,2,Verb,,to grow mild,1
"mittō, mittere, mīsī, missum",to send,3,Verb,,to send,1
"mōbilitās, mōbilitātis, {f.}",mobility,1,Noun,,mobility,1
"moderātus, moderāta, moderātum",restrained,2,Adjective,,restrained,1
modo,"only; just now {(of time, recently)}; {(when doubled, *modo ... modo*)} now; just {(with an {{imperative}})}",9,Adverb,,"only ‖ just now {(of time, recently)} ‖ {(when doubled, *modo ... modo*)} now ‖ just {(with an {{imperative}})}",1
"modus, modī, {m.}",measure; limit; manner,2,Noun,,measure ‖ limit ‖ manner,1
"moenia, moenium, {n. pl.}",city walls; walled city,11,Noun,,city walls ‖ walled city,1
"mōlior, mōlīrī, mōlītus sum",to work at,2,Verb,,to work at,1
"molliō, mollīre, mollīvī, mollītum",to soften,2,Verb,,to soften,1
"mollis, molle",soft,3,Adjective,,soft,1
"moneō, monēre, monuī, monitum",to advise; to warn; to urge,3,Verb,,to advise ‖ to warn ‖ to urge,1
"monitum, monitī, {n.}",warning,1,Noun,,warning,1
"monitus, monitūs, {m.}",warning,1,Noun,,warning,1
"mōns, montis, {m.}",mountain,3,Noun,,mountain,1
"mōnstrō, mōnstrāre, mōnstrāvī, mōnstrātum",to show; to prescribe {(of rites or offerings)},3,Verb,,to show ‖ to prescribe {(of rites or offerings)},1
"mōnstrum, mōnstrī, {n.}",portent; monster,1,Noun,,portent ‖ monster,1
"monumentum, monumentī, {n.}",memorial,2,Noun,,memorial,1
"mora, morae, {f.}",delay,5,Noun,,delay,1
"moribundus, moribunda, moribundum",dying,1,Adjective,,dying,1
"morior, morī, mortuus sum",to die,10,Verb,,to die,1
"moror, morārī, morātus sum",to linger; to delay {(with an {{object}})},4,Verb,,to linger ‖ to delay {(with an {{object}})},1
"mors, mortis, {f.}",death,8,Noun,,death,1
"morsus, morsūs, {m.}",bite,2,Noun,,bite,1
"mortālis, mortāle",mortal,2,Adjective,,mortal,1
"mōrum, mōrī, {n.}",mulberry,1,Noun,,mulberry,1
"mōrus, mōrī, {f.}",mulberry tree,1,Noun,,mulberry tree,1
"mōs, mōris, {m.}","custom; character {(of a person's disposition, usually {{plural}})}",5,Noun,,"custom ‖ character {(of a person's disposition, usually {{plural}})}",1
"moveō, movēre, mōvī, mōtum",to move; to bring forward,8,Verb,,to move ‖ to bring forward,1
mox,soon,2,Adverb,,soon,1
"mucrō, mucrōnis, {m.}",sword point,1,Noun,,sword point,1
"mulier, mulieris, {f.}",woman,0,Noun,,woman,1
"multiplex, {(gen.)} multiplicis",having many folds; varied,1,Adjective,,having many folds ‖ varied,1
"multus, multa, multum","much, many {(much in the {{singular}}, many in the {{plural}})}",12,Adjective,,"much, many {(much in the {{singular}}, many in the {{plural}})}",1
"mūniō, mūnīre, mūnīvī, mūnītum",to fortify,1,Verb,,to fortify,1
"mūnus, mūneris, {n.}",gift,5,Noun,,gift,1
"murmur, murmuris, {n.}",murmur,4,Noun,,murmur,1
"mūrus, mūrī, {m.}",wall,3,Noun,,wall,1
"Mūsa, Mūsae, {f.}","Muse {(one of the goddesses of poetry and the arts, invoked for inspiration)}",1,Noun,,"Muse {(one of the goddesses of poetry and the arts, invoked for inspiration)}",1
"mūtābilis, mūtābile",changeable,1,Adjective,,changeable,1
"mūtō, mūtāre, mūtāvī, mūtātum",to change,2,Verb,,to change,1
"Mycēnae, Mycēnārum, {f. pl.}","Mycenae {(a city in Greece, kingdom of Agamemnon)}",2,Noun,,"Mycenae {(a city in Greece, kingdom of Agamemnon)}",1
nam,"you see, and here's why {(indicates that what follows causes what precedes)}",3,Conjunction,,"you see, and here's why {(indicates that what follows causes what precedes)}",1
namque,"you see, and here's why {(indicates that what follows causes what precedes)}",4,Conjunction,,"you see, and here's why {(indicates that what follows causes what precedes)}",1
"nāris, nāris, {f.}",nostril,1,Noun,,nostril,1
"nārrō, nārrāre, nārrāvī, nārrātum",to tell,3,Verb,,to tell,1
"nāscor, nāscī, nātus sum","to be born; {({{masculine}}, the {{participle}} *nātus* used as a {{noun}})} child",5,Verb,,"to be born ‖ {({{masculine}}, the {{participle}} *nātus* used as a {{noun}})} child",1
"nāta, nātae, {f.}",daughter,4,Noun,,daughter,1
"nātālis, nātāle",of birth,1,"Adjective, Noun",,of birth,1
"nātūra, nātūrae, {f.}",nature,1,Noun,,nature,1
"nātus, nātī, {m.}",son,9,Noun,,son,1
"nāvālis, nāvāle","naval; {(as a {{substantive}}, {{neuter}} {{plural}} *nāvālia*)} dockyard",1,Adjective,,"naval ‖ {(as a {{substantive}}, {{neuter}} {{plural}} *nāvālia*)} dockyard",1
"naufragus, naufraga, naufragum",shipwrecked,1,Adjective,,shipwrecked,1
"nāvigō, nāvigāre, nāvigāvī, nāvigātus",to sail,0,Verb,,to sail,1
"nāvis, nāvis, {f.}",ship,4,Noun,,ship,1
nē,that not; do not {(with an {{imperative}})},7,Conjunction,,that not ‖ do not {(with an {{imperative}})},1
-ne,"question marker {({{enclitic}}, attached to the end of the word it follows)}",3,Particle,,"question marker {({{enclitic}}, attached to the end of the word it follows)}",1
"nebula, nebulae, {f.}",mist,1,Noun,,mist,1
necesse,necessary,2,Adjective,,necessary,1
"nefandus, nefanda, nefandum",unspeakable,2,Adjective,,unspeakable,1
"nefās, nefās, {n.}",impious act,1,Noun,,impious act,1
"negō, negāre, negāvī, negātum",to deny,4,Verb,,to deny,1
nempe,certainly,2,Adverb,,certainly,1
"nemus, nemoris, {n.}",grove,4,Noun,,grove,1
"nepōs, nepōtis, {m.}",grandson,2,Noun,,grandson,1
neque / nec,"and...not; neither... nor {(when repeated, *nec... nec*)}",48,Conjunction,,"and...not ‖ neither... nor {(when repeated, *nec... nec*)}",1
nēquīquam,in vain,1,Adverb,,in vain,1
"nēquis, nēquid",lest anyone,1,Adjective,,lest anyone,1
"nervus, nervī, {m.}","sinew; string {(of a bow or lyre, by {{metonymy}})}",2,Noun,,"sinew ‖ string {(of a bow or lyre, by {{metonymy}})}",1
"nesciō, nescīre, nescīvī, nescītum","to not know; [[*nesciō quis* ""I don't know who"" → ""someone or other""]]; [[*nesciō quī* ""I don't know what"" → ""some … or other""]]",8,Verb,,"to not know ‖ [[*nesciō quis* ""I don't know who"" → ""someone or other""]] ‖ [[*nesciō quī* ""I don't know what"" → ""some … or other""]]",1
"nescius, nescia, nescium",unaware; unable {(with an {{infinitive}})},3,Adjective,,unaware ‖ unable {(with an {{infinitive}})},1
nēve / neu,and not,3,Conjunction,,and not,1
"nex, necis, {f.}",violent death,1,Noun,,violent death,1
nī,if not,1,"Adverb, Conjunction",,if not,1
"nīdus, nīdī, {m.}",nest,1,Noun,,nest,1
"niger, nigra, nigrum",black,1,Adjective,,black,1
"nihil, nīl",nothing,3,Noun,,nothing,1
nimis,too much,1,Adverb,,too much,1
nimium,too much,4,"Adjective, Adverb",,too much,1
"Nīnus, Nīnī, {m.}","Ninus {(legendary king of Assyria, associated with Babylon in Pyramus & Thisbe)}",1,Noun,,"Ninus {(legendary king of Assyria, associated with Babylon in Pyramus & Thisbe)}",1
nisi,unless,2,Conjunction,,unless,1
"niteō, nitēre, nituī",to shine,1,Verb,,to shine,1
"nitor, nitōris, {m.}",brightness,1,Noun,,brightness,1
"niveus, nivea, niveum",snow-white,1,Adjective,,snow-white,1
"nivōsus, nivōsa, nivōsum",snowy,1,Adjective,,snowy,1
"noceō, nocēre, nocuī, nocitum",{(with the {{dative|dative-with-special-verbs}})} to harm; {({{present}} {{participle}} *nocens*)} guilty,9,Verb,,{(with the {{dative|dative-with-special-verbs}})} to harm ‖ {({{present}} {{participle}} *nocens*)} guilty,1
"nocturnus, nocturna, nocturnum",of the night,2,Adjective,,of the night,1
"nōdus, nōdī, {m.}",knot,2,Noun,,knot,1
"nōmen, nōminis, {n.}",name; renown,13,Noun,,name ‖ renown,1
"nōminō, nōmināre, nōmināvī, nōminātum",to name,1,Verb,,to name,1
nōn,not,48,Adverb,,not,1
nōndum,not yet,2,Adverb,,not yet,1
"nōs, nostrī / nostrum, nōbīs, nōs, nōbīs","we, us {({{personal pronoun}}, {{plural}})}",14,Pronoun,,"we, us {({{personal pronoun}}, {{plural}})}",1
"nōscō, nōscere, nōvī, nōtum",to get to know,1,Verb,,to get to know,1
"noster, nostra, nostrum",our,36,Adjective,,our,1
"nōtitia, nōtitiae, {f.}",acquaintance,1,Noun,,acquaintance,1
"notō, notāre, notāvī, notātum",to mark; to notice,2,Verb,,to mark ‖ to notice,1
"nōtus, nōta, nōtum",known,7,Adjective,,known,1
novem,nine,1,Numeral,,nine,1
"noverca, novercae, {f.}",stepmother,1,Noun,,stepmother,1
"novissimus, novissima, novissimum",last,2,Adjective,,last,1
"novō, novāre, novāvī, novātum",to renew,1,Verb,,to renew,1
"novus, nova, novum",new; {({{superlative}} *novissimus*)} last,10,Adjective,,new ‖ {({{superlative}} *novissimus*)} last,1
"nox, noctis, {f.}",night,11,Noun,,night,1
"noxa, noxae, {f.}",harm; fault,1,Noun,,harm ‖ fault,1
"nūbilus, nūbila, nūbilum","cloudy; clouds {(as {{substantive}}, {{neuter}} {{plural}})}",1,Adjective,,"cloudy ‖ clouds {(as {{substantive}}, {{neuter}} {{plural}})}",1
"nūbō, nūbere, nūpsī, nūptum",{(with the {{dative|dative-with-special-verbs}})} to marry,2,Verb,,{(with the {{dative|dative-with-special-verbs}})} to marry,1
"nūdō, nūdāre, nūdāvī, nūdātum",to bare,2,Verb,,to bare,1
"nūdus, nūda, nūdum",naked,4,Adjective,,naked,1
"nūllus, nūlla, nūllum",no,8,Adjective,,no,1
"Nomas, Nomadis, {m.}",Nomad {(a nomadic North-African people (Aen. 4.320 *Nomadum*))},1,Noun,,Nomad {(a nomadic North-African people (Aen. 4.320 *Nomadum*))},1
"nūmen, nūminis, {n.}",divine power,6,Noun,,divine power,1
"numerō, numerāre, numerāvī, numerātum","to count; to pay {(of money, by counting out)}",1,Verb,,"to count ‖ to pay {(of money, by counting out)}",1
numquam,never,2,Adverb,,never,1
nunc,now,25,Adverb,,now,1
"nūntia, nūntiae, {f.}",female messenger,1,Noun,,female messenger,1
"nūntiō, nūntiāre, nūntiāvī, nūntiātum",to announce,1,Verb,,to announce,1
"nūntius, nūntiī, {m.}",messenger,1,Noun,,messenger,1
nūper,recently,1,Adverb,,recently,1
"nūpta, nūptae, {f.}",wife,2,Noun,,wife,1
"nūptiae, nūptiārum, {f. pl.}",wedding,0,Noun,,wedding,1
"nūptiālis, nūptiāle",of a wedding,0,Adjective,,of a wedding,1
"nurus, nurūs, {f.}",daughter-in-law,1,Noun,,daughter-in-law,1
"nūtriō, nūtrīre, nūtrīvī, nūtrītum",to nourish,1,Verb,,to nourish,1
"nūtrīx, nūtrīcis, {f.}",nurse,3,Noun,,nurse,1
"nūtus, nūtūs, {m.}",a nod,1,Noun,,a nod,1
"nympha, nymphae, {f.}",nymph,6,Noun,,nymph,1
ō,O,9,Interjection,,O,1
ob,{(with the {{accusative}})} on account of,3,Preposition,,{(with the {{accusative}})} on account of,1
"oblinō, oblinere, oblēvī, oblitum",to smear,1,Verb,,to smear,1
"obnītor, obnītī, obnīxus sum",to push against,1,Verb,,to push against,1
"obruō, obruere, obruī, obrutum",to bury,1,Verb,,to bury,1
"obscūrus, obscūra, obscūrum",dark,3,Adjective,,dark,1
"obsequor, obsequī, obsecūtus sum",to comply with,1,Verb,,to comply with,1
"observō, observāre, observāvī, observātum",to watch,2,Verb,,to watch,1
"obstipēscō, obstipēscere, obstipuī",to be amazed,1,Verb,,to be amazed,1
"obstō, obstāre, obstitī",{(with the {{dative|dative-with-compounds}})} to stand in the way,2,Verb,,{(with the {{dative|dative-with-compounds}})} to stand in the way,1
"obstruō, obstruere, obstrūxī, obstrūctum",to block up,1,Verb,,to block up,1
"obtundō, obtundere, obtudī, obtūsum","to beat; to blunt, dull",1,Verb,,"to beat ‖ to blunt, dull",1
"obvius, obvia, obvium",meeting,2,Adjective,,meeting,1
"occāsus, occāsūs, {m.}",setting; downfall,1,Noun,,setting ‖ downfall,1
"occidō, occidere, occidī, occāsum",to fall; to die,2,Verb,,to fall ‖ to die,1
"occulō, occulere, occuluī, occultum",to hide,1,Verb,,to hide,1
"occupō, occupāre, occupāvī, occupātum",to seize,1,Verb,,to seize,1
"occurrō, occurrere, occurrī, occursum",to meet,1,Verb,,to meet,1
"Ōceanus, Ōceanī, {m.}",Oceanus {(the great river/god encircling the world in ancient cosmology)},1,Noun,,Oceanus {(the great river/god encircling the world in ancient cosmology)},1
"ōcior, ōcius",swifter,2,Adjective,,swifter,1
"oculus, oculī, {m.}",eye,12,Noun,,eye,1
"ōdī, ōdisse",to hate,2,Verb,,to hate,1
"odium, odiī, {n.}",hatred,3,Noun,,hatred,1
"odor, odōris, {m.}",smell,1,Noun,,smell,1
"odōrātus, odōrāta, odōrātum",fragrant,1,Adjective,,fragrant,1
"officium, officiī, {n.}",duty,1,Noun,,duty,1
ōlim,once upon a time; someday,4,Adverb,,once upon a time ‖ someday,1
"olor, olōris, {m.}",swan,1,Noun,,swan,1
"Olympus, Olympī, {m.}",Olympus {(mountain home of the gods)}; the heavens {(by {{metonymy}})},1,Noun,,Olympus {(mountain home of the gods)} ‖ the heavens {(by {{metonymy}})},1
"ōmen, ōminis, {n.}",omen,3,Noun,,omen,1
omnīnō,entirely,1,Adverb,,entirely,1
"omnis, omne",all,19,Adjective,,all,1
"onerō, onerāre, onerāvī, onerātum",to load,1,Verb,,to load,1
"onustus, onusta, onustum",laden,1,Adjective,,laden,1
"operiō, operīre, operuī, opertum",to cover,1,Verb,,to cover,1
"opifer, opifera, opiferum",aid-bringing,1,Adjective,,aid-bringing,1
"opifex, opificis, {m.}",craftsman,1,Noun,,craftsman,1
"oppositus, opposita, oppositum",set against,1,Adjective,,set against,1
"oppugnō, oppugnāre, oppugnāvī, oppugnātus",to attack,0,Verb,,to attack,1
"ops, opis, {f.}",help; wealth {(in the {{plural}})},9,Noun,,help ‖ wealth {(in the {{plural}})},1
"optō, optāre, optāvī, optātum",to wish for,3,Verb,,to wish for,1
"opus, operis, {n.}",work,6,Noun,,work,1
"ōra, ōrae, {f.}",shore,8,Noun,,shore,1
"ōrāculum, ōrāculī, {n.}",oracle,1,Noun,,oracle,1
"orbis, orbis, {m.}",circle; world {(by {{metonymy}})},5,Noun,,circle ‖ world {(by {{metonymy}})},1
"ōrdior, ōrdīrī, ōrsus sum",to begin,2,Verb,,to begin,1
"ōrdō, ōrdinis, {m.}",row,2,Noun,,row,1
"oriēns, orientis, {m.}",the rising sun; the east,2,"Noun, Adjective",,the rising sun ‖ the east,1
"orīgō, orīginis, {f.}",origin,2,Noun,,origin,1
"Ōrīōn, Ōrīōnis, {m.}",Orion {(a mythical hunter later placed among the stars as a constellation)},1,Noun,,Orion {(a mythical hunter later placed among the stars as a constellation)},1
"orior, orīrī, ortus sum",to rise; {(with the {{ablative|ablative-of-origin}})} to be descended {(of birth or lineage)},1,Verb,,to rise ‖ {(with the {{ablative|ablative-of-origin}})} to be descended {(of birth or lineage)},1
"ōrō, ōrāre, ōrāvī, ōrātum",to beg,4,Verb,,to beg,1
"ōs, ōris, {n.}","mouth; face; {(distinct from *os, ossis*)}",24,Noun,,"mouth ‖ face ‖ {(distinct from *os, ossis*)}",1
"os, ossis, {n.}",bone,5,Noun,,bone,1
"ōsculum, ōsculī, {n.}",kiss; {(literally)} little mouth {(a sense sometimes still used by the poets)},9,Noun,,kiss ‖ {(literally)} little mouth {(a sense sometimes still used by the poets)},1
"ostendō, ostendere, ostendī, ostentus",to show,0,Verb,,to show,1
"ostentō, ostentāre, ostentāvī, ostentātum",to display,1,Verb,,to display,1
"ōstium, ōstiī, {n.}",door; mouth {(of a river or harbor)},1,Noun,,door ‖ mouth {(of a river or harbor)},1
"ostrum, ostrī, {n.}",purple dye,1,Noun,,purple dye,1
"ovis, ovis, {f.}",sheep,1,Noun,,sheep,1
"pacīscor, pacīscī, pactus sum",to bargain,1,Verb,,to bargain,1
"Paeān, Paeānis, {m.}",Paean {(a cult title of Apollo)},1,Noun,,Paean {(a cult title of Apollo)},1
"paelex, paelicis, {f.}",mistress,1,Noun,,mistress,1
"paenitet, paenitēre, paenituit","to regret {({{impersonal}}; the one who regrets is the {{accusative}} {{object}}, not the {{subject}}: *Cicerōnem dīcisse paenitet*, ""Cicero regrets having spoken"")}",1,Verb,,"to regret {({{impersonal}}; the one who regrets is the {{accusative}} {{object}}, not the {{subject}}: *Cicerōnem dīcisse paenitet*, ""Cicero regrets having spoken"")}",1
"pallidus, pallida, pallidum",pale,4,Adjective,,pale,1
"pangō, pangere, pepigī, pāctum",to fasten; to settle; to agree upon,1,Verb,,to fasten ‖ to settle ‖ to agree upon,1
"Paphos, Paphī, {f.}",Paphos {(city in Cyprus famous for its temple of Venus)},1,Noun,,Paphos {(city in Cyprus famous for its temple of Venus)},1
"parcō, parcere, pepercī, parsum",{(with the {{dative|dative-with-special-verbs}})} to spare; to refrain from,4,Verb,{(with the {{dative|dative-with-special-verbs}})},to spare ‖ to refrain from,1
"parēns, parentis, {m./f.}",parent,9,Noun,,parent,1
"pariēs, parietis, {m.}",wall,2,Noun,,wall,1
"pariō, parere, peperī, partum","to give birth to; to gain {(of glory, victory, or the like)}",1,Verb,,"to give birth to ‖ to gain {(of glory, victory, or the like)}",1
pariter,equally; at the same time,3,Adverb,,equally ‖ at the same time,1
"Parnāsus, Parnāsī, {m.}",Parnassus {(mountain in Greece sacred to Apollo and the Muses)},1,Noun,,Parnassus {(mountain in Greece sacred to Apollo and the Muses)},1
"parō, parāre, parāvī, parātum",to prepare,7,Verb,,to prepare,1
"Paros, Parī, {f.}",Paros {(an island in the Cyclades famous for its white marble)},1,Noun,,Paros {(an island in the Cyclades famous for its white marble)},1
"pars, partis, {f.}","part; direction; [[*quota pars* ""which-numbered part"" → ""how small a fraction""]] {(cf. *tertia pars* ""the third part"" → ""a third"")}",9,Noun,,"part ‖ direction ‖ [[*quota pars* ""which-numbered part"" → ""how small a fraction""]] {(cf. *tertia pars* ""the third part"" → ""a third"")}",1
"parturiō, parturīre, parturīvī",to be in labor,1,Verb,,to be in labor,1
"partus, partūs, {m.}",birth; offspring {(by {{metonymy}})},2,Noun,,birth ‖ offspring {(by {{metonymy}})},1
"parvulus, parvula, parvulum",very small,1,Adjective,,very small,1
"parvus, parva, parvum",small,4,Adjective,,small,1
"Pāsiphaē, Pāsiphaēs, {f.}",Pasiphae {(wife of King Minos of Crete; mother of the Minotaur)},1,Noun,,Pasiphae {(wife of King Minos of Crete; mother of the Minotaur)},1
passim,here and there,1,Adverb,,here and there,1
"passus, passūs, {m.}",step,1,Noun,,step,1
"pāstor, pāstōris, {m.}",shepherd,3,Noun,,shepherd,1
"Patarēus, Patarēa, Patarēum",Patarean {(Patara is a city in Lycia with a famous oracle of Apollo)},1,Adjective,,Patarean {(Patara is a city in Lycia with a famous oracle of Apollo)},1
"Patavium, Pataviī, {n.}","Patavium {(a city in northern Italy, modern Padua, founded by Antenor)}",1,Noun,,"Patavium {(a city in northern Italy, modern Padua, founded by Antenor)}",1
"pateō, patēre, patuī",to lie open; to be revealed,6,Verb,,to lie open ‖ to be revealed,1
"pater, patris, {m.}",father; {(in the {{plural}} *patrēs*)} ancestors,20,Noun,,father ‖ {(in the {{plural}} *patrēs*)} ancestors,1
"patera, paterae, {f.}",libation bowl,1,Noun,,libation bowl,1
"paternus, paterna, paternum",paternal,1,Adjective,,paternal,1
"patior, patī, passus sum",to suffer; to allow,5,Verb,,to suffer ‖ to allow,1
"patria, patriae, {f.}",native land,8,Noun,,native land,1
"patrius, patria, patrium",of one's father; ancestral,7,Adjective,,of one's father ‖ ancestral,1
"paucī, paucae, pauca",few,2,Adjective,,few,1
paulātim,little by little,1,Adverb,,little by little,1
paulisper,for a little while,0,Adverb,,for a little while,1
paulum,a little,1,Adverb,,a little,1
"pauper, {(gen.)} pauperis",poor,1,Adjective,,poor,1
"pāx, pācis, {f.}",peace,4,Noun,,peace,1
"pectus, pectoris, {n.}",breast; heart {(as the seat of emotion)},16,Noun,,breast ‖ heart {(as the seat of emotion)},1
"pecūnia, pecūniae, {f.}",money,0,Noun,,money,1
"pecus, pecudis, {f.}",a head of livestock,2,Noun,,a head of livestock,1
"peior, peius",worse,2,Adjective,,worse,1
"pelagus, pelagī, {n.}",sea,6,Noun,,sea,1
"Pelasgus, Pelasga, Pelasgum",Pelasgian {(poetic {{adjective}} meaning Greek)},2,Adjective,,Pelasgian {(poetic {{adjective}} meaning Greek)},1
"Peliās, Peliae, {m.}",Pelias {(king of Iolcus who sent Jason to fetch the Golden Fleece)},1,Noun,,Pelias {(king of Iolcus who sent Jason to fetch the Golden Fleece)},1
"Pēlias, {(gen.)} Pēliadis",Pelian {(of Mount Pelion)},1,Adjective,,Pelian {(of Mount Pelion)},1
"pellō, pellere, pepulī, pulsum",to drive,2,Verb,,to drive,1
"Penātēs, Penātium, {m. pl.}","Penates {(the Roman household gods, guardians of the home)}",3,Noun,,"Penates {(the Roman household gods, guardians of the home)}",1
"pendeō, pendēre, pependī, pēnsum",to hang,5,Verb,,to hang,1
"pendō, pendere, pependī, pēnsum","to pay {(of a penalty, as *poenās pendere*; not *pendeō* “to hang”)}",1,Verb,,"to pay {(of a penalty, as *poenās pendere*; not *pendeō* “to hang”)}",1
"Pēnēis, {(gen.)} Pēnēidos",Peneian {(of/pertaining to the river Peneus (Daphne's father) in Thessaly)}; daughter of Peneus,3,Adjective,,Peneian {(of/pertaining to the river Peneus (Daphne's father) in Thessaly)} ‖ daughter of Peneus,1
"Pēnēius, Pēnēia, Pēnēium",Peneian {(of/pertaining to the river Peneus (Daphne's father) in Thessaly)},2,Adjective,,Peneian {(of/pertaining to the river Peneus (Daphne's father) in Thessaly)},1
"penetrō, penetrāre, penetrāvī, penetrātum",to enter,1,Verb,,to enter,1
"penna, pennae, {f.}",feather; wing,9,Noun,,feather ‖ wing,1
per,{(with the {{accusative}})} through; across {(of spatial extent or motion)}; during {(of temporal duration)}; by means of {(of agency or cause)}; by {(in oaths or entreaties)},45,Preposition,{(with the {{accusative}})},through ‖ across {(of spatial extent or motion)} ‖ during {(of temporal duration)} ‖ by means of {(of agency or cause)} ‖ by {(in oaths or entreaties)},1
"peragō, peragere, perēgī, perāctum",to complete,1,Verb,,to complete,1
"peragrō, peragrāre, peragrāvī, peragrātum",to travel through,2,Verb,,to travel through,1
"percipiō, percipere, percēpī, perceptum",to take in,1,Verb,,to take in,1
"percutiō, percutere, percussī, percussum",to strike,3,Verb,,to strike,1
"perdō, perdere, perdidī, perditum",to destroy; to waste,10,Verb,,to destroy ‖ to waste,1
"perdomō, perdomāre, perdomuī, perdomitum",to conquer completely,1,Verb,,to conquer completely,1
"peregrīnus, peregrīna, peregrīnum",foreign,2,"Noun, Adjective",,foreign,1
"pereō, perīre, periī, peritum",to die,3,Verb,,to die,1
"perferō, perferre, pertulī, perlātum",to carry through,1,Verb,,to carry through,1
"perficiō, perficere, perfēcī, perfectum",to complete,1,Verb,,to complete,1
"perfidia, perfidiae, {f.}",treachery,2,Noun,,treachery,1
"perfidus, perfida, perfidum",faithless,4,Adjective,,faithless,1
"Pergama, Pergamōrum, {n. pl.}",Pergama {(the citadel of Troy; used as a name for Troy itself)},2,Noun,,Pergama {(the citadel of Troy; used as a name for Troy itself)},1
"pergō, pergere, perrēxī, perrēctum",to proceed,3,Verb,,to proceed,1
"perhibeō, perhibēre, perhibuī, perhibitum",to say,1,Verb,,to say,1
"perīculōsus, perīculōsa, perīculōsum",dangerous,0,Adjective,,dangerous,1
"perīculum, perīculī, {n.}",danger,2,Noun,,danger,1
"perimō, perimere, perēmī, perēmptum",to kill,1,Verb,,to kill,1
"periūrium, periūriī, {n.}",false oath,1,Noun,,false oath,1
"permātūrēscō, permātūrēscere, permātūruī",to ripen fully,1,Verb,,to ripen fully,1
"permittō, permittere, permīsī, permissum",to hand over,1,Verb,,to hand over,1
"pernīx, {(gen.)} pernīcis",swift,1,Adjective,,swift,1
"perōsus, perōsa, perōsum",hating,1,Adjective,,hating,1
"perpetuus, perpetua, perpetuum",perpetual,2,Adjective,,perpetual,1
"persequor, persequī, persecūtus sum",to pursue,1,Verb,,to pursue,1
"persuādeō, persuādēre, persuāsī, persuāsus",to persuade,0,Verb,,to persuade,1
"pertimeō, pertimēre, pertimuī",to be terrified,1,Verb,,to be terrified,1
"perveniō, pervenīre, pervēnī, perventum",to arrive,3,Verb,,to arrive,1
"pervigil, {(gen.)} pervigilis",sleepless,1,Adjective,,sleepless,1
"pēs, pedis, {m.}",foot,8,Noun,,foot,1
"pestifer, pestifera, pestiferum",destructive,1,Adjective,,destructive,1
"petō, petere, petīvī / petiī, petītum",to seek; to make for {(of a destination)}; to beg; to attack,14,Verb,,to seek ‖ to make for {(of a destination)} ‖ to beg ‖ to attack,1
"pharetra, pharetrae, {f.}",quiver,4,Noun,,quiver,1
"Phāsiacus, Phāsiaca, Phāsiacum","Colchian {(pertaining to the Phasis river in Colchis, Medea's homeland)}",1,Adjective,,"Colchian {(pertaining to the Phasis river in Colchis, Medea's homeland)}",1
"Phoebē, Phoebēs, {f.}",Phoebe {(epithet/name for the moon goddess (Diana))},1,Noun,,Phoebe {(epithet/name for the moon goddess (Diana))},1
"Phoebus, Phoebī, {m.}",Phoebus {(epithet of Apollo as sun god; pursues Daphne)},7,Noun,,Phoebus {(epithet of Apollo as sun god; pursues Daphne)},1
"Phoenissus, Phoenissa, Phoenissum",Phoenician,1,Adjective,,Phoenician,1
"Phoenīcēs, Phoenīcum, {m. pl.}",Phoenician,1,Noun,,Phoenician,1
"Phrixēus, Phrixēa, Phrixēum","of Phrixus {({{adjective}} referring to Phrixus, the boy who fled on the golden-fleeced ram (associated with the Golden Fleece myth of Jason and Medea))}",1,Adjective,,"of Phrixus {({{adjective}} referring to Phrixus, the boy who fled on the golden-fleeced ram (associated with the Golden Fleece myth of Jason and Medea))}",1
"Phrygius, Phrygia, Phrygium",Phrygian {(of Phrygia (region in Asia Minor associated with Troy))},2,Adjective,,Phrygian {(of Phrygia (region in Asia Minor associated with Troy))},1
"Phthīa, Phthīae, {f.}","Phthia {(a region in Thessaly, home of Achilles and the Myrmidons)}",1,Noun,,"Phthia {(a region in Thessaly, home of Achilles and the Myrmidons)}",1
"Phthīas, Phthīadis, {f.}",Phthian {(from or relating to the city of Phthia)},1,Noun,,Phthian {(from or relating to the city of Phthia)},1
"piāculum, piāculī, {n.}",expiatory sacrifice,1,Noun,,expiatory sacrifice,1
"piceus, picea, piceum",pitchy,1,Adjective,,pitchy,1
"pietās, pietātis, {f.}",sense of duty,3,Noun,,sense of duty,1
"piger, pigra, pigrum",sluggish,1,Adjective,,sluggish,1
"piget, pigēre, piguit",it irks,4,Verb,,it irks,1
"pignus, pignoris, {n.}","pledge; child {(usually {{plural}}, by {{metonymy}})}",1,Noun,,"pledge ‖ child {(usually {{plural}}, by {{metonymy}})}",1
"pīneus, pīnea, pīneum",of pine,1,Adjective,,of pine,1
"pingō, pingere, pīnxī, pictum",to paint,1,Verb,,to paint,1
"pinguis, pingue",fat,1,Adjective,,fat,1
"piscis, piscis, {m.}",fish,1,Noun,,fish,1
"pius, pia, pium",dutiful; sacred {(of things devoted to ritual use)},5,Adjective,,dutiful ‖ sacred {(of things devoted to ritual use)},1
"placeō, placēre, placuī, placitum","{(with the {{dative|dative-with-special-verbs}})} to please; {({{impersonal}}, *placitum est*)} to be resolved",6,Verb,,"{(with the {{dative|dative-with-special-verbs}})} to please ‖ {({{impersonal}}, *placitum est*)} to be resolved",1
"placidus, placida, placidum",calm,1,Adjective,,calm,1
"plaga, plagae, {f.}",region,2,Noun,,region,1
"plangō, plangere, plānxī, plānctum",to beat,2,Verb,,to beat,1
"plangor, plangōris, {m.}",beating {(of oneself in mourning)}; wailing,2,Noun,,beating {(of oneself in mourning)} ‖ wailing,1
"plector, plectī",to be punished,1,Verb,,to be punished,1
"plēnus, plēna, plēnum",full,4,Adjective,,full,1
"plūma, plūmae, {f.}",feather,2,Noun,,feather,1
"plumbum, plumbī, {n.}",lead,2,Noun,,lead,1
"plūrimus, plūrima, plūrima",the most; very many,2,Adjective,,the most ‖ very many,1
"plūs, {(gen.)} plūris",more,5,Adjective,,more,1
"poena, poenae, {f.}","punishment, penalty",9,Noun,,"punishment, penalty",1
"Poenus, Poenī, {m.}",Carthaginian,1,Noun,,Carthaginian,1
"pollex, pollicis, {m.}",thumb,1,Noun,,thumb,1
"polliceor, pollicērī, pollicitus sum",to promise,1,Verb,,to promise,1
"polus, polī, {m.}",sky,1,Noun,,sky,1
"pompa, pompae, {f.}",procession,2,Noun,,procession,1
"pōmum, pōmī, {n.}",fruit,3,Noun,,fruit,1
"pondus, ponderis, {n.}",weight; significance,2,Noun,,weight ‖ significance,1
"pōnō, pōnere, posuī, positum","to put; to establish {(of a city or walls)}; to lay aside; to subside {({{intransitive}}, of wind or sea)}",15,Verb,,"to put ‖ to establish {(of a city or walls)} ‖ to lay aside ‖ to subside {({{intransitive}}, of wind or sea)}",1
"pontus, pontī, {m.}",sea; the Black Sea {(as a proper name)},2,Noun,,sea ‖ the Black Sea {(as a proper name)},1
"populus, populī, {m.}",the people {(as a political body)}; a people {(like *gēns*)},8,Noun,,the people {(as a political body)} ‖ a people {(like *gēns*)},1
"porta, portae, {f.}",gate,2,Noun,,gate,1
"portō, portāre, portāvī, portātum",to carry,2,Verb,,to carry,1
"portus, portūs, {m.}",harbor,4,Noun,,harbor,1
"poscō, poscere, poposcī",to demand,4,Verb,,to demand,1
"possideō, possidēre, possēdī, possessum",to possess,2,Verb,,to possess,1
"possum, posse, potuī",to be able,25,Verb,,to be able,1
post,{(with the {{accusative}})} behind; after,3,"Adverb, Preposition",{(with the {{accusative}})},behind ‖ after,1
"posterus, postera, posterum",following,1,Adjective,,following,1
"postis, postis, {m.}",doorpost,1,Noun,,doorpost,1
postquam,after,4,Conjunction,,after,1
"postulō, postulāre, postulāvī, postulātum",to demand,1,Verb,,to demand,1
"potēns, {(gen.)} potentis",powerful,2,Adjective,,powerful,1
"potentia, potentiae, {f.}",power,1,Noun,,power,1
"potestās, potestātis, {f.}",power,1,Noun,,power,1
"potis, pote","able; {({{adverb}}, {{comparative}} *potius*)} rather",1,Adjective,,"able ‖ {({{adverb}}, {{comparative}} *potius*)} rather",1
potius,rather,2,Adverb,,rather,1
"praebeō, praebēre, praebuī, praebitum",to provide,5,Verb,,to provide,1
"praeceptum, praeceptī, {n.}",instruction,1,Noun,,instruction,1
"praecipitō, praecipitāre, praecipitāvī, praecipitātum",to throw headlong,1,Verb,,to throw headlong,1
praecipuē,especially,1,Adverb,,especially,1
"praeclārus, praeclāra, praeclārum",splendid,1,Adjective,,splendid,1
"praecordia, praecordiōrum, {n. pl.}",chest; heart {(as seat of feeling)},2,Noun,,chest ‖ heart {(as seat of feeling)},1
"praeda, praedae, {f.}",loot; prey,2,Noun,,loot ‖ prey,1
"praedīcō, praedīcere, praedīxī, praedictum",to say beforehand,1,Verb,,to say beforehand,1
"praeferō, praeferre, praetulī, praelātum",to prefer,1,Verb,,to prefer,1
"praeficiō, praeficere, praefēcī, praefectum",to put in charge of,1,Verb,,to put in charge of,1
"praemedicātus, praemedicāta, praemedicātum",pre-treated with drugs,1,Adjective,,pre-treated with drugs,1
"praemium, praemiī, {n.}",reward,1,Noun,,reward,1
"praepes, {(gen.)} praepetis",swift-flying,1,"Adjective, Noun",,swift-flying,1
"praepōnō, praepōnere, praeposuī, praepositum",to place before; to prefer,1,Verb,,to place before ‖ to prefer,1
"praetendō, praetendere, praetendī, praetentum",to hold out in front,2,Verb,,to hold out in front,1
praeter,"{(with the {{accusative}})} past, beyond; except",1,Preposition,{(with the {{accusative}})},"past, beyond ‖ except",1
praetereā,besides,1,Adverb,,besides,1
"praetexō, praetexere, praetexuī, praetextum",to weave in front; to place before as a covering; to conceal,1,Verb,,to weave in front ‖ to place before as a covering ‖ to conceal,1
"praevertō, praevertere, praevertī, praeversum",to outrun,1,Verb,,to outrun,1
"prāvus, prāva, prāvum",crooked; wicked,1,Adjective,,crooked ‖ wicked,1
"precēs, precum, {f. pl.}",prayers,1,Noun,,prayers,1
"precor, precārī, precātus sum",to pray,5,Verb,,to pray,1
"premō, premere, pressī, pressum",to press; to cover; to suppress,10,Verb,,to press ‖ to cover ‖ to suppress,1
"pretiōsus, pretiōsa, pretiōsum",valuable,1,Adjective,,valuable,1
"pretium, pretiī, {n.}",price; reward,1,Noun,,price ‖ reward,1
"prex, precis, {f.}",prayer,4,Noun,,prayer,1
"Priamus, Priamī, {m.}",Priamus {(the last king of Troy)},1,Noun,,Priamus {(the last king of Troy)},1
prīmum,first,1,"Adjective, Adverb",,first,1
"prīmus, prīma, prīmum",first; {(adverbially)} at first,20,Adjective,,first ‖ {(adverbially)} at first,1
"prīncipium, prīncipiī, {n.}","beginning; {(adverbial {{ablative}}, *principiō*)} first",1,Noun,,"beginning ‖ {(adverbial {{ablative}}, *principiō*)} first",1
"prior, prius","former; first {(before another, in time or action)}",5,Adjective,,"former ‖ first {(before another, in time or action)}",1
priusquam,before,0,Conjunction,,before,1
prō,{(with the {{ablative|ablative-with-prepositions}})} in front of; in return for; instead of; on behalf of; in accordance with; {(with the {{vocative}})} O {(as an {{interjection}})},8,Preposition,{(with the {{ablative|ablative-with-prepositions}})},in front of ‖ in return for ‖ instead of ‖ on behalf of ‖ in accordance with ‖ {(with the {{vocative}})} O {(as an {{interjection}})},1
"prōcēdō, prōcēdere, prōcessī, prōcessum",to advance,1,Verb,,to advance,1
"procella, procellae, {f.}",storm,1,Noun,,storm,1
procul,at a distance,2,Adverb,,at a distance,1
"prōcumbō, prōcumbere, prōcubuī, prōcubitum",to fall forward,1,Verb,,to fall forward,1
"procus, procī, {m.}",suitor,1,Noun,,suitor,1
"prōdō, prōdere, prōdidī, prōditum",to betray,3,Verb,,to betray,1
"prōdūcō, prōdūcere, prōdūxī, prōductum",to lead forth; to prolong {(of time or life)},2,Verb,,to lead forth ‖ to prolong {(of time or life)},1
"profānō, profānāre, profānāvī, profānātum",to desecrate,1,Verb,,to desecrate,1
"proficīscor, proficīscī, profectus sum",to set out,1,Verb,,to set out,1
"profugus, profuga, profugum",fleeing,1,Adjective,,fleeing,1
"prōgeniēs, prōgeniēī, {f.}",offspring,1,Noun,,offspring,1
"prōgignō, prōgignere, prōgenuī, prōgenitum",to beget,2,Verb,,to beget,1
"prōlēs, prōlis, {f.}",offspring,3,Noun,,offspring,1
"prōmereō, prōmerēre, prōmeruī, prōmeritum",to deserve,1,Verb,,to deserve,1
"prōmittō, prōmittere, prōmīsī, prōmissum",to promise,1,Verb,,to promise,1
"prōmō, prōmere, prōmpsī, prōmptum",to bring forth,1,Verb,,to bring forth,1
"prōnuba, prōnubae, {f.}",matron of honor,1,Noun,,matron of honor,1
"prōnus, prōna, prōnum",leaning forward,1,Adjective,,leaning forward,1
"properō, properāre, properāvī, properātum",to hurry,3,Verb,,to hurry,1
"prophēta, prophētae, {m.}",prophet,0,Noun,,prophet,1
"propior, propius",nearer,1,Adjective,,nearer,1
propter,{(with the {{accusative}})} because of,2,Preposition,,{(with the {{accusative}})} because of,1
"prōpugnāculum, prōpugnāculī, {n.}",rampart,1,Noun,,rampart,1
"prōrumpō, prōrumpere, prōrūpī, prōruptum",to burst forth,1,Verb,,to burst forth,1
"prōsequor, prōsequī, prōsecūtus sum",to accompany; to follow onward; to continue,2,Verb,,to accompany ‖ to follow onward ‖ to continue,1
"prōsum, prōdesse, prōfuī",{(with the {{dative|dative-with-special-verbs}})} to benefit,4,Verb,,{(with the {{dative|dative-with-special-verbs}})} to benefit,1
prōtinus,immediately,4,Adverb,,immediately,1
"prōveniō, prōvenīre, prōvēnī, prōventus",to come forth,0,Verb,,to come forth,1
"pruīnōsus, pruīnōsa, pruīnōsum",frosty,1,Adjective,,frosty,1
"pūbēs, pūbis, {f.}",young men,1,Noun,,young men,1
"pūblicus, pūblica, pūblicum",public,0,Adjective,,public,1
"pudeō, pudēre, puduī, puditum",to feel shame,1,Verb,,to feel shame,1
"pudīcus, pudīca, pudīcum",chaste,1,Adjective,,chaste,1
"pudor, pudōris, {m.}",shame,5,Noun,,shame,1
"puella, puellae, {f.}",girl,3,Noun,,girl,1
"puer, puerī, {m.}",boy,8,Noun,,boy,1
"pugna, pugnae, {f.}",battle,1,Noun,,battle,1
"pugnō, pugnāre, pugnāvī, pugnātum",to fight,1,Verb,,to fight,1
"pulcher, pulchra, pulchrum",beautiful,5,Adjective,,beautiful,1
"pullus, pulla, pullum",dark-colored,1,"Noun, Adjective",,dark-colored,1
"pulsō, pulsāre, pulsāvī, pulsātum",to strike,1,Verb,,to strike,1
"pulvis, pulveris, {m.}",dust,1,Noun,,dust,1
"Pūnicus, Pūnica, Pūnicum",Carthaginian,2,Adjective,,Carthaginian,1
"pūniō, pūnīre, pūnīvī, pūnītus",to punish,0,Verb,,to punish,1
"puppis, puppis, {f.}",stern; ship {(by {{metonymy}})},3,Noun,,stern ‖ ship {(by {{metonymy}})},1
"purpureus, purpurea, purpureum",purple,3,Adjective,,purple,1
"putō, putāre, putāvī, putātum",to think,5,Verb,,to think,1
"Pygmaliōn, Pygmaliōnis, {m.}","Pygmalion {(Dido's brother, king of Tyre, who murdered her husband Sychaeus)}",4,Noun,,"Pygmalion {(Dido's brother, king of Tyre, who murdered her husband Sychaeus)}",1
"Pȳramus, Pȳramī, {m.}","Pyramus {(Babylonian youth, tragic lover of Thisbe)}",6,Noun,,"Pyramus {(Babylonian youth, tragic lover of Thisbe)}",1
"Pȳthōn, Pȳthōnis, {m.}",Python {(the monstrous serpent slain by Apollo at Delphi)},1,Noun,,Python {(the monstrous serpent slain by Apollo at Delphi)},1
quā,where,4,Adverb,,where,1
"quaerō, quaerere, quaesīvī, quaesītum",to seek; to ask,13,Verb,,to seek ‖ to ask,1
"quālis, quāle",of what kind,3,Adjective,,of what kind,1
quam,"how {(as an exclamatory {{adverb}})}; than {(after a {{comparative}})}; as {(in the pairing *tam ... quam*, ""as ... as"")}; as {(with a {{superlative}}, ""as ... as possible"")}",15,Conjunction,,"how {(as an exclamatory {{adverb}})} ‖ than {(after a {{comparative}})} ‖ as {(in the pairing *tam ... quam*, ""as ... as"")} ‖ as {(with a {{superlative}}, ""as ... as possible"")}",1
quamvīs,although,1,"Adverb, Conjunction",,although,1
quandō,when; since {(causal)},3,"Adverb, Conjunction",,when ‖ since {(causal)},1
"quantus, quanta, quantum","how great, how much; as much as {(sometimes with *tantus* in the main clause)}",7,Adjective,,"how great, how much ‖ as much as {(sometimes with *tantus* in the main clause)}",1
quasi,as if,1,Conjunction,,as if,1
quater,four times,2,Adverb,,four times,1
"quatiō, quatere, quassī, quassum",to shake,1,Verb,,to shake,1
-que,"and {({{enclitic}}, attached to the end of the word it follows)}; {(when repeated, *-que... -que*)} both... and",235,Conjunction,,"and {({{enclitic}}, attached to the end of the word it follows)} ‖ {(when repeated, *-que... -que*)} both... and",1
"quercus, quercūs, {f.}",oak tree; oak wreath {(the civic crown of oak leaves)},1,Noun,,oak tree ‖ oak wreath {(the civic crown of oak leaves)},1
"querēla, querēlae, {f.}",complaint,1,Noun,,complaint,1
"queror, querī, questus sum",to complain,5,Verb,,to complain,1
"quī, quae, quod","who, which, that {(as a {{relative pronoun}})}; this {(equivalent to *is* or *ille* at the start of a sentence)}; which?, what? {(as an {{interrogative adjective|interrogative-pronoun}} — cf. *quis, quid*)}; [[*nesciō quī* ""I don't know what"" → ""some … or other""]]; any {(as an {{indefinite adjective|indefinite-pronoun}} after *sī, nisi, num, nē*)}",124,Adjective,,"who, which, that {(as a {{relative pronoun}})} ‖ this {(equivalent to *is* or *ille* at the start of a sentence)} ‖ which?, what? {(as an {{interrogative adjective|interrogative-pronoun}} — cf. *quis, quid*)} ‖ [[*nesciō quī* ""I don't know what"" → ""some … or other""]] ‖ any {(as an {{indefinite adjective|indefinite-pronoun}} after *sī, nisi, num, nē*)}",1
quia,because,2,Conjunction,,because,1
"quīcumque, quaecumque, quodcumque","whoever, whatever",4,Pronoun,,"whoever, whatever",1
quidem,"indeed {(following and emphasising the word it qualifies, often answered by *sed* or *tamen*)}",3,Adverb,,"indeed {(following and emphasising the word it qualifies, often answered by *sed* or *tamen*)}",1
quidlibet,anything you like,1,Pronoun,,anything you like,1
"quiēs, quiētis, {f.}",rest,1,Noun,,rest,1
"quiēscō, quiēscere, quiēvī, quiētum",to rest,2,Verb,,to rest,1
"quiētus, quiēta, quiētum",calm,1,Adjective,,calm,1
quīn,"why not; indeed {(intensifying, often *quīn etiam*)}; that, from ______-ing {(after a negated expression of doubting or hindering, with the {{subjunctive}})}",4,"Adverb, Conjunction",,"why not ‖ indeed {(intensifying, often *quīn etiam*)} ‖ that, from ______-ing {(after a negated expression of doubting or hindering, with the {{subjunctive}})}",1
"Quirīnus, Quirīnī, {m.}",Quirinus {(Roman deity identified with the deified Romulus)},1,Noun,,Quirinus {(Roman deity identified with the deified Romulus)},1
"quis, quid","who? {({{interrogative pronoun}})}; what? {({{interrogative pronoun}})}; why? {(as the adverbial {{neuter}} *quid*)}; [[*nesciō quis* ""I don't know who"" → ""someone or other""]]; anyone, anything {(as an {{indefinite pronoun}} after *sī, nisi, nē, num*)}",46,Pronoun,,"who? {({{interrogative pronoun}})} ‖ what? {({{interrogative pronoun}})} ‖ why? {(as the adverbial {{neuter}} *quid*)} ‖ [[*nesciō quis* ""I don't know who"" → ""someone or other""]] ‖ anyone, anything {(as an {{indefinite pronoun}} after *sī, nisi, nē, num*)}",1
"quisquam, quicquam",anyone,1,Pronoun,,anyone,1
"quisque, quaeque, quicque / quidque / quodque",each,7,Adjective,,each,1
"quisquis, quidquid",whoever,3,Pronoun,,whoever,1
"quīvīs, quaevīs, quodvīs",any (you like),1,Adjective,,any (you like),1
quō,"to where; {(with a {{comparative}})} by how much, by as much as {(answered by *hōc/eō*, ""by this/that much"")}",5,Adverb,,"to where ‖ {(with a {{comparative}})} by how much, by as much as {(answered by *hōc/eō*, ""by this/that much"")}",1
quod,because; that {(introducing a fact: the {{clause}} functions as a {{substantive}})},6,Conjunction,,because ‖ that {(introducing a fact: the {{clause}} functions as a {{substantive}})},1
quodsī,but if,2,Conjunction,,but if,1
quondam,"once {(of past time)}; sometimes {(in a {{simile}}, of what happens from time to time)}",2,Adverb,,"once {(of past time)} ‖ sometimes {(in a {{simile}}, of what happens from time to time)}",1
quoniam,since,3,Conjunction,,since,1
quoque,also,16,Adverb,,also,1
quot,how many,2,Adjective,,how many,1
quotannīs,every year,1,Adverb,,every year,1
quotiēns,how often,3,Adverb,,how often,1
"quotus, quota, quotum","which in number; [[*quota pars* ""which-numbered part"" → ""how small a fraction""]] {(cf. *tertia pars* ""the third part"" → ""a third"")}",1,Adjective,,"which in number ‖ [[*quota pars* ""which-numbered part"" → ""how small a fraction""]] {(cf. *tertia pars* ""the third part"" → ""a third"")}",1
"rabidus, rabida, rabidum",raging,1,Adjective,,raging,1
"radius, radiī, {m.}",rod; ray {(of light)},3,Noun,,rod ‖ ray {(of light)},1
"rādīx, rādīcis, {f.}",root,2,Noun,,root,1
"rāmus, rāmī, {m.}",branch,4,Noun,,branch,1
"rapāx, {(gen.)} rapācis",grasping,1,Adjective,,grasping,1
"rapidus, rapida, rapidum",swift; scorching {(of the sun's heat)},2,Adjective,,swift ‖ scorching {(of the sun's heat)},1
"rapiō, rapere, rapuī, raptum",to snatch,3,Verb,,to snatch,1
"ratis, ratis, {f.}",raft; ship,2,Noun,,raft ‖ ship,1
"recēns, {(gen.)} recentis",fresh,2,Adjective,,fresh,1
"recidīvus, recidīva, recidīvum","recurring; restored {(of a city, risen again after destruction)}",1,Adjective,,"recurring ‖ restored {(of a city, risen again after destruction)}",1
"recipiō, recipere, recēpī, receptum","to take back; to welcome; to exact {(of punishment, *poenās*)}",3,Verb,,"to take back ‖ to welcome ‖ to exact {(of punishment, *poenās*)}",1
"reclūdō, reclūdere, reclūsī, reclūsum",to open; to unsheathe {(of a sword)},3,Verb,,to open ‖ to unsheathe {(of a sword)},1
"recondō, recondere, recondidī, reconditum",to hide,1,Verb,,to hide,1
"reddō, reddere, reddidī, redditum",to give back; to reply {(of words or speech)},4,Verb,,to give back ‖ to reply {(of words or speech)},1
"redeō, redīre, rediī, reditum",to return,2,Verb,,to return,1
"redux, {(gen.)} reducis",brought back,2,Adjective,,brought back,1
"referō, referre, rettulī, relātum","to bring back; to report; to reply; [[*in melius referre* ""to bring into the better"" → ""to change for the better""]]",8,Verb,,"to bring back ‖ to report ‖ to reply ‖ [[*in melius referre* ""to bring into the better"" → ""to change for the better""]]",1
"refugiō, refugere, refūgī",to flee back; to shrink from {(with a direct object)},1,Verb,,to flee back ‖ to shrink from {(with a direct object)},1
"refulgeō, refulgēre, refulsī",to shine brightly,1,Verb,,to shine brightly,1
"rēgia, rēgiae, {f.}",palace,1,Noun,,palace,1
"rēgīna, rēgīnae, {f.}",queen,8,Noun,,queen,1
"regiō, regiōnis, {f.}",region,1,Noun,,region,1
"rēgius, rēgia, rēgium",royal,1,Adjective,,royal,1
"rēgnō, rēgnāre, rēgnāvī, rēgnātum",to reign,2,Verb,,to reign,1
"rēgnum, rēgnī, {n.}",kingdom,18,Noun,,kingdom,1
"regō, regere, rēxī, rēctum",to guide; to rule,4,Verb,,to guide ‖ to rule,1
"relinquō, relinquere, relīquī, relictum",to leave; to abandon,18,Verb,,to leave ‖ to abandon,1
"rēliquiae, rēliquiārum, {f. pl.}",remains,1,Noun,,remains,1
"remaneō, remanēre, remānsī, remānsum",to stay behind; to remain {(of a quality or trait persisting)},1,Verb,,to stay behind ‖ to remain {(of a quality or trait persisting)},1
"rēmex, rēmigis, {m.}",rower,1,Noun,,rower,1
"rēmigium, rēmigiī, {n.}",rowing,3,Noun,,rowing,1
"remittō, remittere, remīsī, remissum","to send back; to drop {(of a claim, demand, or condition)}",1,Verb,,"to send back ‖ to drop {(of a claim, demand, or condition)}",1
"remordeō, remordēre, remorsī, remorsum",to torment,1,Verb,,to torment,1
"remoror, remorārī, remorātus sum",to linger,1,Verb,,to linger,1
"removeō, removēre, remōvī, remōtum",to remove,1,Verb,,to remove,1
"Remus, Remī, {m.}","Remus {(brother of Romulus, co-founder of Rome)}",1,Noun,,"Remus {(brother of Romulus, co-founder of Rome)}",1
"rēmus, rēmī, {m.}",oar,1,Noun,,oar,1
"renīdeō, renīdēre",to shine,1,Verb,,to shine,1
"rependō, rependere, rependī, repēnsum",to repay,1,Verb,,to repay,1
"reperiō, reperīre, repperī, repertum",to find,1,Verb,,to find,1
"repetō, repetere, repetīvī, repetītum","to seek again; to trace back {(in narration, from the beginning)}",3,Verb,,"to seek again ‖ to trace back {(in narration, from the beginning)}",1
"repleō, replēre, replēvī, replētum",to fill,1,Verb,,to fill,1
"repōnō, repōnere, reposuī, repositum",to put back,1,Verb,,to put back,1
"reportō, reportāre, reportāvī, reportātum",to carry back,1,Verb,,to carry back,1
"repugnō, repugnāre, repugnāvī, repugnātum",{(with the {{dative|dative-with-special-verbs}})} to resist,1,Verb,,{(with the {{dative|dative-with-special-verbs}})} to resist,1
"requiēs, requiētis, {f.}",rest,2,Noun,,rest,1
"requiēscō, requiēscere, requiēvī, requiētum",to rest,1,Verb,,to rest,1
"requīrō, requīrere, requīsīvī, requīsītum",to seek,2,Verb,,to seek,1
"rēs, reī, {f.}","thing; matter; state; {(in the {{plural}},)} the world",8,Noun,,"thing ‖ matter ‖ state ‖ {(in the {{plural}},)} the world",1
"resistō, resistere, restitī",to halt,2,Verb,,to halt,1
"resolvō, resolvere, resolvī, resolūtum",to loosen,1,Verb,,to loosen,1
"resonō, resonāre, resonāvī",to resound,1,Verb,,to resound,1
"resorbeō, resorbēre, resorpsī",to swallow back,1,Verb,,to swallow back,1
"respergō, respergere, respersī, respersum",to spatter,1,Verb,,to spatter,1
"respiciō, respicere, respexī, respectum",to look back at; to have regard for,2,Verb,,to look back at ‖ to have regard for,1
"respondeō, respondēre, respondī, respōnsum","to answer; to correspond {(of places, lying opposite)}",2,Verb,,"to answer ‖ to correspond {(of places, lying opposite)}",1
"restō, restāre, restitī",to remain,2,Verb,,to remain,1
"resupīnus, resupīna, resupīnum",lying on one's back,1,Adjective,,lying on one's back,1
"retegō, retegere, retēxī, retēctum",to uncover,1,Verb,,to uncover,1
"retināculum, retināculī, {n.}",rope,1,Noun,,rope,1
retrō,backwards,2,Adverb,,backwards,1
"revellō, revellere, revellī, revulsum",to tear away,2,Verb,,to tear away,1
"revertor, revertī, reversus sum",to return,1,Verb,,to return,1
"revīsō, revīsere",to revisit,1,Verb,,to revisit,1
"revocō, revocāre, revocāvī, revocātum",to call back; to trace back {(of lineage or origin)},2,Verb,,to call back ‖ to trace back {(of lineage or origin)},1
"rēx, rēgis, {m.}",king,3,Noun,,king,1
"rictus, rictūs, {m.}",open mouth,1,Noun,,open mouth,1
"rīdeō, rīdēre, rīsī, rīsum",to laugh,2,Verb,,to laugh,1
"rīma, rīmae, {f.}",crack,1,Noun,,crack,1
rīte,duly,2,Adverb,,duly,1
"rōbur, rōboris, {n.}",oak,2,Noun,,oak,1
"rogō, rogāre, rogāvī, rogātum",to ask,2,Verb,,to ask,1
"rogus, rogī, {m.}",funeral pyre,4,Noun,,funeral pyre,1
"Rōma, Rōmae, {f.}","Rome {(the city of Rome, capital of the Roman state)}",1,Noun,,"Rome {(the city of Rome, capital of the Roman state)}",1
"Rōmānus, Rōmāna, Rōmānum",Roman,3,Adjective,,Roman,1
"Rōmulus, Rōmulī, {m.}",Romulus {(legendary founder and first king of Rome)},1,Noun,,Romulus {(legendary founder and first king of Rome)},1
"roseus, rosea, roseum",rosy,1,Adjective,,rosy,1
"rōstrum, rōstrī, {n.}",beak; snout {(of a dog or other animal)},1,Noun,,beak ‖ snout {(of a dog or other animal)},1
"ruber, rubra, rubrum",red,0,Adjective,,red,1
"rubor, rubōris, {m.}",redness; blush,1,Noun,,redness ‖ blush,1
"rudis, rude",raw; unskilled,1,Adjective,,raw ‖ unskilled,1
"ruīna, ruīnae, {f.}",collapse,2,Noun,,collapse,1
"rūmor, rūmōris, {m.}",rumour,0,Noun,,rumour,1
"rumpō, rumpere, rūpī, ruptum",to break,1,Verb,,to break,1
"ruō, ruere, ruī, rutum",to rush; to collapse {(of buildings or cities)},2,Verb,,to rush ‖ to collapse {(of buildings or cities)},1
"rūpēs, rūpis, {f.}",cliff,3,Noun,,cliff,1
"rūsticus, rūstica, rūsticum",rural,1,Adjective,,rural,1
"Rutulī, Rutulōrum, {m. pl.}","Rutuli {(an ancient Italian people led by Turnus, rivals of Aeneas)}",1,Noun,,"Rutuli {(an ancient Italian people led by Turnus, rivals of Aeneas)}",1
"Sabaeus, Sabaea, Sabaeum","Sabaean {(of the Sabaeans, a people of Arabia famed for incense)}",1,Adjective,,"Sabaean {(of the Sabaeans, a people of Arabia famed for incense)}",1
"sacer, sacra, sacrum","sacred; {(as a {{noun}}, {{neuter}} {{plural}} *sacra*)} sacred rites; {({{neuter}} {{plural}} *sacra*)} sacred emblems",6,Adjective,,"sacred ‖ {(as a {{noun}}, {{neuter}} {{plural}} *sacra*)} sacred rites ‖ {({{neuter}} {{plural}} *sacra*)} sacred emblems",1
"sacerdōs, sacerdōtis, {m./f.}",priest,1,Noun,,priest,1
"sacrificium, sacrificiī, {n.}",sacrifice {(a ceremony where an animal is slaughtered as a gift to the gods)},0,Noun,,sacrifice {(a ceremony where an animal is slaughtered as a gift to the gods)},1
"sacrō, sacrāre, sacrāvī, sacrātum",to consecrate,2,Verb,,to consecrate,1
"sacrum, sacrī, {n.}",sacred thing,2,Noun,,sacred thing,1
"saeculum, saeculī, {n.}",generation; age {(of a period of time)},2,Noun,,generation ‖ age {(of a period of time)},1
saepe,often,4,Adverb,,often,1
"saepēs, saepis, {f.}",hedge,1,Noun,,hedge,1
"saepiō, saepīre, saepsī, saeptum",to enclose,1,Verb,,to enclose,1
"saeviō, saevīre, saevīvī, saevītum",to rage,1,Verb,,to rage,1
"saevitia, saevitiae, {f.}",fierceness,1,Noun,,fierceness,1
"saevus, saeva, saevum",fierce,7,Adjective,,fierce,1
"sagitta, sagittae, {f.}",arrow,4,Noun,,arrow,1
"sagittifer, sagittifera, sagittiferum",arrow-bearing,1,Adjective,,arrow-bearing,1
saltem,at least,1,Adverb,,at least,1
"saltus, saltūs, {m.}",woodland glade,1,Noun,,woodland glade,1
"salūs, salūtis, {f.}",safety,2,Noun,,safety,1
"Samos, Samī, {f.}",Samos {(an Aegean island sacred to Juno)},1,Noun,,Samos {(an Aegean island sacred to Juno)},1
"sānābilis, sānābile",curable,1,Adjective,,curable,1
"sanguineus, sanguinea, sanguineum",bloody,1,Adjective,,bloody,1
"sanguinolentus, sanguinolenta, sanguinolentum",bloody,1,Adjective,,bloody,1
"sanguis, sanguinis, {m.}",blood; lineage,8,Noun,,blood ‖ lineage,1
"sarcina, sarcinae, {f.}",pack,1,Noun,,pack,1
satis,enough,4,Adverb,,enough,1
"sator, satōris, {m.}",sower {(properly of seeds in a field)},1,Noun,,sower {(properly of seeds in a field)},1
"saucius, saucia, saucium",wounded,1,Adjective,,wounded,1
"scelerātus, scelerāta, scelerātum",wicked,3,Adjective,,wicked,1
"scelestus, scelesta, scelestum",wicked,0,Adjective,,wicked,1
"scelus, sceleris, {n.}",crime,5,Noun,,crime,1
"scēptrum, scēptrī, {n.}",scepter; royal power {(by {{metonymy}})},4,Noun,,scepter ‖ royal power {(by {{metonymy}})},1
scīlicet,of course,1,Adverb,,of course,1
"scindō, scindere, scidī, scissum",to tear,1,Verb,,to tear,1
"sciō, scīre, scīvī, scītum",to know,2,Verb,,to know,1
"scrībō, scrībere, scrīpsī, scrīptum",to write,3,Verb,,to write,1
"scūtum, scūtī, {n.}",shield,1,Noun,,shield,1
"Scylla, Scyllae, {f.}",Scylla {(a dangerous sea monster (or rock) opposite Charybdis)},2,Noun,,Scylla {(a dangerous sea monster (or rock) opposite Charybdis)},1
"Scythia, Scythiae, {f.}","Scythia {(region north of the Black Sea, associated with Medea's homeland Colchis in myth)}",1,Noun,,"Scythia {(region north of the Black Sea, associated with Medea's homeland Colchis in myth)}",1
"sēcūrus, sēcūra, sēcūrum",free from care,2,Adjective,,free from care,1
sed,but,27,Conjunction,,but,1
"sedeō, sedēre, sēdī, sessum",to sit,4,Verb,,to sit,1
"sēdēs, sēdis, {f.}",seat; dwelling place; position,4,Noun,,seat ‖ dwelling place ‖ position,1
"seges, segetis, {f.}",grain field,1,Noun,,grain field,1
semel,once {(of a single occasion)},1,Adverb,,once {(of a single occasion)},1
"sēmen, sēminis, {n.}",seed,4,Noun,,seed,1
"Semīramis, Semīramidis, {f.}","Semiramis {(legendary queen of Assyria/Babylon, associated with founding Babylon (mentioned in Pyramus & Thisbe))}",1,Noun,,"Semiramis {(legendary queen of Assyria/Babylon, associated with founding Babylon (mentioned in Pyramus & Thisbe))}",1
"sēmirefectus, sēmirefecta, sēmirefectum",half-repaired,1,Adjective,,half-repaired,1
semper,always,5,Adverb,,always,1
"senectūs, senectūtis, {f.}",old age,0,Noun,,old age,1
"senex, senis, {m.}",old man,2,"Noun, Adjective",,old man,1
"sēnī, sēnae, sēna",six each,1,Numeral,,six each,1
"senīlis, senīle",of old age,1,Adjective,,of old age,1
"senior, {(gen.)} seniōris",older,1,Noun,,older,1
"sententia, sententiae, {f.}",opinion,2,Noun,,opinion,1
"sentiō, sentīre, sēnsī, sēnsum",to feel,5,Verb,,to feel,1
"sentis, sentis, {m.}",thorn bush,1,Noun,,thorn bush,1
"sepeliō, sepelīre, sepelīvī, sepultum",to bury,2,Verb,,to bury,1
septem,seven,1,Numeral,,seven,1
"septēnī, septēnae, septēna",seven each,1,Numeral,,seven each,1
"septimus, septima, septimum",seventh,1,Adjective,,seventh,1
"sepulcrum, sepulcrī, {n.}",tomb,2,Noun,,tomb,1
"sequor, sequī, secūtus sum",to follow; to pursue,14,Verb,,to follow ‖ to pursue,1
"serēnō, serēnāre, serēnāvī, serēnātum",to clear up,1,Verb,,to clear up,1
"sermō, sermōnis, {m.}",conversation,1,Noun,,conversation,1
"serpēns, serpentis, {m./f.}",snake,3,Noun,,snake,1
"sertum, sertī, {n.}",garland,2,Noun,,garland,1
"serviō, servīre, servīvī, servītum",to be a slave,1,Verb,,to be a slave,1
"servitium, servitiī, {n.}",slavery,1,Noun,,slavery,1
"servō, servāre, servāvī, servātum",to save,2,Verb,,to save,1
"sērus, sēra, sērum",late,1,Adjective,,late,1
"servus, servī, {m.}",enslaved man,1,Noun,,enslaved man,1
sī,if; if only,34,Conjunction,,if ‖ if only,1
"sībilō, sībilāre, sībilāvī, sībilātum",to hiss,1,Verb,,to hiss,1
sīc,thus,26,Adverb,,thus,1
"siccō, siccāre, siccāvī, siccātum",to dry,1,Verb,,to dry,1
"Sīdōnius, Sīdōnia, Sīdōnium",Sidonian,1,Adjective,,Sidonian,1
"sīdus, sīderis, {n.}",star,5,Noun,,star,1
"significō, significāre, significāvī, significātus",to mean,0,Verb,,to mean,1
"signum, signī, {n.}",sign,4,Noun,,sign,1
"silēns, {(gen.)} silentis",silent,1,Adjective,,silent,1
"silva, silvae, {f.}",forest,4,Noun,,forest,1
"similis, simile",similar,3,Adjective,,similar,1
"Simoīs, Simoentis, {m.}",Simois {(river near Troy in the Troad)},1,Noun,,Simois {(river near Troy in the Troad)},1
"simplex, {(gen.)} simplicis",simple,1,Adjective,,simple,1
"simulō, simulāre, simulāvī, simulātum",to imitate,1,Verb,,to imitate,1
sine,{(with the {{ablative|ablative-with-prepositions}})} without,6,Preposition,,{(with the {{ablative|ablative-with-prepositions}})} without,1
"sinō, sinere, sīvī, situm",to allow,4,Verb,,to allow,1
"sinus, sinūs, {m.}",fold; curve; bay,2,Noun,,fold ‖ curve ‖ bay,1
"sīquis, sīqua, sīquid",if anyone,2,Pronoun,,if anyone,1
"sistō, sistere, stitī, statum","to set, make stand {(causative)}",1,Verb,,"to set, make stand {(causative)}",1
"Sīsyphius, Sīsyphia, Sīsyphium","Sisyphian {(pertaining to Sisyphus, the trickster king condemned to eternal futile labor)}",1,Adjective,,"Sisyphian {(pertaining to Sisyphus, the trickster king condemned to eternal futile labor)}",1
"sitis, sitis, {f.}",thirst,2,Noun,,thirst,1
"socer, socerī, {m.}",father-in-law,2,Noun,,father-in-law,1
"sociālis, sociāle",allied {(a partnership of states)}; nuptial {(the partnership of individuals in marriage)},1,Adjective,,allied {(a partnership of states)} ‖ nuptial {(the partnership of individuals in marriage)},1
"socius, sociī, {m.}",companion,5,Noun,,companion,1
"sōl, sōlis, {m.}",sun,4,Noun,,sun,1
"soleō, solēre, solitus sum",to be accustomed to,1,Verb,,to be accustomed to,1
"solidus, solida, solidum",solid,2,Adjective,,solid,1
"solitus, solita, solitum",usual,1,Adjective,,usual,1
"sōlor, sōlārī, sōlātus sum",to comfort,1,Verb,,to comfort,1
"solum, solī, {n.}",ground,3,Noun,,ground,1
"solvō, solvere, solvī, solūtum",to loosen; to dispel {(of an abstract restraint such as shame or fear)},3,Verb,,to loosen ‖ to dispel {(of an abstract restraint such as shame or fear)},1
"sōlus, sōla, sōlum",alone; only,7,Adjective,,alone ‖ only,1
"somnus, somnī, {m.}",sleep,7,Noun,,sleep,1
"sonō, sonāre, sonuī, sonitum",to sound; to sound like {(with {{accusative}})},3,Verb,,to sound ‖ to sound like {(with {{accusative}})},1
"sonus, sonī, {m.}",sound,1,Noun,,sound,1
"sōpiō, sōpīre, sōpīvī, sōpītum",to lull to sleep,1,Verb,,to lull to sleep,1
"soror, sorōris, {f.}",sister,10,Noun,,sister,1
"sors, sortis, {f.}",lot; oracle {(by {{metonymy}})},2,Noun,,lot ‖ oracle {(by {{metonymy}})},1
"sospes, {(gen.)} sospitis",safe and sound,2,Adjective,,safe and sound,1
"spargō, spargere, sparsī, sparsum",to scatter; to sprinkle,7,Verb,,to scatter ‖ to sprinkle,1
"Spartānus, Spartāna, Spartānum","Spartan {(of Sparta, a city in Greece)}",1,Adjective,,"Spartan {(of Sparta, a city in Greece)}",1
"spatior, spatiārī, spatiātus sum",to walk,2,Verb,,to walk,1
"spatium, spatiī, {n.}",space; interval of time,1,Noun,,space ‖ interval of time,1
"speciēs, speciēī, {f.}",appearance,1,Noun,,appearance,1
"spectābilis, spectābile",visible,1,Adjective,,visible,1
"spectō, spectāre, spectāvī, spectātum",to look at,3,Verb,,to look at,1
"specula, speculae, {f.}",watchtower,1,Noun,,watchtower,1
"spēlunca, spēluncae, {f.}",cave,1,Noun,,cave,1
"spērō, spērāre, spērāvī, spērātum",to hope,6,Verb,,to hope,1
"spēs, speī, {f.}",hope,5,Noun,,hope,1
"spīritus, spīritūs, {m.}",breath; life {(the vital breath animating the body)},3,Noun,,breath ‖ life {(the vital breath animating the body)},1
"spīrō, spīrāre, spīrāvī, spīrātum",to breathe,2,Verb,,to breathe,1
"spolium, spoliī, {n.}",spoils,1,Noun,,spoils,1
sponte,of one's own accord,2,Adverb,,of one's own accord,1
"spūmō, spūmāre, spūmāvī, spūmātum",to foam,3,Verb,,to foam,1
"squāma, squāmae, {f.}",scale,1,Noun,,scale,1
"statiō, statiōnis, {f.}","post, station; anchorage {(of ships)}",1,Noun,,"post, station ‖ anchorage {(of ships)}",1
"statuō, statuere, statuī, statūtum",to set up; to resolve,2,Verb,,to set up ‖ to resolve,1
"sterilis, sterile",barren,1,Adjective,,barren,1
"sternō, sternere, strāvī, strātum",to spread out; to lay low {(in battle)},2,Verb,,to spread out ‖ to lay low {(in battle)},1
"stīpes, stīpitis, {m.}",tree trunk,1,Noun,,tree trunk,1
"stipula, stipulae, {f.}",stalk,1,Noun,,stalk,1
"stirps, stirpis, {f.}",stock,1,Noun,,stock,1
"stīva, stīvae, {f.}",plow-handle,1,Noun,,plow-handle,1
"stō, stāre, stetī, statum",to stand,7,Verb,,to stand,1
"strātum, strātī, {n.}",something spread out; bed covering,1,Noun,,something spread out ‖ bed covering,1
"strēnuus, strēnua, strēnuum",energetic,0,Adjective,,energetic,1
"strīdeō, strīdēre, strīdī",to make a harsh sound,3,Verb,,to make a harsh sound,1
"stringō, stringere, strīnxī, strictum","to draw {(e.g., a weapon from a sheath)}; to strip off {(leaves, by drawing the hand along the branch)}; to graze",5,Verb,,"to draw {(e.g., a weapon from a sheath)} ‖ to strip off {(leaves, by drawing the hand along the branch)} ‖ to graze",1
"studium, studiī, {n.}",eagerness,2,Noun,,eagerness,1
"stultus, stulta, stultum",foolish,2,Adjective,,foolish,1
"Stygius, Stygia, Stygium",of the Styx,1,Adjective,,of the Styx,1
"suādeō, suādēre, suāsī, suāsum",to advise,4,Verb,,to advise,1
sub,{(with the {{ablative}} or {{accusative}})} under; {(with the {{accusative}})} close to {(of time)},17,Preposition,,{(with the {{ablative}} or {{accusative}})} under ‖ {(with the {{accusative}})} close to {(of time)},1
"subdūcō, subdūcere, subdūxī, subductum",to steal away,1,Verb,,to steal away,1
"subeō, subīre, subiī, subitum","to go under; to undergo {(of a penalty, *poenās*)}; to approach",3,Verb,,"to go under ‖ to undergo {(of a penalty, *poenās*)} ‖ to approach",1
"subiciō, subicere, subiēcī, subiectum",to place under,1,Verb,,to place under,1
"subigō, subigere, subēgī, subāctum",to subdue,1,Verb,,to subdue,1
subitō,suddenly,1,Adverb,,suddenly,1
"subitus, subita, subitum",sudden,2,Adjective,,sudden,1
"sublīmis, sublīme",high,3,Adjective,,high,1
"subolēs, subolis, {f.}",offspring,1,Noun,,offspring,1
"subrīdeō, subrīdēre, subrīsī",to smile,1,Verb,,to smile,1
subter,beneath,1,Adverb,,beneath,1
"succingō, succingere, succīnxī, succīnctum",to gird up,1,Verb,,to gird up,1
"succumbō, succumbere, succubuī, succubitum",{(with the {{dative|dative-with-compounds}})} to yield,1,Verb,,{(with the {{dative|dative-with-compounds}})} to yield,1
"sūcus, sūcī, {m.}",juice,1,Noun,,juice,1
"suffundō, suffundere, suffūdī, suffūsum",to suffuse,2,Verb,,to suffuse,1
"--, suī, sibi, sē, sē","himself, herself, itself, themselves {(third-person {{reflexive pronoun}} referring to the {{subject}} of the {{clause}})}",16,Pronoun,,"himself, herself, itself, themselves {(third-person {{reflexive pronoun}} referring to the {{subject}} of the {{clause}})}",1
"sulfur, sulfuris, {n.}",sulfur,1,Noun,,sulfur,1
"sum, esse, fuī, futūrum",to be; to belong to {(taking a {{dative}} of the possessor)},201,Verb,,to be ‖ to belong to {(taking a {{dative}} of the possessor)},1
"summus, summa, summum",highest,7,Adjective,,highest,1
super,{(with the {{accusative}} or {{ablative}})} above,4,"Preposition, Adverb",,{(with the {{accusative}} or {{ablative}})} above,1
"superbus, superba, superbum",proud,1,Adjective,,proud,1
"superō, superāre, superāvī, superātum",to overcome; to pass beyond {(of places)},4,Verb,,to overcome ‖ to pass beyond {(of places)},1
"supersum, superesse, superfuī",to remain,2,Verb,,to remain,1
"superus, supera, superum",upper; {(as a {{masculine}} {{plural}} {{substantive}} *superī*)} the gods above,2,Adjective,,upper ‖ {(as a {{masculine}} {{plural}} {{substantive}} *superī*)} the gods above,1
"suppleō, supplēre, supplēvī, supplētum",to fill up,1,Verb,,to fill up,1
"supplex, {(gen.)} supplicis",suppliant,1,Adjective,,suppliant,1
"suppōnō, suppōnere, supposuī, suppositum",to put under; to substitute {(by fraud or trickery)},2,Verb,,to put under ‖ to substitute {(by fraud or trickery)},1
"sūra, sūrae, {f.}",calf (of the leg),1,Noun,,calf (of the leg),1
"surdus, surda, surdum",deaf,1,Adjective,,deaf,1
"surgō (subrigō), surgere (subrigere), surrēxī, surrēctum","to rise; {({{transitive}}, *subrigit*)} to raise up",4,Verb,,"to rise ‖ {({{transitive}}, *subrigit*)} to raise up",1
"suscipiō, suscipere, suscēpī, susceptum",to take up; to conceive {(of offspring)},1,Verb,,to take up ‖ to conceive {(of offspring)},1
"suspendō, suspendere, suspendī, suspēnsum",to hang up,1,Verb,,to hang up,1
"suspīrō, suspīrāre, suspīrāvī, suspīrātum",to sigh,1,Verb,,to sigh,1
"sustineō, sustinēre, sustinuī, sustentum",to hold up; to bear {(with infinitive)},1,Verb,,to hold up ‖ to bear {(with infinitive)},1
"suus, sua, suum","one's own {({{possessive adjective}} typically belonging to the {{subject}} of the {{clause}}, but in poetry occasionally referring to a prominent non-subject {{noun}})}",31,Adjective,,"one's own {({{possessive adjective}} typically belonging to the {{subject}} of the {{clause}}, but in poetry occasionally referring to a prominent non-subject {{noun}})}",1
"Sȳ̆chaeus, Sȳ̆chaeī, {m.}","Sychaeus {(Dido's murdered husband, a wealthy Phoenician)}",6,Noun,,"Sychaeus {(Dido's murdered husband, a wealthy Phoenician)}",1
"Symplēgadēs, Symplēgadum, {f. pl.}","Symplegades {(the clashing rocks at the Black Sea's entrance, passed by Jason and the Argonauts)}",1,Noun,,"Symplegades {(the clashing rocks at the Black Sea's entrance, passed by Jason and the Argonauts)}",1
"tābēscō, tābēscere, tābuī",to melt away,1,Verb,,to melt away,1
"tacitus, tacita, tacitum",silent,2,Adjective,,silent,1
"taeda, taedae, {f.}",torch; marriage {(by {{metonymy}})},5,Noun,,torch ‖ marriage {(by {{metonymy}})},1
"tālis, tāle",such,8,Adjective,,such,1
tam,"so {(with an {{adjective}} or {{adverb}}, answered by *quam*)}",6,Adverb,,"so {(with an {{adjective}} or {{adverb}}, answered by *quam*)}",1
tamen,nevertheless,16,Adverb,,nevertheless,1
tamquam,just as; as if {(with the {{subjunctive}})},1,Conjunction,,just as ‖ as if {(with the {{subjunctive}})},1
tandem,at last; pray {(intensifying an {{interrogative|interrogative pronoun}})},5,Adverb,,at last ‖ pray {(intensifying an {{interrogative|interrogative pronoun}})},1
"tangō, tangere, tetigī, tāctum",to touch; to reach {(of a destination)}; to affect {(emotionally)},12,Verb,,to touch ‖ to reach {(of a destination)} ‖ to affect {(emotionally)},1
tantum,only,2,Adverb,,only,1
"tantus, tanta, tantum","so great, so much; {(answered by *quantus*)} as much... as",11,Adjective,,"so great, so much ‖ {(answered by *quantus*)} as much... as",1
"tardus, tarda, tardum",slow,2,Adjective,,slow,1
"taurīnus, taurīna, taurīnum",of a bull,1,Adjective,,of a bull,1
"taurus, taurī, {m.}",bull,6,Noun,,bull,1
"tēctum, tēctī, {n.}",roof; house {(by {{metonymy}})},5,Noun,,roof ‖ house {(by {{metonymy}})},1
"tegmen, tegminis, {n.}",covering,2,Noun,,covering,1
"tegō, tegere, tēxī, tēctum",to cover,7,Verb,,to cover,1
"tellūs, tellūris, {f.}",earth,5,Noun,,earth,1
"tēlum, tēlī, {n.}",weapon,6,Noun,,weapon,1
"temerārius, temerāria, temerārium",reckless,1,Adjective,,reckless,1
"tempestās, tempestātis, {f.}",weather; storm,2,Noun,,weather ‖ storm,1
"templum, templī, {n.}",temple,2,Noun,,temple,1
"temptō, temptāre, temptāvī, temptātum",to try; to attack,3,Verb,,to try ‖ to attack,1
"tempus, temporis, {n.}","time; the temples of the head {(in the {{plural}} *tempora*, anatomically)}",11,Noun,,"time ‖ the temples of the head {(in the {{plural}} *tempora*, anatomically)}",1
"tenāx, {(gen.)} tenācis",holding fast,1,Adjective,,holding fast,1
"tendō, tendere, tetendī, tentum","to stretch; to direct one's course; to head {(toward a destination, of motion)}",1,Verb,,"to stretch ‖ to direct one's course ‖ to head {(toward a destination, of motion)}",1
"tenebrae, tenebrārum, {f. pl.}",darkness,1,Noun,,darkness,1
"Tenedos, Tenedī, {f.}",Tenedos {(an island in the Aegean Sea near Troy)},1,Noun,,Tenedos {(an island in the Aegean Sea near Troy)},1
"teneō, tenēre, tenuī, tentum",to hold; to restrain,14,Verb,,to hold ‖ to restrain,1
"tener, tenera, tenerum",tender,2,Adjective,,tender,1
"tenor, tenōris, {m.}",course,1,Noun,,course,1
"tenuis, tenue",thin,7,Adjective,,thin,1
tenus,{(with the {{ablative|ablative-with-prepositions}})} as far as {(postpositive)},1,Preposition,,{(with the {{ablative|ablative-with-prepositions}})} as far as {(postpositive)},1
"tepeō, tepēre, tepuī",to be warm,1,Verb,,to be warm,1
ter,three times,2,Adverb,,three times,1
"tergum, tergī, {n.}","back; hide {(of an animal's skin, as leather)}",4,Noun,,"back ‖ hide {(of an animal's skin, as leather)}",1
"terminō, termināre, termināvī, terminātum",to limit,1,Verb,,to limit,1
"terminus, terminī, {m.}",boundary,1,Noun,,boundary,1
"ternī, ternae, terna",three each,1,Adjective,,three each,1
"terō, terere, trīvī, trītum",to wear away; to spend {(of time)},1,Verb,,to wear away ‖ to spend {(of time)},1
"terra, terrae, {f.}",earth,22,Noun,,earth,1
"terreō, terrēre, terruī, territum",to frighten,2,Verb,,to frighten,1
"terribilis, terribile",frightful,1,Adjective,,frightful,1
"terrigena, terrigenae, {m.}",earth-born one,1,Noun,,earth-born one,1
"territō, territāre, territāvī, territātum",to frighten,1,Verb,,to frighten,1
"tertius, tertia, tertium",third,1,Adjective,,third,1
"testor, testārī, testātus sum",to bear witness; to call to witness,1,Verb,,to bear witness ‖ to call to witness,1
"Teucer, Teucrī, {m.}",Teucer {(a Trojan ancestor)},1,Noun,,Teucer {(a Trojan ancestor)},1
"Teucrī, Teucrōrum, {m. pl.}","Teucrians {(the Trojans, named after their ancestor Teucer; used of Aeneas's people)}",5,Noun,,"Teucrians {(the Trojans, named after their ancestor Teucer; used of Aeneas's people)}",1
"thalamus, thalamī, {m.}",bedroom,4,Noun,,bedroom,1
"thēsaurus, thēsaurī, {m.}",treasure,1,Noun,,treasure,1
"Thisbē, Thisbēs, {f.}","Thisbe {(Babylonian maiden loved by Pyramus, tragic lovers of Ovid's tale)}",7,Noun,,"Thisbe {(Babylonian maiden loved by Pyramus, tragic lovers of Ovid's tale)}",1
"Thrēissa, Thrēissae, {f.}",Thracian woman,1,Noun,,Thracian woman,1
"Thybris, Thybridis, {m.}","Thybris {(the river Tiber, personified as its god)}",1,Noun,,"Thybris {(the river Tiber, personified as its god)}",1
"tībia, tībiae, {f.}",flute,1,Noun,,flute,1
"Timāvus, Timāvī, {m.}","Timavus {(a river in northeast Italy near Aquileia, mentioned in the Aeneid)}",1,Noun,,"Timavus {(a river in northeast Italy near Aquileia, mentioned in the Aeneid)}",1
"timeō, timēre, timuī",to fear; {(with the {{dative|dative-of-reference}})} to fear for,3,Verb,,to fear ‖ {(with the {{dative|dative-of-reference}})} to fear for,1
"timidus, timida, timidum",fearful,3,Adjective,,fearful,1
"timor, timōris, {m.}",fear,3,Noun,,fear,1
"tingō, tingere, tīnxī, tīnctum",to dip,2,Verb,,to dip,1
"tinguō, tinguere, tīnxī, tīnctum",to dip; to dye,1,Verb,,to dip ‖ to dye,1
"Tīthōnus, Tīthōnī, {m.}","Tithonus {(Trojan prince loved by Aurora, granted immortality without eternal youth)}",1,Noun,,"Tithonus {(Trojan prince loved by Aurora, granted immortality without eternal youth)}",1
"titulus, titulī, {m.}",inscription,1,Noun,,inscription,1
"togātus, togāta, togātum",wearing a toga,1,Adjective,,wearing a toga,1
"tollō, tollere, sustulī, sublātum",to lift,1,Verb,,to lift,1
"torpor, torpōris, {m.}",numbness,1,Noun,,numbness,1
"torqueō, torquēre, torsī, tortum",to twist,1,Verb,,to twist,1
"torus, torī, {m.}","bed, couch",5,Noun,,"bed, couch",1
tot,so many,9,Adjective,,so many,1
totidem,just as many,4,Adjective,,just as many,1
totiēns,so often,3,Adverb,,so often,1
"tōtus, tōta, tōtum",whole,7,Adjective,,whole,1
"tractō, tractāre, tractāvī, tractātum",to handle,1,Verb,,to handle,1
"trādō, trādere, trādidī, trāditum",to hand over,7,Verb,,to hand over,1
"trahō, trahere, trāxī, tractum",to drag; to derive {(of a name)},5,Verb,,to drag ‖ to derive {(of a name)},1
"trāiciō, trāicere, trāiēcī, trāiectum",to throw across; to pierce through,2,Verb,,to throw across ‖ to pierce through,1
"trānseō, trānsīre, trānsiī, trānsitum",to cross; to elapse {(of time)},2,Verb,,to cross ‖ to elapse {(of time)},1
"trānsferō, trānsferre, trānstulī, trānslātum",to carry across,2,Verb,,to carry across,1
"trānsitus, trānsitūs, {m.}",crossing,1,Noun,,crossing,1
"tremebundus, tremebunda, tremebundum",trembling,1,Adjective,,trembling,1
"tremō, tremere, tremuī",to tremble,3,Verb,,to tremble,1
"tremulus, tremula, tremulum",trembling,1,Adjective,,trembling,1
"trepidō, trepidāre, trepidāvī, trepidātum",to be agitated {(of the mind)}; to flutter {(a poetic revival of the older physical sense)},2,Verb,,to be agitated {(of the mind)} ‖ to flutter {(a poetic revival of the older physical sense)},1
"trepidus, trepida, trepidum",agitated {(of the mind)},1,Adjective,,agitated {(of the mind)},1
trīgintā,thirty,1,Numeral,,thirty,1
"Trīnacrius, Trīnacria, Trīnacrium",Sicilian,1,Adjective,,Sicilian,1
"triplex, {(gen.)} triplicis",threefold,1,Adjective,,threefold,1
"trīstis, trīste",sad; grim {(of things or events)},7,Adjective,,sad ‖ grim {(of things or events)},1
"Trītōn, Trītōnis, {m.}","Triton {(a sea god, son of Neptune)}",1,Noun,,"Triton {(a sea god, son of Neptune)}",1
"trivium, triviī, {n.}",crossroad,1,Noun,,crossroad,1
"triumphus, triumphī, {m.}",triumphal procession,2,Noun,,triumphal procession,1
"Troia, Troiae, {f.}",Troy {(the city besieged by the Greeks; Aeneas's homeland before its fall)},7,Noun,,Troy {(the city besieged by the Greeks; Aeneas's homeland before its fall)},1
"Troiānus, Troiāna, Troiānum",Trojan,4,Adjective,,Trojan,1
"Trōicus, Trōica, Trōicum","Trojan {(relating to Troy, the city of Aeneas' homeland)}",1,Adjective,,"Trojan {(relating to Troy, the city of Aeneas' homeland)}",1
"Trōs, Trōis, {m.}","Trojan {(a Trojan (Trōs, {{gen}}. Trōis, often used as {{adjective}}/{{noun}} for people of Troy))}",1,Noun,,"Trojan {(a Trojan (Trōs, {{gen}}. Trōis, often used as {{adjective}}/{{noun}} for people of Troy))}",1
"truncus, truncī, {m.}",trunk,0,Noun,,trunk,1
"tū, tuī, tibī̆, tē, tē","you {({{personal pronoun}}, {{singular}})}",114,Pronoun,,"you {({{personal pronoun}}, {{singular}})}",1
"tuba, tubae, {f.}",trumpet,1,Noun,,trumpet,1
"tueor, tuērī, tuitus sum",to watch; to guard,1,Verb,,to watch ‖ to guard,1
tum,then,15,Adverb,,then,1
"tumeō, tumēre, tumuī",to swell,1,Verb,,to swell,1
"tumidus, tumida, tumidum",swollen,1,Adjective,,swollen,1
"tumulus, tumulī, {m.}",mound; tomb,3,Noun,,mound ‖ tomb,1
tunc,then,2,Adverb,,then,1
"turba, turbae, {f.}",crowd,3,Noun,,crowd,1
"turbidus, turbida, turbidum",turbulent,1,Adjective,,turbulent,1
"turbō, turbāre, turbāvī, turbātum",to disturb,1,Verb,,to disturb,1
"turbō, turbinis, {m.}",whirlwind,1,Noun,,whirlwind,1
"turpis, turpe",ugly; shameful,1,Adjective,,ugly ‖ shameful,1
"turris, turris, {f.}",tower,2,Noun,,tower,1
"tūs, tūris, {n.}",frankincense,2,Noun,,frankincense,1
"tūtus, tūta, tūtum",safe,8,Adjective,,safe,1
"tuus, tua, tuum",your {({{possessive adjective}} referring to a {{singular}} possessor)},36,Adjective,,your {({{possessive adjective}} referring to a {{singular}} possessor)},1
"tyrannus, tyrannī, {m.}",king,2,Noun,,king,1
"Tyrius, Tyria, Tyrium",Tyrian,8,Adjective,,Tyrian,1
"Tyrus, Tyrī, {f.}","Tyrus {(Phoenician city, Dido's homeland)}",2,Noun,,"Tyrus {(Phoenician city, Dido's homeland)}",1
"vacca, vaccae, {f.}",cow,1,Noun,,cow,1
"vacō, vacāre, vacāvī, vacātum",to be empty; to be free; to have leisure,2,Verb,,to be empty ‖ to be free ‖ to have leisure,1
"vacuus, vacua, vacuum",empty,5,Adjective,,empty,1
"vadum, vadī, {n.}",shallows,1,Noun,,shallows,1
"vagor, vagārī, vagātus sum",to wander,1,Verb,,to wander,1
"vagus, vaga, vagum",wandering,1,Adjective,,wandering,1
"valeō, valēre, valuī, valitum","to be strong; to be able {(with {{infinitive}})}; {({{imperative}} *valē*, as a parting word)} farewell",4,Verb,,"to be strong ‖ to be able {(with {{infinitive}})} ‖ {({{imperative}} *valē*, as a parting word)} farewell",1
"vānēscō, vānēscere",to vanish,1,Verb,,to vanish,1
"vānus, vāna, vānum",empty,2,Adjective,,empty,1
"vāstus, vāsta, vāstum",vast,2,Adjective,,vast,1
"vātēs, vātis, {m./f.}",prophet,1,Noun,,prophet,1
"ūber, {(gen.)} ūberis",fertile,1,Adjective,,fertile,1
ubi,where {(of place)}; when {(of time)},17,Adverb,,where {(of place)} ‖ when {(of time)},1
"ūdus, ūda, ūdum",wet,2,Adjective,,wet,1
-ve,"or {({{enclitic}}, attached to the end of the word it follows)}",8,Conjunction,,"or {({{enclitic}}, attached to the end of the word it follows)}",1
"vehemēns, vehementis",violent,0,Adjective,,violent,1
"vehō, vehere, vēxī, vectum",to carry,2,Verb,,to carry,1
vel,or,4,"Conjunction, Adverb",,or,1
"vēlāmen, vēlāminis, {n.}",covering,2,Noun,,covering,1
"vēlivolus, vēlivola, vēlivolum",sail-winged,1,Adjective,,sail-winged,1
"vellus, velleris, {n.}",fleece,3,Noun,,fleece,1
"vēlōx, {(gen.)} vēlōcis",swift,2,Adjective,,swift,1
"vēlum, vēlī, {n.}",sail,3,Noun,,sail,1
velut,just as,2,Adverb,,just as,1
"vēnātrīx, vēnātrīcis, {f.}",huntress,1,Noun,,huntress,1
"venēnātus, venēnāta, venēnātum",poisoned,1,Adjective,,poisoned,1
"venēnum, venēnī, {n.}",poison,1,Noun,,poison,1
"venia, veniae, {f.}",favor {(granted to one who asks)},1,Noun,,favor {(granted to one who asks)},1
"veniō, venīre, vēnī, ventum",to come,18,Verb,,to come,1
"venter, ventris, {m.}",belly,1,Noun,,belly,1
"ventus, ventī, {m.}",wind,11,Noun,,wind,1
"Venus, Veneris, {f.}",Venus {(the goddess of love and beauty; mother of Aeneas)}; love {(by {{metonymy}})},9,Noun,,Venus {(the goddess of love and beauty; mother of Aeneas)} ‖ love {(by {{metonymy}})},1
"verbum, verbī, {n.}",word,9,Noun,,word,1
"verēcundus, verēcunda, verēcundum",modest,1,Adjective,,modest,1
"verrō, verrere, verrī, versum",to sweep,1,Verb,,to sweep,1
"versō, versāre, versāvī, versātum",to turn over,3,Verb,,to turn over,1
"vertex, verticis, {m.}","top, summit; head {(crown of the head)}",3,Noun,,"top, summit ‖ head {(crown of the head)}",1
"vertō, vertere, vertī, versum",to turn,4,Verb,,to turn,1
vērum,but,1,Conjunction,,but,1
"vērus, vēra, vērum {(adv. vērō)}",true,5,Adjective,,true,1
"vesper, vesperī, {m.}",evening,1,Noun,,evening,1
"Vesta, Vestae, {f.}",Vesta {(goddess of the hearth and home)},1,Noun,,Vesta {(goddess of the hearth and home)},1
"vester, vestra, vestrum",your {({{possessive adjective}} referring to a {{plural}} possessor)},1,Adjective,,your {({{possessive adjective}} referring to a {{plural}} possessor)},1
"vestīgium, vestīgiī, {n.}",footprint,4,Noun,,footprint,1
"vestis, vestis, {f.}",clothing,7,Noun,,clothing,1
"vetō, vetāre, vetuī, vetitum",to forbid,4,Verb,,to forbid,1
"vetus, {(gen.)} veteris",old,1,Adjective,,old,1
"vexō, vexāre, vexāvī, vexātum",to harass,1,Verb,,to harass,1
"via, viae, {f.}",road,9,Noun,,road,1
"viātor, viātōris, {m.}",traveler,1,Noun,,traveler,1
"vibrō, vibrāre, vibrāvī, vibrātum",to shake,1,Verb,,to shake,1
"vīcīnia, vīcīniae, {f.}",neighborhood; proximity,2,Noun,,neighborhood ‖ proximity,1
"vīcīnus, vīcīna, vīcīnum",neighboring,1,Adjective,,neighboring,1
"vicis, vicem, vice",turn,1,Noun,,turn,1
vicissim,in turn,1,Adverb,,in turn,1
"victor, victōris, {m.}",conqueror,1,"Noun, Adjective",,conqueror,1
"videō, vidēre, vīdī, vīsum",to see; to seem {(in the {{passive}})},41,Verb,,to see ‖ to seem {(in the {{passive}})},1
"vigeō, vigēre, viguī",to flourish,1,Verb,,to flourish,1
"vigil, {(gen.)} vigilis",awake,2,"Noun, Adjective",,awake,1
"vigilō, vigilāre, vigilāvī, vigilātum",to stay awake,2,Verb,,to stay awake,1
"vīlis, vīle",cheap,2,Adjective,,cheap,1
"villus, villī, {m.}",shaggy hair,1,Noun,,shaggy hair,1
"vinciō, vincīre, vīnxī, vīnctum",to bind,3,Verb,,to bind,1
"vincō, vincere, vīcī, victum",to conquer; to surpass,7,Verb,,to conquer ‖ to surpass,1
"vinculum, vinculī, {n.}",bond,2,Noun,,bond,1
"violō, violāre, violāvī, violātum",to violate,2,Verb,,to violate,1
"vir, virī, {m.}",man; husband; hero,20,Noun,,man ‖ husband ‖ hero,1
"virgineus, virginea, virgineum",of a maiden,1,Adjective,,of a maiden,1
"virginitās, virginitātis, {f.}",virginity,2,Noun,,virginity,1
"virgō, virginis, {f.}",young unmarried woman,6,Noun,,young unmarried woman,1
"vīs, vīs, {f.}",force; strength,6,Noun,,force ‖ strength,1
"vīscus, vīsceris, {n.}",internal organs,1,Noun,,internal organs,1
"vīsō, vīsere, vīsī, vīsum",to go to see,1,Verb,,to go to see,1
"vīta, vītae, {f.}",life,6,Noun,,life,1
"vītālis, vītāle",life-giving,1,Adjective,,life-giving,1
"vitiō, vitiāre, vitiāvī, vitiātum",to flaw,1,Verb,,to flaw,1
"vitium, vitiī, {n.}",flaw,2,Noun,,flaw,1
"vītō, vītāre, vītāvī, vītātum",to avoid,2,Verb,,to avoid,1
"vitta, vittae, {f.}",headband,2,Noun,,headband,1
"vīvō, vīvere, vīxī, vīctum",to live,4,Verb,,to live,1
"vīvus, vīva, vīvum",alive,1,Adjective,,alive,1
vix,scarcely,8,Adverb,,scarcely,1
"ulcīscor, ulcīscī, ultus sum",to avenge,1,Verb,,to avenge,1
"ūllus, ūlla, ūllum",any,3,Adjective,,any,1
"ultimus, ultima, ultimum","farthest; last; [[*manus ultima* ""the last hand"" → ""the finishing touch""]]",3,Adjective,,"farthest ‖ last ‖ [[*manus ultima* ""the last hand"" → ""the finishing touch""]]",1
"ultor, ultōris, {m.}",avenger,1,Noun,,avenger,1
ultrā,beyond; any longer,2,Adverb,,beyond ‖ any longer,1
"ultrīx, {(gen.)} ultrīcis",avenging,1,Adjective,,avenging,1
"ululātus, ululātūs, {m.}",wailing,1,Noun,,wailing,1
"ululō, ululāre, ululāvī, ululātum","to howl; {(in the {{passive}}, {{perfect}} {{participle}} *ululata*)} invoke with wailing",3,Verb,,"to howl ‖ {(in the {{passive}}, {{perfect}} {{participle}} *ululata*)} invoke with wailing",1
"umbra, umbrae, {f.}","shadow; darkness {(of night)}; shade, ghost {(of the dead)}",7,Noun,,"shadow ‖ darkness {(of night)} ‖ shade, ghost {(of the dead)}",1
"umbrōsus, umbrōsa, umbrōsum",shady,1,Adjective,,shady,1
"umerus, umerī, {m.}",shoulder,5,Noun,,shoulder,1
umquam,ever,3,Adverb,,ever,1
"unda, undae, {f.}",wave; water {(by extension in poetry)},13,Noun,,wave ‖ water {(by extension in poetry)},1
unde,from where,5,Adverb,,from where,1
"undōsus, undōsa, undōsum",full of waves,1,Adjective,,full of waves,1
"ūnus, ūna, ūnum","one; alone; {({{adverb}}, *ūnā*)} together",13,Adjective,,"one ‖ alone ‖ {({{adverb}}, *ūnā*)} together",1
"vocō, vocāre, vocāvī, vocātum",to call,3,Verb,,to call,1
"volātilis, volātile",winged,1,Adjective,,winged,1
"volātus, volātūs, {m.}",flight,1,Noun,,flight,1
"volō, volāre, volāvī, volātum",to fly,5,Verb,,to fly,1
"volō, velle, voluī",to want,4,Verb,,to want,1
"volucer, volucris, volucre",winged; swift,1,Adjective,,winged ‖ swift,1
"volvō, volvere, volvī, volūtum","to roll; to turn over; to ponder {(to turn over in the mind, *animō volvēns*)}",7,Verb,,"to roll ‖ to turn over ‖ to ponder {(to turn over in the mind, *animō volvēns*)}",1
"voluptās, voluptātis, {f.}",pleasure,1,Noun,,pleasure,1
"vōmer, vōmeris, {m.}",plowshare,2,Noun,,plowshare,1
"vomō, vomere, vomuī, vomitum",to vomit,1,Verb,,to vomit,1
"vōs, vestrum/vestrī, vōbīs, vōs, vōbīs","you {({{personal pronoun}}, {{plural}})}",3,Pronoun,,"you {({{personal pronoun}}, {{plural}})}",1
"vōtum, vōtī, {n.}",vow; prayer; wish,5,Noun,,vow ‖ prayer ‖ wish,1
"vōx, vōcis, {f.}",voice; word,11,Noun,,voice ‖ word,1
"urbs, urbis, {f.}",city,23,Noun,,city,1
"urgeō, urgēre, ursī",to press,1,Verb,,to press,1
"urna, urnae, {f.}",jar; funeral urn,2,Noun,,jar ‖ funeral urn,1
"ūrō, ūrere, ussī, ustum",to burn,4,Verb,,to burn,1
"ūsus, ūsūs, {m.}",use,2,Noun,,use,1
ut,"as {(with {{indicative}})}; when {(with {{indicative}})}; to {(introducing a {{purpose clause}} with {{subjunctive}})}; so that {(introducing a {{result clause}} with {{subjunctive}})}; although {({{concessive}}, with {{subjunctive}})}; how {(exclamatory, with {{subjunctive}})}",46,Conjunction,,"as {(with {{indicative}})} ‖ when {(with {{indicative}})} ‖ to {(introducing a {{purpose clause}} with {{subjunctive}})} ‖ so that {(introducing a {{result clause}} with {{subjunctive}})} ‖ although {({{concessive}}, with {{subjunctive}})} ‖ how {(exclamatory, with {{subjunctive}})}",1
"uterque, utraque, utrumque",each of two,3,Adjective,,each of two,1
"ūtilis, ūtile",useful,1,Adjective,,useful,1
utinam,if only,4,Adverb,,if only,1
"ūtor, ūtī, ūsus sum",{(with the {{ablative|ablative-with-special-verbs}})} to use,1,Verb,,{(with the {{ablative|ablative-with-special-verbs}})} to use,1
"vulnerō, vulnerāre, vulnerāvī, vulnerātus",to wound,0,Verb,,to wound,1
"vulnus, vulneris, {n.}",wound,7,Noun,,wound,1
"vultus, vultūs, {m.}",face,6,Noun,,face,1
"uxor, uxōris, {f.}",wife,2,Noun,,wife,1
