Latin Word,Frequency,English Definition(s),Part of Speech
-que,"and (x x-que = x and x); in poetry sometimes twice, both... and... (x-que x-que both x and x)",213,Conjunction
et,"and, also, even",194,Conjunction
"sum, esse, fuī, futūrum","to be, exist; to stay, remain; to happen, take place",192,Verb
"quī, quae, quod","who, which, that; what, which; any",129,Adjective
"tū, tuī, tibi, tē, tē","you, yourself",111,Pronoun
"ego, meī, mihi, mē","I, me, myself",92,Noun
in,"in, within; into, to, against; among",74,Preposition
"hic, haec, hoc","this, this man, this woman, this thing; he, she, it",71,Pronoun
"meus, mea, meum","my, mine",59,Adjective
"ille, illa, illud","that, that man, that woman, that thing; he, she, it",55,Adjective
neque / nec,"nor, and...not; not...either, not even",47,Conjunction
nōn,not,46,Adverb
"dō, dare, dedī, datum","give, offer; grant, allow; cause, produce",45,Verb
per,"through, throughout; during; by means of, by",45,Preposition
ut,"as, like, when; in order that, so that, to; how",41,Conjunction
"quis, quid","who?; what?; why? {as the adverbial neuter *quid*}; [[*nesciō quis* "I don't know who" → "someone or other"]]; anyone, anything {as an indefinite after *sī, nisi, nē, num*}",38,Pronoun
"videō, vidēre, vīdī, vīsum","see, look at; understand, perceive",38,Verb
"amor, amōris, {m.}","love, affection; passion, desire",37,Noun
"tuus, tua, tuum","your, yours (singular)",36,Adjective
"dīcō, dīcere, dīxī, dictum","to say, tell, speak; to name, call; to appoint, fix",35,Verb
"noster, nostra, nostrum","our, ours; our own; of us",35,Adjective
sī,"if, if only; whether",33,Conjunction
"deus, deī, {m.}","god, deity; divinity",30,Noun
"ā, ab, abs","from, away from; by; after",29,Noun
"ipse, ipsa, ipsum","himself, herself, itself; the very, the actual",29,Pronoun
"suus, sua, suum","his, her, its, their own",29,Adjective
aut,"or; or else, or at least",27,Conjunction
ad,"to, toward; near, at; among; according to; for the purpose of",26,Preposition
cum,"with; when, since, although",25,"Preposition, Conjunction"
nunc,"now, at present",25,Adverb
sed,"but, however; on the contrary",25,Conjunction
sīc,"thus, so, in this manner; in such a way",25,Adverb
"possum, posse, potuī","be able, can; have power, avail",24,Verb
"urbs, urbis, {f.}","city, walled town; the buildings of a city",23,Noun
"ōs, ōris, {n.}","mouth, face; expression; speech",22,Noun
"terra, terrae, {f.}","earth, land, ground; country, territory",22,Noun
atque,"and, and also; and even, and moreover",21,Conjunction
"eō, īre, īvī / iī, itum","go, walk; pass; result, happen; die",21,Verb
"vir, virī, {m.}","man, male; husband; hero",20,Noun
"omnis, omne","all, every; whole, entire",19,Adjective
"pater, patris, {m.}","father; ancestor, forefather",19,Noun
"prīmus, prīma, prīmum","first, earliest, foremost; principal, chief, distinguished",19,Adjective
dum,"while, as long as; until; provided that",18,Conjunction
"ferō, ferre, tulī, lātum","bring, bear, carry; endure, suffer; report, say",18,Verb
"habeō, habēre, habuī, habitum","have, hold; consider, regard; manage, keep",18,Verb
"magnus, magna, magnum","large, great, big; powerful, mighty; important",18,Adjective
"manus, manūs, {f.}","hand; handiwork {of artistry}; power {figuratively, of control}; [[*cōnserere manūs* "to entangle the hands" → "to fight hand-to-hand"]]; [[*inicere manūs* "to lay hands on" → "to lay legal claim to"]]",18,Noun
"multus, multa, multum","much, many; abundant, great",18,Adjective
"rēgnum, rēgnī, {n.}","kingdom, kingship; royal power, control; dominion, realm",18,Noun
"veniō, venīre, vēnī, ventum","come, arrive; occur, happen",18,Verb
"Dīdō, Dīdōnis, {f.}","Dido, queen of Carthage.",17,Noun
ubi,"where, in what place; when, as soon as",17,Adverb
"--, suī, sibi, sē, sē","himself, herself, itself; themselves",16,Pronoun
ante,before; in front of; previously,16,Preposition
"faciō, facere, fēcī, factum","to make, build, create; to do, perform, accomplish",16,Verb
"fātum, fātī, {n.}","utterance, prophecy; fate, destiny; death",16,Noun
"locus, locī, {m.} {(pl. loca)}","place, spot; region, part; position, rank",16,Noun
"relinquō, relinquere, relīquī, relictum","leave behind, desert, abandon",16,Verb
sub,"under, below; up from under",16,Preposition
"animus, animī, {m.}","mind, intellect; soul, spirit; feelings, heart; courage, pride",15,Noun
"corpus, corporis, {n.}","body; corpse; frame, collection",15,Noun
"fugiō, fugere, fūgī, fugitum","to flee, escape, run away from; to shun, avoid; to vanish, pass away.",15,Verb
"longus, longa, longum","long, tall; vast; distant; tedious, long-lasting",15,Adjective
"medius, media, medium","middle, mid, the middle of; intervening, neutral",15,Adjective
"pectus, pectoris, {n.}","breast, chest; heart, soul, mind; feelings, disposition",15,Noun
quoque,"also, too; even, actually",15,Adverb
"altus, alta, altum","high, lofty; deep, profound; (as a noun) the deep, the sea",14,Adjective
"certus, certa, certum","fixed, settled, certain; sure, reliable",14,Adjective
"domus, domūs, {f.}","house, home; family, household, lineage; native country, region",14,Noun
iam,"now, already, by/even now; besides; [non ~ => no longer; ~ pridem => long ago]",14,Adverb
"ignis, ignis, {m.}","fire, flame; brightness, luster; passion, glow of love",14,Noun
"nōs, nostrī / nostrum, nōbīs, nōs, nōbīs","we, us; I, me",14,Pronoun
"pōnō, pōnere, posuī, positum","to put, place, set; to lay aside; to station, establish",14,Verb
quam,"how, how much; as, than; as ... as possible",14,"Adverb, Conjunction"
tamen,"nevertheless, however, yet, still",14,Adverb
tum,"then, at that time; next, besides; [cum... tum] not only... but also",14,"Adverb, Conjunction"
"arma, armōrum, {n. pl.}","weapons, arms; war, warfare",13,Noun
"caelum, caelī, {n.}","sky, heaven; air, weather; the universe, world",13,Noun
"mēns, mentis, {f.}","mind, intellect; heart, spirit; intention, purpose",13,Noun
"nōmen, nōminis, {n.}","name, title; reputation, renown; race, family",13,Noun
"petō, petere, petīvī / petiī, petītum","seek, aim at; beg, ask; attack",13,Verb
"quaerō, quaerere, quaesīvī, quaesītum","to seek, search for; to ask, inquire",13,Verb
"sequor, sequī, secūtus sum","to follow, accompany; to pursue, chase; to strive for, aim at",13,Verb
"teneō, tenēre, tenuī, tentum","to hold, keep, occupy; to restrain; to reach, attain",13,Verb
"Aenēās, Aenēae, {m.}","Aeneas, a Trojan prince, son of Venus and Anchises, and legendary ancestor of the Romans.",12,Noun
"aqua, aquae, {f.}","water; sea, lake; river, stream",12,Noun
"oculus, oculī, {m.}","eye; sight, gaze",12,Noun
"parvus, parva, parvum","small, little; unimportant, slight",12,Adjective
"tantus, tanta, tantum","so great, so much; such, of such a kind",12,Adjective
"unda, undae, {f.}","wave, billow; water, stream",12,Noun
"ūnus, ūna, ūnum","one; alone, single, sole; only; some, someone",12,Adjective
"agō, agere, ēgī, āctum","drive, lead, impel; do, perform; spend, pass",11,Verb
"alter, altera, alterum","one (of two), the other; second, another",11,Adjective
at,"but, yet, on the other hand; but at least",11,Preposition
"dexter, dextra, dextrum","right, on the right side; skillful; favorable, auspicious",11,Adjective
"ferrum, ferrī, {n.}","iron; sword, weapon",11,Noun
"flamma, flammae, {f.}","flame, blaze; passion, fire of love; destructive fire, danger",11,Noun
"frāter, frātris, {m.}","brother; kinsman, relative; member of a group or clan",11,Noun
"lacrima, lacrimae, {f.}",tear; weeping,11,Noun
"lūmen, lūminis, {n.}","light, radiance; eye; life",11,Noun
"moenia, moenium, {n. pl.}","city walls, defensive walls, fortifications; a walled city; enclosure",11,Noun
"nox, noctis, {f.}",night; darkness; sleep; the Underworld,11,Noun
"tangō, tangere, tetigī, tāctum","to touch, handle; reach, arrive at; strike, affect",11,Verb
"tempus, temporis, {n.}","time, period of time; occasion, opportunity",11,Noun
"amō, amāre, amāvī, amātum","love, be fond of; like, enjoy",10,Verb
"aura, aurae, {f.}","breeze, breath of air, wind; the air, sky; gleam, luster",10,Noun
"bellum, bellī, {n.}","war, warfare; battle, combat",10,Noun
"cūra, cūrae, {f.}","care, attention; anxiety, worry, concern",10,Noun
"fāma, fāmae, {f.}","rumor, report, news; reputation, fame, renown",10,Noun
"hostis, hostis, {m./f.}","enemy; stranger, foreigner",10,Noun
"māter, mātris, {f.}","mother; source, origin",10,Noun
"morior, morī, mortuus sum","to die, perish; to decay, wither",10,Verb
"premō, premere, pressī, pressum","to press, squeeze; to overwhelm, burden; to cover, restrain",10,Verb
"soror, sorōris, {f.}",sister; female companion,10,Noun
"ventus, ventī, {m.}","wind; breeze; storm, blast",10,Noun
"vōx, vōcis, {f.}","voice, cry; word, saying; rumor",10,Noun
aiō,"say, affirm, say yes; as they say",9,Verb
"audiō, audīre, audīvī, audītum","to hear, listen to; learn, be told",9,Verb
"capiō, capere, cēpī, captum","to take, seize, catch; capture, occupy; take on, receive",9,Verb
"causa, causae, {f.}","cause, reason, motive; case, situation",9,Noun
"coniūnx, coniugis, {m./f.}","spouse, husband, wife; bride, groom",9,Noun
dē,"down from, away from; about, concerning; according to",9,Preposition
"dea, deae, {f.}",goddess,9,Noun
ex,"out of, from; because of, according to",9,Preposition
forte,"by chance, perhaps",9,Adverb
"imāgō, imāginis, {f.}","image, likeness, appearance; ghost, phantom; echo",9,Noun
inter,"between, among; during",9,Preposition
"iubeō, iubēre, iussī, iussum","order, command, bid",9,Verb
"Iuppiter, Iovis, {m.}","Jupiter, king of the gods; the sky, the heavens",9,Noun
"labor, labōris, {m.}","labor, toil, exertion; hardship, distress",9,Noun
"mare, maris, {n.}",sea; sea water,9,Noun
"miser, misera, miserum","wretched, miserable, unfortunate; poor, piteous",9,Adjective
"nātus, nātī, {m.}","son, child; birth, age, years",9,Noun
"noceō, nocēre, nocuī, nocitum","harm, injure, hurt; be harmful",9,Verb
"novus, nova, novum","new, fresh; strange, unusual",9,Adjective
"parēns, parentis, {m./f.}","parent, ancestor; creator, founder",9,Noun
"pars, partis, {f.}","part, portion, share; side, direction, region",9,Noun
"patria, patriae, {f.}","native land, fatherland, homeland; native city",9,Noun
"poena, poenae, {f.}","punishment, penalty; retribution, revenge",9,Noun
tot,"so many, as many",9,Adjective
"Venus, Veneris, {f.}","Venus, goddess of love and beauty; love, charm, desire",9,Noun
"via, viae, {f.}","way, road, path; journey; manner, method",9,Noun
-ve,or,8,
"arbor, arboris, {f.}","tree; timber, wood; mast (of a ship)",8,Noun
"crūdēlis, crūdēle","cruel, merciless, pitiless; harsh, severe",8,Adjective
"dēbeō, dēbēre, dēbuī, dēbitum","owe; ought, be bound",8,Verb
"dūcō, dūcere, dūxī, ductum","to lead, guide; to draw, pull; to think, consider",8,Verb
"fallō, fallere, fefellī, falsum","deceive, trick; escape the notice of, elude",8,Verb
"fuga, fugae, {f.}","flight, fleeing, escape; avoidance; exile",8,Noun
"īra, īrae, {f.}","anger, wrath, fury; resentment, hatred; violence, impetuosity",8,Noun
"Iūlus, Iūlī, {m.}","Iulus, another name for Ascanius, the son of Aeneas; ancestor of the Julian clan.",8,Noun
"lītus, lītoris, {n.}","shore, beach; coast",8,Noun
"mors, mortis, {f.}",death; corpse; annihilation,8,Noun
"moveō, movēre, mōvī, mōtum","move, stir, set in motion; arouse, affect, influence",8,Verb
"nesciō, nescīre, nescīvī, nescītum","not know, be ignorant; be unaware, be unfamiliar with",8,Verb
"nūllus, nūlla, nūllum","no, none, not any; no one, nobody",8,Adjective
ō,"O, oh (interjection used in addressing others or in exclamations of emotion)",8,Interjection
"ops, opis, {f.}","power, ability, help; resources, wealth, influence",8,Noun
"ōra, ōrae, {f.}","shore, coast; border, edge",8,Noun
"penna, pennae, {f.}","feather, wing; flight; pen, arrow",8,Noun
"perdō, perdere, perdidī, perditum","to destroy, ruin; to lose, waste",8,Verb
"populus, populī, {m.}","people, nation; crowd, multitude",8,Noun
prō,"forth, forward; in front of; for, on behalf of; instead of",8,Preposition
"puer, puerī, {m.}","boy, son",8,Noun
"referō, referre, rettulī, relātum","to bring back, restore; report, announce; repay, render",8,Verb
"rēgīna, rēgīnae, {f.}","queen, princess; mistress, ruler",8,Noun
"rēs, reī, {f.}","thing, object, matter; circumstance, event, fact; property, possessions",8,Noun
"sanguis, sanguinis, {m.}","blood; bloodshed, slaughter; race, stock, family",8,Noun
"tālis, tāle","such, of such a kind; so great, so excellent",8,Adjective
"tūtus, tūta, tūtum","protected, safe, secure; watchful, cautious",8,Adjective
"Tyrius, Tyria, Tyrium","of Tyre, Tyrian; Carthaginian; purple, crimson",8,Adjective
"verbum, verbī, {n.}","word, saying; speech, talk",8,Noun
"accipiō, accipere, accēpī, acceptum","to take, receive, or accept; to learn or understand",7,Verb
"āla, ālae, {f.}",wing; armpit; wing or flank of an army,7,Noun
"āra, ārae, {f.}","altar, structure for sacrifice; sanctuary, refuge; home, hearth",7,Noun
"ars, artis, {f.}","art, skill, craft; method, trick, or means",7,Noun
"arvum, arvī, {n.}","arable land, field; region, country",7,Noun
"arx, arcis, {f.}","citadel, fortress, stronghold; height, summit",7,Noun
"cadō, cadere, cecidī, cāsum","to fall, sink, or drop; to die or perish; to happen or befall",7,Verb
"classis, classis, {f.}","class, division; fleet; army, troop",7,Noun
"coma, comae, {f.}","hair, tresses; tail of a comet; foliage",7,Noun
"diēs, diēī, {m./f.}","day, daylight; time, period",7,Noun
enim,"for, because; indeed, truly; in fact, namely",7,Conjunction
"ēnsis, ēnsis, {m.}",sword; blade,7,Noun
"fidēs, fideī, {f.}","faith, trust, belief; loyalty, honesty, credit",7,Noun
"fīnis, fīnis, {m.}","boundary, end, limit; (pl.) territory, lands",7,Noun
"gēns, gentis, {f.}","race, nation, people; clan, family, house",7,Noun
"genus, generis, {n.}","origin, stock, family; kind, sort, species",7,Noun
hinc,"from here, from this source or cause; hence, henceforth",7,Adverb
"iaceō, iacēre, iacuī, iacitum","to lie, recline; to lie dead, lie prostrate; to lie neglected, be idle",7,Verb
"iactō, iactāre, iactāvī, iactātum","to throw, cast, hurl; to toss about, scatter; to boast, brag of",7,Verb
"īdem, eadem, idem","the same, the very same, the aforementioned",7,Pronoun
"inquam, inquis, inquit","to say, say I, say you, says he/she/it",7,Verb
"iste, ista, istud","that of yours, that near you; that (often with contempt)",7,Adjective
"Italia, Italiae, {f.}",Italy,7,Noun
"lūx, lūcis, {f.}","light, brightness; daylight; life; eyesight",7,Noun
"maneō, manēre, mānsī, mānsum","stay, remain; wait for; endure",7,Verb
modo,"only, merely; just now, lately; (modo...modo) now...now, at one moment...at another",7,Adverb
nē,"not, (that) not, lest; (enclitic) signs a question; truly, indeed",7,Conjunction
"nōtus, nōta, nōtum","known, familiar; well-known, famous, notorious",7,Adjective
"ōsculum, ōsculī, {n.}","a little mouth, pretty mouth; a kiss",7,Noun
"parō, parāre, parāvī, parātum","to prepare, make ready; equip, furnish; obtain, provide",7,Verb
"pateō, patēre, patuī","lie open, extend; be evident or obvious",7,Verb
"quantus, quanta, quantum","how great, how much; as great as, as much as",7,Adjective
"quisque, quaeque, quicque / quidque / quodque","each, every; each one, everyone",7,Adjective
"saevus, saeva, saevum","cruel, harsh; savage, fierce; raging, violent",7,Adjective
"sōlus, sōla, sōlum","alone, solitary; only, single, sole",7,Adjective
"somnus, somnī, {m.}","sleep, slumber; dream; personification of Sleep (Somnus)",7,Noun
"summus, summa, summum","highest, topmost; last, final; greatest, supreme",7,Adjective
"tegō, tegere, tēxī, tēctum","to cover; hide, conceal; protect, shield",7,Verb
"Thisbē, Thisbēs, {f.}","Thisbe, a maiden of Babylon; a Boeotian nymph or spring",7,Noun
"tōtus, tōta, tōtum","whole, entire, all",7,Adjective
"trādō, trādere, trādidī, trāditum","hand over, deliver; surrender; hand down",7,Verb
"trīstis, trīste","sad, sorrowful, mournful; gloomy, grim, harsh; baneful, ill-omened",7,Adjective
"Trōia, Trōiae, {f.}",Troy (the city),7,Noun
"umbra, umbrae, {f.}","shadow, shade; ghost, phantom",7,Noun
vix,"force, strength, power; violence, amount.",7,Adverb
"volvō, volvere, volvī, volūtum","to roll, turn, tumble; to unroll, ponder; to undergo, pass through",7,Verb
"vulnus, vulneris, {n.}","wound, injury; blow, stroke",7,Noun
"adeō, adīre, adiī / adīvī, aditum","to go to, approach; visit; encounter, undertake",6,Verb
"aequor, aequoris, {n.}","level surface, plain; sea, ocean; surface of the sea",6,Noun
"āēr, āeris, {m.}","air, atmosphere; mist, cloud",6,Noun
"Ascanius, Ascaniī, {m.}",son of Aeneas and Creusa; founder of Alba Longa; also called Iulus,6,Noun
"auris, auris, {f.}",ear; hearing,6,Noun
bene,"well, rightly, honorably; thoroughly, very, quite.",6,Adverb
"caput, capitis, {n.}","head; life; source, top",6,Noun
"cārus, cāra, cārum","dear, precious; expensive, costly",6,Adjective
"claudō, claudere, clausī, clausum","to shut, close; to block up, dam; to hem in, enclose, confine",6,Verb
"compōnō, compōnere, composuī, compositum","to put together, arrange, build; to settle, calm; to lay to rest, bury",6,Verb
"cruor, cruōris, {m.}","blood from a wound, gore; bloodshed, slaughter",6,Noun
"dōs, dōtis, {f.}","dowry, marriage portion; gift, talent, endowment",6,Noun
"duo, duae, duo","two, the two, both",6,Adjective
"factum, factī, {n.}","deed, act; exploit, achievement",6,Noun
"fīgō, fīgere, fīxī, fīxum","to fasten, fix, or drive in; to pierce; to establish or settle.",6,Verb
"homō, hominis, {m.}","human, human being, person; mankind, humanity",6,Noun
"Īcarus, Īcarī, {m.}",Icarus; son of Daedalus,6,Noun
"iungō, iungere, iūnxī, iūnctum","To join, connect, unite; to yoke, harness (animals)",6,Verb
"Iūnō, Iūnōnis, {f.}","Juno, the queen of the gods, sister and wife of Jupiter; by metonymy, the name for a Roman month or a guardian spirit of a woman.",6,Noun
"lābor, lābī, lāpsus sum","to slide, slip, or glide; to fall down, sink, or perish; to make a mistake or err",6,Verb
"laedō, laedere, laesī, laesum","strike, hit; injure, hurt; offend",6,Verb
"loquor, loquī, locūtus sum","speak, talk; say, tell; mention",6,Verb
male,badly,6,Adverb
"mereō, merēre, meruī, meritum","to earn, deserve, merit; gain, acquire",6,Verb
"meritum, meritī, {n.}","service, kindness; merit, desert, reward",6,Noun
"metus, metūs, {m.}","fear, dread, anxiety; awe",6,Noun
"nympha, nymphae, {f.}","nymph, semi-divine female spirit of nature; young woman, bride",6,Noun
"opus, operis, {n.}","work, labor; product, artistic creation; building, structure",6,Noun
"patrius, patria, patrium","native land, fatherland; country",6,Adjective
"pelagus, pelagī, {n.}","the sea, the open sea, the main",6,Noun
"pendeō, pendēre, pependī, pēnsum","hang, hang down, be suspended; hover, float",6,Verb
"pēs, pedis, {m.}","foot, paw; a unit of measure; the bottom or base of something",6,Noun
"Phoebus, Phoebī, {m.}","Phoebus, an epithet of Apollo as the sun god; the sun",6,Noun
"Pyramus, Pyramī, {m.}","a Babylonian youth, the lover of Thisbe",6,Noun
quod,"which, that; because, since; the fact that",6,Conjunction
"sacer, sacra, sacrum","sacred, holy, consecrated; accursed, detestable",6,Adjective
sine,without,6,Preposition
"spargō, spargere, sparsī, sparsum","scatter, strew, sprinkle; spread, disperse",6,Verb
"stō, stāre, stetī, statum","stand, stand still, stand firm; remain, endure",6,Verb
"Sychaeus, Sychaeī, {m.}","Sychaeus, the husband of Dido and a wealthy Phoenician of Tyre, murdered by his brother-in-law Pygmalion.",6,Noun
"taurus, taurī, {m.}",bull; the constellation Taurus,6,Noun
"tēlum, tēlī, {n.}","weapon, projectile; spear, dart",6,Noun
"tenuis, tenue","thin, fine, slender; delicate, slight; weak, feeble; humble, unimportant",6,Adjective
"Teucrī, Teucrōrum, {m. pl.}","the Trojans, Teucrians",6,Noun
"vērus, vēra, vērum {(adv. vērō)}","true, real, genuine; (adv. vero) in truth, certainly",6,Adjective
"vestis, vestis, {f.}","garment, robe; clothing, attire",6,Noun
"vincō, vincere, vīcī, victum","to conquer, defeat, overcome; to surpass, win",6,Verb
"vīta, vītae, {f.}","life, soul; way of life; heart, spirit",6,Noun
"vultus, vultūs, {m.}","expression, countenance; face, features",6,Noun
"aethēr, aetheris, {m.}","the upper air, ether; the heavens, sky",5,Noun
"alius, alia, aliud","other, another; different, changed",5,Adjective
an,or; whether; can it be that?,5,Conjunction
"aspiciō, aspicere, aspexī, aspectum","to look at, behold; to gaze upon, see; to observe, perceive",5,Verb
"audeō, audēre, ausus sum","to dare, venture; be bold, be eager",5,Verb
"aurum, aurī, {n.}","gold, money; anything made of gold",5,Noun
"cāsus, cāsūs, {m.}","fall, downfall; chance, event; misfortune, calamity",5,Noun
"coepī, coepisse, coeptum","begin, commence, initiate; set foot on",5,Verb
"condō, condere, condidī, conditum","to put together, found, build; to put away, store, hide; to bury, plunge (a weapon)",5,Verb
"cōnscius, cōnscia, cōnscium","conscious, aware of; privy to, sharing knowledge; guilty.",5,Adjective
"crēdō, crēdere, crēdidī, crēditum","to believe, trust; to entrust, commit",5,Verb
"dēserō, dēserere, dēseruī, dēsertum","to leave, desert, abandon; to give up, relinquish",5,Verb
"dux, ducis, {m./f.}","leader, guide; commander, general",5,Noun
etiam,"also, even; still, yet; yes, indeed",5,"Adverb, Conjunction"
"fēlīx, {(gen.)} fēlīcis","lucky, fortunate, happy; blessed, favorable; fruitful, fertile",5,Adjective
"fera, ferae, {f.}","wild beast, wild animal; wild, savage, untamed",5,Noun
"fingō, fingere, fīnxī, fictum","mold, shape, fashion; create, invent; imagine, conceive; feign, pretend",5,Verb
"fluctus, fluctūs, {m.}","wave, billow; surge, flood",5,Noun
"fretum, fretī, {n.}","strait, channel; sea, waters",5,Noun
"fūnus, fūneris, {n.}","burial, funeral rites; death, corpse",5,Noun
"gaudeō, gaudēre, gāvīsus sum","rejoice, be glad; take pleasure in",5,Verb
"geminus, gemina, geminum","twin, twin-born; double, twofold; both, a pair of",5,Adjective
"genitor, genitōris, {m.}","father, begetter; creator, ancestor",5,Noun
"herba, herbae, {f.}","herb, grass, green blade; herbage, turf, pasture",5,Noun
hīc,"here, in this place; at this time, now; in the present circumstances",5,Adverb
"ignōtus, ignōta, ignōtum","unknown, obscure; unrecognized, unnoticed",5,Adjective
"imperium, imperiī, {n.}","command, authority; power, rule; empire, state",5,Noun
"impius, impia, impium","wicked, impious, irreverent; disloyal",5,Adjective
"ingēns, {(gen.)} ingentis","huge, vast, enormous; remarkable, extraordinary; mighty, powerful",5,Adjective
"iuvenis, iuvenis, {m./f.}","young man, young woman; youth",5,"Noun, Adjective"
"lacertus, lacertī, {m.}","arm, upper arm; shoulder; muscle, strength",5,Noun
"lātus, lāta, lātum","wide, broad; spacious, extensive",5,Adjective
"levis, leve","smooth, light; mild, gentle",5,Adjective
"lingua, linguae, {f.}","tongue; language, speech",5,Noun
"malus, mala, malum","bad, evil, wicked; harmful; unfortunate, calamitous",5,Adjective
"mora, morae, {f.}","delay, hesitation; pause, stay, or hindrance",5,Noun
"mōs, mōris, {m.}","custom, habit, way; character, morals; law, rule",5,Noun
"mūnus, mūneris, {n.}","service, duty, office; gift, offering, tribute",5,Noun
"nāscor, nāscī, nātus sum","to be born, be produced; to arise, spring forth, proceed from",5,Verb
"nūmen, nūminis, {n.}","divine power, divine will; divinity, deity",5,Noun
"orbis, orbis, {m.}","circle, ring; world, universe",5,Noun
"os, ossis, {n.}",bone; mouth; face,5,Noun
"pius, pia, pium","dutiful, loyal, devoted; righteous, holy",5,Adjective
"placeō, placēre, placuī, placitum","to please, satisfy, be agreeable; to be resolved, be decreed",5,Verb
"praebeō, praebēre, praebuī, praebitum","offer, provide, present; show, display",5,Verb
"precor, precārī, precātus sum","pray, beg; entreat, beseech",5,Verb
"prior, prius","former, previous; earlier, sooner; ancestors, forefathers",5,Adjective
"pudor, pudōris, {m.}","shame, sense of shame; modesty, decency, honor",5,Noun
"pulcher, pulchra, pulchrum","beautiful, handsome, fine; noble, illustrious",5,Adjective
"putō, putāre, putāvī, putātum","think, suppose; reckon, consider",5,Verb
"queror, querī, questus sum","to complain, lament; to bewail, mourn",5,Verb
"regō, regere, rēxī, rēctum","to keep straight, guide; rule, govern",5,Verb
"scelus, sceleris, {n.}","wickedness, crime, sin; misfortune, calamity",5,Noun
"sīdus, sīderis, {n.}","star, constellation; heaven, sky",5,Noun
"socius, sociī, {m.}","companion, ally, comrade",5,Noun
"spērō, spērāre, spērāvī, spērātum","hope, trust; expect",5,Verb
"taeda, taedae, {f.}","pitch-pine, pine-wood; torch, especially a wedding torch; marriage, wedding",5,Noun
tam,"so, so much, to such a degree; as much; nevertheless",5,Adverb
tandem,"at last, finally; at length; eventually",5,Adverb
"tēctum, tēctī, {n.}","roof; house, dwelling",5,Noun
"tellūs, tellūris, {f.}","earth, land, ground; the world",5,Noun
"torus, torī, {m.}","swelling, muscle; couch, bed; bank, mound",5,Noun
"trahō, trahere, trāxī, tractum","to drag, pull, draw; to derive, get; to prolong, delay",5,Verb
"umerus, umerī, {m.}","shoulder, upper arm",5,Noun
unde,"from where, whence; from which, from whom; for which reason, hence",5,Adverb
"virgō, virginis, {f.}","maiden, virgin; girl",5,Noun
"vīs, vīs, {f.}","force, power, violence; strength, resources",5,Noun
"volō, volāre, volāvī, volātum","to fly; to move rapidly, rush; to speed, hasten",5,Verb
"vōtum, vōtī, {n.}","vow, solemn promise; prayer, wish; votive offering",5,Noun
"abeō, abīre, abiī, abitum","to go away, depart; to be transformed or change into something else",4,Verb
"addō, addere, addidī, additum","to add, join, attach; to impart, bestow",4,Verb
"altum, altī, {n.}","high, lofty; deep; the deep, the sea",4,Noun
"antīquus, antīqua, antīquum","old, ancient; former, of old times; traditional, venerable",4,Adjective
"ārdeō, ārdēre, ārsī, ārsum","be on fire, burn, blaze; glow, sparkle; be eager, burn with desire",4,Verb
"āter, ātra, ātrum","black, dark; gloomy, unlucky; deadly, terrible",4,Adjective
"audāx, {(gen.)} audācis","bold, daring; reckless, audacious",4,Adjective
"aureus, aurea, aureum","of gold, golden; gilded; beautiful, splendid",4,Adjective
bis,"twice, two times; again, a second time",4,Adverb
"caedēs, caedis, {f.}","slaughter, murder; blood",4,Noun
"capillus, capillī, {m.}",hair,4,Noun
"cēra, cērae, {f.}",wax; honeycomb; writing-tablet,4,Noun
"cinis, cineris, {m.}","ashes; ruin, death",4,Noun
"clāmō, clāmāre, clāmāvī, clāmātum","shout, cry out; call upon, invoke",4,Verb
"Colchī, Colchōrum, {m. pl.}","Colchians; inhabitants of Colchis, a region on the eastern shore of the Black Sea famous in myth as the home of Medea and the Golden Fleece.",4,Noun
"comes, comitis, {m./f.}","companion, comrade, associate; attendant, follower",4,Noun
"cōnsistō, cōnsistere, cōnstitī","stand firm, stand still, stop; take a position, halt; consist of, depend upon",4,Verb
contrā,"facing, opposite; against; in reply, on the contrary",4,Preposition
"cōnūbium, cōnūbiī, {n.}","marriage, wedlock; the right to intermarry; sexual union",4,Noun
"crēscō, crēscere, crēvī, crētum","to grow, increase; to be born, arise from",4,Verb
"culpa, culpae, {f.}","fault, blame; crime, offense; guilt",4,Noun
"cupiō, cupere, cupīvī, cupītum","to desire, long for, want; covet",4,Verb
cūr,why; for what reason/purpose,4,Adverb
"dīversus, dīversa, dīversum","turned in different directions, apart; opposite, contrary; different, separate",4,Adjective
"dolor, dolōris, {m.}","pain, ache; grief, sorrow",4,Noun
"dulcis, dulce","sweet, pleasant; dear, beloved",4,Adjective
"ēlābor, ēlābī, ēlāpsus sum","slip away, escape; elapse",4,Verb
"Elissa, Elissae, {f.}","Elissa, another name for Dido, the legendary founder and queen of Carthage",4,Noun
equidem,"truly, indeed; for my part",4,Adverb
"errō, errāre, errāvī, errātum","wander, roam; go astray, be mistaken",4,Verb
"fax, facis, {f.}","torch, firebrand; flame, fire of love",4,Noun
"ferus, fera, ferum","wild, savage, untamed; fierce, cruel",4,Adjective
"fortūna, fortūnae, {f.}","luck, chance, fortune; wealth, prosperity; the goddess Fortune",4,Noun
"furō, furere, furuī","to rage, rave; to be mad, be frantic; to be inspired, be troubled by love or passion",4,Verb
"haereō, haerēre, haesī, haesum","cling, stick, adhere; hesitate, pause; be caught, be stuck.",4,Verb
haud,"not, not at all, by no means",4,Adverb
"hiems, hiemis, {f.}","winter; storm, stormy weather",4,Noun
hūc,"this, that; he, she, it",4,Adverb
"humus, humī, {f.}","ground, earth, soil",4,Noun
"ignārus, ignāra, ignārum","ignorant, unaware; unknown, strange",4,Adjective
"incipiō, incipere, incēpī, inceptum","to begin, start; undertake; embark on",4,Verb
"īnfēlīx, {(gen.)} īnfēlīcis","unfortunate, unhappy, wretched; unlucky, ill-omened; unfruitful, unproductive",4,Adjective
"ingrātus, ingrāta, ingrātum","ungrateful, unthankful; unpleasant, thankless",4,Adjective
"inīquus, inīqua, inīquum","uneven, sloping; unfavorable, unfair; hostile, unkind",4,Adjective
"inveniō, invenīre, invēnī, inventum","find, discover; come upon, light upon",4,Verb
"is, ea, id","he, she, it; that, this; the one mentioned, the aforementioned",4,Pronoun
"iter, itineris, {n.}","way, road, path; journey, march",4,Noun
iterum,"again, a second time; for the second time",4,Adverb
"iuvō, iuvāre, iūvī, iūtum","help, assist, aid; please, delight",4,Verb
"Karthāgō, Karthāginis, {f.}",Carthage (a city in North Africa),4,Noun
"lateō, latēre, latuī","lie hid, hide, be concealed",4,Verb
"lētum, lētī, {n.}","death; destruction, ruin",4,Noun
"lēx, lēgis, {f.}","law, statute; principle, condition",4,Noun
"Libya, Libyae, {f.}",Libya; Africa,4,Noun
"Libycus, Libyca, Libycum","Libyan, of Libya; North African",4,Adjective
"lūdō, lūdere, lūsī, lūsum","to play, sport; to mock, tease, trick",4,Verb
"malum, malī, {n.}","evil, crime; misfortune, calamity, hardship",4,Noun
"Mārs, Mārtis, {m.}","Mars, Roman god of war; war, battle, fighting; force of arms, army",4,Noun
"moror, morārī, morātus sum","delay, tarry, linger; hinder, detain",4,Verb
"murmur, murmuris, {n.}","a murmur, whisper, hum; a low, continuous sound (as of water, wind, or a crowd); a grumble, complaint",4,Noun
namque,"for, for indeed, for in fact",4,Conjunction
"nāta, nātae, {f.}",daughter; child; girl,4,Noun
"nāvis, nāvis, {f.}","ship, boat; vessel",4,Noun
"nemus, nemoris, {n.}","woodland, grove; forest.",4,Noun
"nūdus, nūda, nūdum","naked, bare; stripped, unarmed; empty",4,Adjective
ōlim,"formerly, once, once upon a time; in the future, one day",4,Adverb
"ōrō, ōrāre, ōrāvī, ōrātum","to beg, pray, beseech; to plead, entreat; to worship, adore",4,Verb
"pallidus, pallida, pallidum","pale, pallid, wan; yellow-green; causing paleness",4,Adjective
"parcō, parcere, pepercī, parsum","to act sparingly, be economical with; to refrain from, forbear; to spare, show mercy to",4,Verb
"patior, patī, passus sum","to suffer, endure; to allow, permit",4,Verb
"pāx, pācis, {f.}","peace, harmony; compact, treaty",4,Noun
"perfidus, perfida, perfidum","faithless, treacherous, deceitful",4,Adjective
"piget, pigēre, piguit","to cause disgust, vexation, irksomeness; to be vexed, annoyed, or displeased; to regret",4,Verb
"plēnus, plēna, plēnum","full, filled; plump, stout; abundant, generous",4,Adjective
"portus, portūs, {m.}","harbor, port; haven, refuge",4,Noun
"poscō, poscere, poposcī","ask, demand; request",4,Verb
postquam,"after, after that; when; since, now that",4,Conjunction
"prōsum, prōdesse, prōfuī","be useful, be advantageous; benefit, profit",4,Verb
prōtinus,"straight on, forward; immediately, at once",4,Adverb
"Pygmaliōn, Pygmaliōnis, {m.}","Pygmalion, a legendary king of Cyprus and sculptor who fell in love with a statue he carved, which was brought to life by Venus (Aphrodite)",4,Noun
"quīcumque, quaecumque, quodcumque","whoever, whatever; everyone who, everything that",4,Pronoun
quīn,"why not; but that, so that...not; indeed, moreover",4,"Adverb, Conjunction"
"reddō, reddere, reddidī, redditum","give back, return, restore; deliver, render, make",4,Verb
"rogus, rogī, {m.}","funeral pyre, funeral pile; the grave",4,Noun
saepe,"often, frequently; many times",4,Adverb
"sagitta, sagittae, {f.}",arrow; shaft,4,Noun
satis,"enough, sufficient; sufficiently, adequately, quite",4,Adverb
"scēptrum, scēptrī, {n.}","staff, sceptre; royal power, sovereignty",4,Noun
"sedeō, sedēre, sēdī, sessum","sit, remain; settle; encamp",4,Verb
"sēdēs, sēdis, {f.}","seat, chair; dwelling, residence, home",4,Noun
"sēmen, sēminis, {n.}","seed; source, origin; offspring",4,Noun
"sentiō, sentīre, sēnsī, sēnsum","to feel, perceive; think, judge, realize",4,Verb
"signum, signī, {n.}","sign, mark, token; military standard, banner; signal; statue, image; constellation",4,Noun
"silva, silvae, {f.}","forest, woods, woodland",4,Noun
"sinō, sinere, sīvī, situm","allow, permit; leave, let be",4,Verb
"sōl, sōlis, {m.}",sun; day; heat,4,Noun
"spēs, speī, {f.}","hope, anticipation, expectation; prospect, promise",4,Noun
"stringō, stringere, strīnxī, strictum","to draw tight, bind, compress; to graze, touch lightly; to unsheathe, draw a weapon; to strip off, prune",4,Verb
"suādeō, suādēre, suāsī, suāsum","advise, recommend; urge, persuade",4,Verb
super,"above, over, on top of; beyond; besides",4,"Preposition, Adverb"
"superō, superāre, superāvī, superātum","to overcome, conquer, defeat; to surpass, rise above",4,Verb
"surgō, surgere, surrēxī, surrēctum","to rise, get up; to spring up, arise, appear",4,Verb
"thalamus, thalamī, {m.}","inner room, chamber; marriage bed, bridal couch; marriage, union",4,Noun
totidem,"just so many, just as many; just as often",4,Adjective
"Trōiānus, Trōiāna, Trōiānum","of, relating to, or belonging to Troy; Trojan",4,Adjective
"ūrō, ūrere, ussī, ustum","burn, consume by fire; inflame, gall",4,Verb
utinam,"if only, would that, oh that!",4,Adverb
"vacuus, vacua, vacuum","empty, vacant, unoccupied; free from, devoid of; idle, at leisure",4,Adjective
"valeō, valēre, valuī, valitum","to be strong, be well, be healthy; be able, have power; be worth; farewell (in the imperative)",4,Verb
vel,"or, even, even as; or even, or at least",4,"Conjunction, Adverb"
"vetō, vetāre, vetuī, vetitum","to forbid, prohibit; to prevent, hinder",4,Verb
"vīvō, vīvere, vīxī, vīctum","to live, be alive; survive, endure",4,Verb
"volō, velle, voluī","to wish, want, desire; to be willing; to mean, signify",4,Verb
-ne,marks a sentence as a question (appears after the first word),3,
"absum, abesse, āfuī","be away, be absent; be distant, be far off",3,Verb
adhūc,"until now, thus far; still, yet",3,Adverb
"aliquis, aliquid","someone, something; anyone, anything; some, any",3,Pronoun
aliter,"otherwise, differently; in another way",3,Adverb
"ambāgēs, ambāgis, {f.}","a winding, roundabout way; circumlocution, digression; obscurity, ambiguity",3,Noun
"amplector, amplectī, amplexus sum","to embrace, clasp; to encircle, wind around; to grasp, comprehend",3,Verb
"Anna, Annae, {f.}",Anna (sister of Dido); a feminine given name meaning grace or favor,3,Noun
"annus, annī, {m.}",year; season,3,Noun
"artus, artūs, {m.}","arm, leg, limb, joint; frame, body; narrow, close, tight",3,Noun
"asper, aspera, asperum","rough, harsh; cruel, fierce",3,Adjective
"attollō, attollere","to lift up, raise; to build, erect; to exalt, rouse",3,Verb
"auxilium, auxiliī, {n.}","help, aid, assistance; reinforcements, auxiliary troops",3,Noun
"bonus, bona, bonum","good, honest, brave; noble, kind; right, useful",3,Adjective
"bōs, bovis, {m./f.}","ox, bull; cattle",3,Noun
"brevis, breve","short, small; brief, of short duration; shallow.",3,Adjective
"caecus, caeca, caecum","blind, sightless; dark, obscure; hidden, secret",3,Adjective
"caelestis, caeleste","heavenly, celestial; divine, godlike; (as noun) the gods",3,Adjective
"caeruleus, caerulea, caeruleum","blue, sky-blue, dark blue; dark, gloomy, black",3,Adjective
"captō, captāre, captāvī, captātum","catch at, reach for; strive after, seek",3,Verb
"careō, carēre, caruī, caritum","to be without, lack; to be free from; to miss",3,Verb
"carmen, carminis, {n.}","song, poem; incantation, ritual chant",3,Noun
"carpō, carpere, carpsī, carptum","to pluck, gather, or pick; to enjoy, seize, or use; to consume, wear away, or pass through.",3,Verb
"cēdō, cēdere, cessī, cessum","to go, go away, withdraw; to yield, submit; to fall to, pass to (as a possession)",3,Verb
centum,hundred; a great number,3,Numeral
"cernō, cernere, crēvī, crētum","distinguish, discern, see; decide, determine",3,Verb
"coeō, coīre, coiī, coitum","come or go together, assemble; unite, form a compact; congeal, thicken",3,Verb
"cognōscō, cognōscere, cognōvī, cognitum","to become acquainted with, learn; to recognize, identify; to investigate, examine",3,Verb
"color, colōris, {m.}","color, tint, hue; complexion; outward appearance, gloss or pretense",3,Noun
"conveniō, convenīre, convēnī, conventum","come together, assemble; meet, gather; agree, fit",3,Verb
"cornū, cornūs, {n.}","horn, object made of horn; wing of an army; tip, end, or peak",3,Noun
"crīmen, crīminis, {n.}","charge, accusation; crime, fault",3,Noun
"cūnctus, cūncta, cūnctum","altogether, in a body; every, all, entire; the whole of",3,Adjective
"cupīdō, cupīdinis, {f.}","desire, longing, passion; personified as Cupid, the god of love",3,Noun
"currō, currere, cucurrī, cursum","to run, hasten; move quickly",3,Verb
"cursus, cursūs, {m.}","running, race; course, way, voyage",3,Noun
"custōs, custōdis, {m./f.}","guard, watchman, keeper; overseer, protector, guardian",3,Noun
"Daedalus, Daedalī, {m.}","Daedalus, a famous Athenian architect and inventor, known for building the Labyrinth and escaping Crete with wings.",3,Noun
"Dardanius, Dardania, Dardanium","Dardanian, Trojan; Roman",3,Adjective
"dēcipiō, dēcipere, dēcēpī, dēceptum","deceive, trick, cheat; catch, elude",3,Verb
"dēlūbrum, dēlūbrī, {n.}","shrine, temple, sanctuary",3,Noun
"dēmittō, dēmittere, dēmīsī, dēmissum","to send or let down, drop, sink; to lower, bow; to lead or bring down (into a place)",3,Verb
"dēmō, dēmere, dēmpsī, dēmptum","take away, remove, withdraw; subtract",3,Verb
"Diāna, Diānae, {f.}","Diana, goddess of the hunt, nature, and the moon; the moon; the underworld goddess Hecate or Proserpina",3,Noun
"doceō, docēre, docuī, doctum","to teach, instruct; to show, inform, point out",3,Verb
"dubius, dubia, dubium","doubtful, wavering; uncertain, precarious; questionable, suspicious",3,Adjective
"dūrus, dūra, dūrum","hard, harsh, rough; stern, cruel; difficult",3,Adjective
ecce,"behold, look, see; here, there",3,Interjection
"effundō, effundere, effūdī, effūsum","to pour out, pour forth; to utter; to scatter, spread; to give birth to",3,Verb
"equus, equī, {m.}","horse, steed",3,Noun
"exeō, exīre, exiī, exitum","go out, come forth, depart; pass away, expire; escape, evade",3,Verb
"exerceō, exercēre, exercuī, exercitum","to drive, keep busy, keep at work; to work, oversee, or agitate",3,Verb
"exigō, exigere, exēgī, exāctum","drive out, expel; finish, complete; demand, exact; examine, measure against a standard",3,Verb
"exstinguō, exstinguere, exstīnxī, exstīnctum","to put out, quench; to destroy, kill, or abolish",3,Verb
"extrēmus, extrēma, extrēmum","outermost, farthest; last, final; extreme, utmost",3,Adjective
"falsus, falsa, falsum","false, deceptive, misleading; feigned, pretended, counterfeit",3,Adjective
"fēmina, fēminae, {f.}",woman; female of any species,3,Noun
"foedus, foederis, {n.}","treaty, league, alliance; compact, contract, law.",3,Noun
"fōns, fontis, {m.}","spring, fountain; source, origin",3,Noun
"for, fārī, fātus sum","to speak, talk; to say, tell; to foretell, prophesy",3,Verb
"foris, foris, {f.}","door; gate, entrance",3,Noun
"fraus, fraudis, {f.}","deceit, trickery, fraud; harm, injury",3,Noun
"fruor, fruī, frūctus sum","to enjoy, delight in; make use of",3,Verb
"fundō, fundere, fūdī, fūsum","to pour, pour out, shed; to scatter, spread, pour forth; to rout, defeat",3,Verb
"gelidus, gelida, gelidum","icy, cold, frozen; frigid",3,Adjective
"gena, genae, {f.}",cheek; eye,3,Noun
"germānus, germānī, {m.}",brother; full brother,3,"Noun, Adjective"
"gerō, gerere, gessī, gestum","carry, bear; wear; wage, perform; manage, conduct",3,Verb
"Graius, Graia, Graium","Greek, Grecian",3,Adjective
"harūndō, harūndinis, {f.}","reed, cane; arrow, shaft; pipe, flute",3,Noun
heu,"oh!, ah!, alas! (an expression of dismay or pain)",3,Interjection
"horreō, horrēre, horruī","to bristle, stand on end; to tremble, shudder, be afraid of",3,Verb
"Hymēn, Hymenis, {m.}","Hymen, the god of marriage; a wedding song, nuptial hymn; a wedding, marriage.",3,Noun
"Iarbās, Iarbae, {m.}",King of the Gaetulians and suitor of Dido,3,Noun
"immānis, immāne","huge, vast, immense; monstrous, savage, frightful",3,Adjective
"impleō, implēre, implēvī, implētum","to fill up, fill; to satisfy, fulfill; to complete, finish",3,Verb
"īmus, īma, īmum","lowest, deepest, last; the bottom of",3,Adjective
"incubō, incubāre, incubuī, incubitum","to lie upon, rest on; to brood over, settle on",3,Verb
"indīgnus, indīgna, indīgnum","unworthy, undeserving, shameful; beneath one's dignity",3,Adjective
"īnfāndus, īnfānda, īnfāndum","unspeakable, unutterable; monstrous, abominable",3,Adjective
"īnfīdus, īnfīda, īnfīdum","untrustworthy, faithless; treacherous, unsafe",3,Adjective
"īnsequor, īnsequī, īnsecūtus sum","follow, pursue; attack; come after in time",3,Verb
intereā,"meanwhile, in the meantime; in the middle of these things",3,Adverb
"iūs, iūris, {n.}","law, right; justice, legal privilege",3,Noun
"laetus, laeta, laetum","joyful, happy, cheerful; fertile, rich, abundant; favorable, auspicious",3,Adjective
"laniō, laniāre, laniāvī, laniātum","to tear to pieces, mangle, lacerate",3,Verb
"licet, licēre, licuit","it is permitted, it is lawful, it is allowed",3,"Verb, Conjunction"
"līmen, līminis, {n.}","threshold, entrance; house, dwelling",3,Noun
"lupa, lupae, {f.}",she-wolf,3,Noun
"Mēdēa, Mēdēae, {f.}","Medea, a famous sorceress from Colchis who helped Jason and the Argonauts.",3,Noun
"mīrābilis, mīrābile","wonderful, marvelous; strange, extraordinary",3,Adjective
"misereor, miserērī, miseritus sum","pity, feel pity; show mercy, have compassion for",3,Verb
"mittō, mittere, mīsī, missum","to send, let go; to hurl, throw; to release, dismiss",3,Verb
"mōns, montis, {m.}","mountain, hill; mountain-range",3,Noun
"mōnstrō, mōnstrāre, mōnstrāvī, mōnstrātum","show, point out, indicate; advise, teach",3,Verb
"mūrus, mūrī, {m.}","wall, city wall; rampart",3,Noun
nam,"for; since, because; for instance",3,Conjunction
"nārrō, nārrāre, nārrāvī, nārrātum","to tell, relate, recount, describe",3,Verb
"negō, negāre, negāvī, negātum","to say no, deny; refuse, refuse to grant",3,Verb
"nescius, nescia, nescium","unaware, not knowing, ignorant",3,Adjective
nēve / neu,"and not, nor; and that not, lest or not",3,Conjunction
nihil,"nothing, not at all; a thing of no consequence, trifle",3,Noun
nimium,"too, too much; very, very much",3,"Adjective, Adverb"
"nūtrīx, nūtrīcis, {f.}","nurse, wet-nurse; foster-mother, sustainer",3,Noun
ob,"on account of, because of; before, in front of",3,Preposition
"obscūrus, obscūra, obscūrum","dark, dim, gloomy; hidden, obscure",3,Adjective
"odium, odiī, {n.}","hatred, ill will; animosity, odium",3,Noun
"ōmen, ōminis, {n.}","sign, omen, portent; prophetic significance",3,Noun
"optō, optāre, optāvī, optātum","to choose, select; to wish for, desire; to pray for",3,Verb
pariter,"equally, in like manner; together, simultaneously",3,Adverb
"pāstor, pāstōris, {m.}","herdsman, shepherd; pastor",3,Noun
"Penātēs, Penātium, {m. pl.}","Penates, household gods; home, hearth",3,Noun
"percutiō, percutere, percussī, percussum","to strike, hit, beat; to shake, move violently; to affect deeply, reach.",3,Verb
"pereō, perīre, periī, peritum","die, pass away; be ruined, be destroyed; go to waste",3,Verb
"pergō, pergere, perrēxī, perrēctum","go on, proceed, continue",3,Verb
"perveniō, pervenīre, pervēnī, perventum","arrive at, reach",3,Verb
"pharetra, pharetrae, {f.}",quiver; arrow case,3,Noun
"pietās, pietātis, {f.}","dutiful conduct, sense of duty, devotion; conscientiousness; pity, compassion",3,Noun
"pōmum, pōmī, {n.}",fruit; fruit-tree,3,Noun
post,"behind, afterwards; after",3,"Adverb, Preposition"
"prex, precis, {f.}","prayer, request; entreaty, supplication; curse, imprecation",3,Noun
"prōdō, prōdere, prōdidī, prōditum","bring forth, produce, hand down; betray, give up",3,Verb
"prōlēs, prōlis, {f.}","offspring, descendants; race, lineage",3,Noun
"properō, properāre, properāvī, properātum","hasten, hurry; speed up, accelerate",3,Verb
"puella, puellae, {f.}","girl, maiden; young woman",3,Noun
"puppis, puppis, {f.}","stern, poop of a ship; ship, vessel",3,Noun
"purpureus, purpurea, purpureum","purple, dark red; brilliant, shining, beautiful",3,Adjective
quā,"where, by which route; as, in the capacity of",3,Adverb
"quālis, quāle","of what kind, of what sort; such as, just as",3,Adjective
quandō,when; since; if ever,3,"Adverb, Conjunction"
quidem,"indeed, certainly, at least; (in ne... quidem) not even.",3,Adverb
"quisquis, quidquid","whoever, whosoever; whatever, whatsoever",3,Pronoun
quō,"whither, to what place; for which reason, why; in order that, so that",3,Adverb
quotiēns,"how many times, how often; as often as",3,Adverb
"radius, radiī, {m.}","staff, rod; beam, ray; shuttle",3,Noun
"rapiō, rapere, rapuī, raptum","to seize, snatch; to plunder, carry off",3,Verb
"recipiō, recipere, recēpī, receptum","take back, regain; receive, welcome; withdraw, betake oneself",3,Verb
"reclūdō, reclūdere, reclūsī, reclūsum","open, open up; lay open, disclose, reveal",3,Verb
"rēmigium, rēmigiī, {n.}","rowing, oarage; oars; oarsmen",3,Noun
"repetō, repetere, repetīvī, repetītum","return to, seek again; repeat, recall",3,Verb
"Rōmānus, Rōmāna, Rōmānum","Roman, of Rome; a Roman",3,Adjective
"rūpēs, rūpis, {f.}","cliff, rock, crag",3,Noun
"scelerātus, scelerāta, scelerātum","wicked, criminal, sinful; accursed; harmful, noxious",3,Adjective
"scrībō, scrībere, scrīpsī, scrīptum","write, draw; compose, describe",3,Verb
semper,"always; ever, at all times",3,Adverb
"serpēns, serpentis, {m./f.}","serpent, snake; a creeping thing or creature",3,Noun
"solum, solī, {n.}","bottom, floor, foundation; ground, soil, land",3,Noun
"solvō, solvere, solvī, solūtum","to loosen, untie, or release; to pay or fulfill; to break up or dissolve",3,Verb
"sonō, sonāre, sonuī, sonitum","to make a sound, resound, echo; to speak, utter, celebrate in song",3,Verb
"spīritus, spīritūs, {m.}","breath, breathing; air, breeze; life, spirit, soul; pride, arrogance",3,Noun
"spūmō, spūmāre, spūmāvī, spūmātum","foam, froth",3,Verb
"strīdeō, strīdēre, strīdī","to creak, hiss, whiz; to make a harsh or shrill noise",3,Verb
"subeō, subīre, subiī, subitum","to go under, enter; to approach, draw near; to undergo, endure",3,Verb
"sublīmis, sublīme","high, lofty, elevated; eminent, exalted, distinguished",3,Adjective
"temptō, temptāre, temptāvī, temptātum","try, test; attack, assail",3,Verb
"tergum, tergī, {n.}","back, rear; hide, skin",3,Noun
"timeō, timēre, timuī","to fear, dread, be afraid of",3,Verb
totiēns,"so often, so many times; as often, as many times (as)",3,Adverb
"tremō, tremere, tremuī","to tremble, shake, quiver; to shudder at, dread",3,Verb
"tumulus, tumulī, {m.}","mound of earth, hillock; burial mound, tomb",3,Noun
"turba, turbae, {f.}","uproar, disturbance; crowd, throng, mob",3,Noun
"ūllus, ūlla, ūllum","any, anyone, anything",3,Adjective
"ultimus, ultima, ultimum","farthest, extreme; last, final",3,Adjective
"ululō, ululāre, ululāvī, ululātum","howl, shriek, wail",3,Verb
umquam,"ever, at any time",3,Adverb
"uterque, utraque, utrumque","each of two, both",3,Adjective
"vellus, velleris, {n.}","fleece; wool; hide, pelt",3,Noun
"vēlum, vēlī, {n.}","sail; covering, curtain",3,Noun
"versō, versāre, versāvī, versātum","turn over, keep turning; toss about, agitate; consider, meditate on",3,Verb
"vertex, verticis, {m.}","whirlpool, eddy; summit, peak, crown of the head",3,Noun
"vertō, vertere, vertī, versum","turn, rotate; change, transform; overturn, destroy",3,Verb
"vinciō, vincīre, vīnxī, vīnctum","to bind, tie, shackle; to fasten, secure",3,Verb
"vocō, vocāre, vocāvī, vocātum","to call, summon; to name, designate",3,Verb
"abscindō, abscindere, abscidī, abscissum","tear off, away, or from; separate, divide, or part",2,Verb
"accēdō, accēdere, accessī, accessum","go to, approach; come to, be added to",2,Verb
"adloquor, adloquī, adlocūtus sum","speak to, address; console; harangue",2,Verb
"adsum, adesse, adfuī","be present, be at hand; assist, support",2,Verb
"adūrō, adūrere, adussī, adustum","to set on fire, kindle, burn; to scorch, singe; to inflame, consume with passion or grief",2,Verb
"adversus, adversa, adversum","turned toward, opposite, facing; hostile, unfavorable; (subst.) enemy, opponent",2,Adjective
"advertō, advertere, advertī, adversum",to turn or face toward; to direct one's attention to; to steer or pilot a ship,2,Verb
"aedēs, aedis, {f.}","temple, shrine; house, dwelling, abode",2,Noun
"Aeētēs, Aeētae, {m.}","Aeëtes, son of Helios and king of Colchis, father of Medea",2,Noun
"aequō, aequāre, aequāvī, aequātum","make level, make equal; match, keep pace with",2,Verb
"aequus, aequa, aequum","level, even; fair, just; favorable",2,Adjective
"aes, aeris, {n.}","copper, bronze; anything made of bronze; money, pay",2,Noun
"Aesōnius, Aesōnia, Aesōnium",Aesonian; of or belonging to Aeson,2,Adjective
"aetās, aetātis, {f.}","age, lifetime; generation, era",2,Noun
"agitō, agitāre, agitāvī, agitātum","to set in motion, stir, shake; to pursue; to ponder, consider",2,Verb
"agmen, agminis, {n.}","stream, crowd; column of men, army on the march",2,Noun
"albus, alba, album","white, clear, bright",2,Adjective
"āles, ālitis, {m./f.}",winged; a bird,2,Noun
"aliquī, aliquae, aliquod","some, any; some one, any one, something",2,Adjective
altē,"high, on high; deep, deeply",2,Adverb
"amāns, {(gen.)} amantis","loving, fond, affectionate; lover, beloved",2,Adjective
"ambō, ambae, ambō","both, the two together",2,Adjective
"amictus, amictūs, {m.}","cloak, mantle, outer garment; clothing, manner of dress",2,Noun
"āmittō, āmittere, āmīsī, āmissum","lose; let go, send away",2,Verb
"Anchīsēs, Anchīsae, {m.}",Anchises (father of Aeneas),2,Noun
"anima, animae, {f.}","air, breeze; breath, life; soul, spirit",2,Noun
"antrum, antrī, {n.}","cave, cavern; hollow place; cavity",2,Noun
"aptus, apta, aptum","fastened, joined; fit, suitable, appropriate",2,Adjective
"Aquilō, Aquilōnis, {m.}",north wind; the north; the north star,2,Noun
"arcānus, arcāna, arcānum","secret, private, hidden; mysterious, esoteric",2,Adjective
"arcus, arcūs, {m.}",a bow; the rainbow; an arch or anything arched or curved,2,Noun
"astō, astāre, astitī","stand at, stand near, stand by; be present, assist",2,Verb
"astrum, astrī, {n.}","star, heavenly body, constellation; heaven, the sky; glory, immortality",2,Noun
"auctor, auctōris, {m.}","originator, creator; author, source; authority, supporter",2,Noun
"auferō, auferre, abstulī, ablātum","carry away, take away; snatch away, steal",2,Verb
"Aurōra, Aurōrae, {f.}","dawn, daybreak; the goddess Aurora; the East; morning sun, light of day",2,Noun
"bibō, bibere, bibī","to drink, quaff; to soak in, absorb",2,Verb
"bracchium, bracchiī, {n.}","arm, forearm; branch; claw",2,Noun
"canō, canere, cecinī, cantum","sing, chant; celebrate, foretell; sound, play (an instrument)",2,Verb
"cantus, cantūs, {m.}","song, singing; chant; poem; cry of a bird; sound of an instrument",2,Noun
"carīna, carīnae, {f.}","keel, hull; ship, vessel; nutshell",2,Noun
"Carthāgō, Carthāginis, {f.}","Carthage, a city in North Africa",2,Noun
"castra, castrōrum, {n. pl.}","military camp, fort",2,Noun
"celer, celeris, celere","swift, quick, fleet; rapid, fast",2,Adjective
"cēlō, cēlāre, cēlāvī, cēlātum","to hide, conceal; to keep secret",2,Verb
"cerva, cervae, {f.}","hind, doe; female deer",2,Noun
"cervīx, cervīcis, {f.}","neck, nape of the neck; any neck-like part or object",2,Noun
"cingō, cingere, cīnxī, cīnctum","to surround, encircle; to gird on, equip; to crown, wreathe",2,Verb
circum,"around, about, all around; near, in the neighborhood of",2,Preposition
"citus, cita, citum","swift, fast, quick; rapid",2,Adjective
"clāmor, clāmōris, {m.}","shout, cry, outcry; roar, noise, din",2,Noun
"clārus, clāra, clārum","clear, bright, loud; famous, illustrious",2,Adjective
"coeptum, coeptī, {n.}","beginning; undertaking, enterprise",2,Noun
"cōgō, cōgere, coēgī, coāctum","collect, gather; compel, force",2,Verb
"collum, collī, {n.}",neck,2,Noun
"colō, colere, coluī, cultum","till, cultivate; inhabit; worship, honor",2,Verb
"comitor, comitārī, comitātus sum","accompany, attend, follow",2,Verb
"commūnis, commūne","common, shared; general, public; ordinary",2,Adjective
"coniugium, coniugiī, {n.}","a joining together, union; marriage, wedlock; husband, wife, consort",2,Noun
"cōnscendō, cōnscendere, cōnscendī, cōnscēnsum","to climb up, ascend; to board, embark (on a ship)",2,Verb
"cōnstituō, cōnstituere, cōnstituī, cōnstitūtum","set up, establish, decide; decree, resolve",2,Verb
"cōnsulō, cōnsulere, cōnsuluī, cōnsultum","to consult, ask advice of; to deliberate, consider; to look after, care for (with dative)",2,Verb
"cōnsūmō, cōnsūmere, cōnsūmpsī, cōnsūmptum","to use up, consume, devour; to spend, pass (time); to waste, destroy.",2,Verb
"contentus, contenta, contentum","stretched, strained, tense; content, satisfied",2,Adjective
"contineō, continēre, continuī, contentum","hold together, keep; restrain, bound; contain, comprise",2,Verb
"contingō, contingere, contigī, contāctum","touch, reach, handle; happen, come to pass; affect, seize",2,Verb
"contrārius, contrāria, contrārium","opposite, contrary; hostile, adverse",2,Adjective
"cor, cordis, {n.}","heart; soul, mind, feelings; center, core",2,Noun
"cruentus, cruenta, cruentum","bloody, blood-stained; blood-red; cruel, bloodthirsty",2,Adjective
"cubīle, cubīlis, {n.}","bed, couch, seat; lair, den, nest; base, foundation",2,Noun
"culmen, culminis, {n.}","summit, peak; top, roof",2,Noun
"cultor, cultōris, {m.}","cultivator, tiller; inhabitant, dweller; worshiper, devotee",2,Noun
"cūrō, cūrāre, cūrāvī, cūrātum","care for, attend to, heal; manage, look after; take trouble, see to it (that)",2,Verb
"Daphnē, Daphnēs, {f.}","laurel-tree, bay-tree; the daughter of the river-god Peneus, transformed into a laurel tree to escape Apollo",2,Noun
"decet, decēre, decuit","it is fitting, it is proper; to adorn, grace",2,Verb
"decor, decōris, {m.}","beauty, grace; ornament, glory",2,Noun
"dēdignor, dēdignārī, dēdignātus sum","disdain, scorn; refuse, reject with scorn",2,Verb
"dēsum, dēesse, dēfuī","be away, be absent; be failing, be missing, be lacking",2,Verb
"dētineō, dētinēre, dētinuī, dētentum","to hold back, keep, detain; occupy, engage",2,Verb
"dēveniō, dēvenīre, dēvēnī, dēventum","come down, arrive at; reach, land at",2,Verb
"dēvoveō, dēvovēre, dēvōvī, dēvōtum","devote, consecrate; vow, promise solemnly; doom, curse",2,Verb
"dictum, dictī, {n.}","word, utterance, remark; saying, maxim; command, order",2,Noun
"diffundō, diffundere, diffūdī, diffūsum","pour out, spread out; scatter, diffuse",2,Verb
"digitus, digitī, {m.}",finger; toe,2,Noun
"dignor, dignārī, dignātus sum","to deem worthy; to deign, condescend",2,Verb
"dīrus, dīra, dīrum","awful, fearful, dreadful; ill-omened, ominous",2,Adjective
diū,"day, daylight; life, time; a god or goddess",2,Adverb
"dīvellō, dīvellere, dīvellī, dīvulsum","tear away, tear apart; separate, sever; disrupt, destroy",2,Verb
"dīves, {(gen.)} dīvitis","rich, wealthy; costly; fertile, productive",2,Adjective
"dominus, dominī, {m.}","master, lord, owner",2,Noun
dōnec,"while, as long as; until",2,Conjunction
"dōnum, dōnī, {n.}","gift, present; offering, sacrifice",2,Noun
"dubitō, dubitāre, dubitāvī, dubitātum","to waver, hesitate; to doubt, be uncertain; to question",2,Verb
"ēgredior, ēgredī, ēgressus sum","go out, depart, disembark",2,Verb
ei,"to him, to her, to it; ah, alas",2,Interjection
"ēiciō, ēicere, ēiēcī, ēiectum","to cast out, thrust forth; to eject, expel; to wash ashore",2,Verb
"ēlīdō, ēlīdere, ēlīsī, ēlīsum","to strike or dash out; to expel, squeeze out; to shatter, crush out",2,Verb
"error, errōris, {m.}","wandering, straying; a winding path, maze; mistake, error, delusion",2,Noun
"Eurus, Eurī, {m.}",east wind; the East,2,Noun
"excēdō, excēdere, excessī, excessum","go out, go away, depart; exceed, go beyond; die",2,Verb
"excipiō, excipere, excēpī, exceptum","to take out, withdraw; to take up, catch, receive; to follow, succeed",2,Verb
"exiguus, exigua, exiguum","small, scanty, meager; brief, short",2,Adjective
"exuviae, exuviārum, {f. pl.}","things stripped off the body, such as clothing, equipment, or an animal's skin; spoils, booty",2,Noun
"faciēs, faciēī, {f.}","appearance, form, figure; face, countenance",2,Noun
"fatīgō, fatīgāre, fatīgāvī, fatīgātum","weary, tire, fatigue; vex, harass",2,Verb
"ferōx, {(gen.)} ferōcis","fierce, wild; spirited, bold",2,Adjective
"fētus, fētūs, {m.}","offspring, young, progeny; fruit, produce, growth",2,"Noun, Adjective"
"fīlius, fīliī, {m.}",son; descendant,2,Noun
"fīlum, fīlī, {n.}","thread, string; texture, style",2,Noun
"findō, findere, fidī, fissum","to split, cleave, divide",2,Verb
"fistula, fistulae, {f.}","pipe, tube; water-pipe; ulcer, fistula",2,Noun
"flāvus, flāva, flāvum","yellow, golden-yellow, flaxen; blond",2,Adjective
"flectō, flectere, flexī, flexum","bend, curve, turn; sway, persuade",2,Verb
"fleō, flēre, flēvī, flētum","weep, cry; lament, bewail",2,Verb
"fōrma, fōrmae, {f.}","form, shape, appearance; beauty",2,Noun
"fōrmōsus, fōrmōsa, fōrmōsum","beautiful, handsome, fair",2,Adjective
forsitan,"perhaps, perchance, maybe",2,Adverb
"fortis, forte","strong, powerful; brave, courageous",2,Adjective
"foveō, fovēre, fōvī, fōtum","keep warm, warm; cherish, foster, nurture; support, comfort",2,Verb
"fremō, fremere, fremuī, fremitum","to roar, growl, murmur; to shout, resound",2,Verb
"frōns, frondis, {f.}","leafy branch, foliage, leaves",2,Noun
"fugō, fugāre, fugāvī, fugātum","put to flight, drive away; dispel",2,Verb
"fulgeō, fulgēre, fulsī","to flash, shine; to glow, gleam, glitter",2,Verb
"fulmen, fulminis, {n.}","thunderbolt, lightning flash; thunder",2,Noun
"furor, furōris, {m.}","rage, fury, madness; passion, desire",2,Noun
"fūrtum, fūrtī, {n.}","theft, robbery; trick, deceit",2,Noun
"Gaetūlus, Gaetūla, Gaetūlum","Gaetulian, of the Gaetuli (a people of North Africa); African",2,Adjective
"gignō, gignere, genuī, genitum","to beget, bear, bring forth; to produce, cause",2,Verb
"glōria, glōriae, {f.}","glory, fame, renown; ambition, boasting",2,Noun
"gradior, gradī, gressus sum","step, walk; advance, proceed",2,Verb
"gradus, gradūs, {m.}","step, pace; grade, rank",2,Noun
"grātia, grātiae, {f.}","agreeableness, charm, grace; favor, gratitude; sake, account",2,Noun
"grātus, grāta, grātum","pleasing, welcome; grateful",2,Adjective
"gravō, gravāre, gravāvī, gravātum","to weigh down, burden; to oppress, aggravate",2,Verb
"gremium, gremiī, {n.}","lap, bosom; womb; interior",2,Noun
"gressus, gressūs, {m.}","step, stepping, going; way, course",2,Noun
"harēna, harēnae, {f.}","sand, grains of sand; sandy shore, beach; arena, place of contest",2,Noun
"hauriō, haurīre, hausī, haustum","to draw up, draw out; to drink, drain, exhaust",2,Verb
"Hecatē, Hecatēs, {f.}","Hecate, a goddess of the moon, witchcraft, and the crossroads.",2,Noun
"honor, honōris, {m.}","honor, respect, esteem; public office, dignity; reward, offering, ornament",2,Noun
"horridus, horrida, horridum","rough, bristling; terrible, fearful",2,Adjective
"hospes, hospitis, {m./f.}","guest, visitor, stranger; host, entertainer",2,Noun
"hospitium, hospitiī, {n.}","hospitality, guest-friendship; shelter, lodging",2,Noun
"hymenaeus, hymenaeī, {m.}","Hymen, the god of marriage; a wedding song, nuptials; marriage",2,Noun
"Īliacus, Īliaca, Īliacum","of, or belonging to, Troy; Trojan",2,Adjective
illūc,"there, thither, to that place; to that point",2,Adverb
"immemor, {(gen.)} immemoris","forgetful, unmindful; heedless, regardless",2,Adjective
"immōtus, immōta, immōtum","unmoved, motionless, still; steadfast, fixed",2,Adjective
"impellō, impellere, impulī, impulsum","drive forward, strike; urge on, incite",2,Verb
"implōrō, implōrāre, implōrāvī, implōrātum","implore, beseech, beg for help",2,Verb
"impōnō, impōnere, imposuī, impositum","place upon, set; impose; establish",2,Verb
"incautus, incauta, incautum","incautious, off one's guard; unprotected, unforeseen",2,Adjective
"incendō, incendere, incendī, incēnsum","set on fire, kindle; inflame, rouse",2,Verb
"inhumātus, inhumāta, inhumātum",unburied,2,Adjective
"iniūria, iniūriae, {f.}","injustice, wrong, violence; insult, affront, outrage",2,Noun
"īnsānus, īnsāna, īnsānum","mad, insane; raging, frantic",2,Adjective
instar,"likeness, form, image; equivalent to, like, as big as",2,Noun
"īnstruō, īnstruere, īnstrūxī, īnstrūctum","build, prepare; instruct, teach",2,Verb
"interpres, interpretis, {m./f.}","mediator, messenger; interpreter, prophet",2,Noun
"intrō, intrāre, intrāvī, intrātum","to enter, go into; penetrate, pierce",2,Verb
"inultus, inulta, inultum","unavenged, unpunished",2,Adjective
"invidia, invidiae, {f.}","envy, jealousy; hatred, ill-will; personified Envy",2,Noun
"invīsus, invīsa, invīsum","hated, detested; unseen, invisible",2,Adjective
"irrītō, irrītāre, irrītāvī, irrītātum","excite, rouse, provoke; annoy, irritate",2,Verb
"Italus, Itala, Italum","of Italy, Italian; an Italian",2,Adjective
"iugālis, iugāle","of a yoke, yoked together; matrimonial, nuptial",2,Adjective
"iūstus, iūsta, iūstum","just, fair, equitable; lawful, rightful, proper; well-grounded, valid",2,Adjective
"iuventūs, iuventūtis, {f.}","youth; young people, the youth; time of youth",2,Noun
"laevus, laeva, laevum","left, on the left side; unfavorable, unpropitious, harmful",2,Adjective
"Latium, Latiī, {n.}","Latium, a region in central Italy; the homeland of the Latins and the city of Rome.",2,Noun
"latus, lateris, {n.}","side, flank; body, person",2,Noun
"laudō, laudāre, laudāvī, laudātum","praise, extol, commend",2,Verb
"Lāvīnium, Lāvīniī, {n.}","a city of Latium, founded by Aeneas and named after his wife, Lavinia",2,Noun
"leō, leōnis, {m.}","lion, lioness",2,Noun
"levō, levāre, levāvī, levātum","lift up, raise; lighten, relieve",2,Verb
"linquō, linquere, līquī, lictum","leave, depart from; abandon, forsake",2,Verb
"lūstrō, lūstrāre, lūstrāvī, lūstrātum","purify; traverse, roam over, survey; illuminate",2,Verb
"mactō, mactāre, mactāvī, mactātum","honor, magnify; sacrifice, slaughter; destroy",2,Verb
"madeō, madēre, maduī","be wet, moist, or dripping; be full of, overflow with; be softened, boiled, or sodden",2,Verb
magis,"more, to a greater degree; rather, more so",2,Adverb
"marmoreus, marmorea, marmoreum","of marble, marble; marble-like",2,Adjective
"medulla, medullae, {f.}",marrow; innermost part; quintessence,2,Noun
"membrum, membrī, {n.}","limb, member; part, portion",2,Noun
"meminī, meminisse","to remember, be mindful of; mention",2,Verb
"memor, {(gen.)} memoris","remembering, mindful; unforgetting; commemorative",2,Adjective
"memorō, memorāre, memorāvī, memorātum","to call to mind, remember; mention, recount, relate",2,Verb
"mēnsa, mēnsae, {f.}","table; food, meal; altar",2,Noun
"micō, micāre, micuī","to vibrate, quiver, dart; to flash, gleam, glitter",2,Verb
"minae, minārum, {f. pl.}","threats; pinnacles, battlements",2,Noun
"misceō, miscēre, miscuī, mixtum","to mix, mingle, blend; to throw into confusion, disturb",2,Verb
"miserābilis, miserābile","pitiable, miserable, deplorable; wretched",2,Adjective
"mītēscō, mītēscere","become mild, grow soft; ripen",2,Verb
"moderātus, moderāta, moderātum","moderate, restrained; self-controlled",2,Adjective
"modus, modī, {m.}","measure, bound, limit; manner, method, way; rhythm, meter, melody",2,Noun
"mōlior, mōlīrī, mōlītus sum","struggle, labor at; construct, build; undertake, set in motion, plan",2,Verb
"molliō, mollīre, mollīvī, mollītum","to soften, make pliant; to soothe, calm, appease; to mitigate, make easier",2,Verb
"moneō, monēre, monuī, monitum","to remind, advise, warn; to teach, tell, foretell",2,Verb
"monumentum, monumentī, {n.}","memorial, monument; tomb; record, literary work",2,Noun
"mortālis, mortāle","subject to death, mortal; human; (as noun) a human being",2,Adjective
mox,"soon, presently; then, later; next",2,Adverb
"Mycēnae, Mycēnārum, {f. pl.}","Mycenae, a city in Argolis ruled by Agamemnon",2,Noun
necesse,"necessary, essential; unavoidable, inevitable",2,Adjective
"nefāndus, nefānda, nefāndum","unspeakable, abominable; impious, wicked",2,Adjective
nempe,"truly, certainly, of course; namely, to be sure",2,Adverb
"nepōs, nepōtis, {m.}","grandson; descendant, posterity",2,Noun
"nervus, nervī, {m.}","A sinew, tendon, or muscle; a cord or string of a musical instrument; strength, vigor, or force.",2,Noun
nisi,"if not; unless, except",2,Conjunction
"nocturnus, nocturna, nocturnum","nocturnal, of the night; at night, by night",2,Adjective
"nōdus, nōdī, {m.}","knot, coil; bond",2,Noun
nōndum,not yet,2,Adverb
"notō, notāre, notāvī, notātum","to mark, write; to observe, notice",2,Verb
"novissimus, novissima, novissimum","latest, newest; last, final, hindmost",2,Adjective
"nūbō, nūbere, nūpsī, nūptum","to marry, wed; to veil oneself, cover",2,Verb
numquam,never,2,Adverb
"nūpta, nūptae, {f.}","married, a bride; a wife",2,Noun
"observō, observāre, observāvī, observātum","to watch, observe, pay attention to; to obey, respect, or keep a custom or law",2,Verb
"obstō, obstāre, obstitī","stand in the way, oppose, hinder",2,Verb
"occidō, occidere, occidī, occāsum","fall, fall down; set; perish, die, be ruined",2,Verb
"ōdī, ōdisse","hate, detest",2,Verb
"ōrdior, ōrdīrī, ōrsus sum","begin, commence; undertake, set about; start to speak",2,Verb
"ōrdō, ōrdinis, {m.}","row, line, series; order, arrangement; rank, class, or station",2,Noun
"oriēns, orientis, {m.}",rising sun; the east,2,"Noun, Adjective"
"orīgō, orīginis, {f.}","origin, beginning, source; lineage, birth",2,Noun
"pariēs, parietis, {m.}","wall, house wall",2,Noun
"partus, partūs, {m.}","birth, delivery; offspring, young",2,Noun
"paucī, paucae, pauca","few, a few; small, little",2,Adjective
"pecus, pecudis, {f.}","a single animal; a head of cattle, a sheep; a beast, animal; a victim for sacrifice",2,Noun
"Pelasgus, Pelasga, Pelasgum","Pelasgian; Greek, particularly of the earliest or prehistoric inhabitants of Greece",2,Adjective
"Peliās, Peliae, {m.}","son of Poseidon and Tyro and king of Iolcus; of or belonging to Mount Pelion, Pelian",2,Noun
"pellō, pellere, pepulī, pulsum","strike, beat; push, drive; drive away, banish",2,Verb
"Pēnēius, Pēnēia, Pēnēium",of the Peneus (a river in Thessaly); of the river-god Peneus,2,Adjective
"peragrō, peragrāre, peragrāvī, peragrātum","wander through, travel over; search, scour",2,Verb
"peregrīnus, peregrīna, peregrīnum","foreign, strange; a foreigner, stranger",2,"Noun, Adjective"
"perfidia, perfidiae, {f.}","treachery, faithlessness, falsehood; deceit, perfidy",2,Noun
"Pergama, Pergamōrum, {n. pl.}",The citadel of Troy; Troy.,2,Noun
"perīculum, perīculī, {n.}","trial, attempt; danger, risk, peril",2,Noun
"Phrygius, Phrygia, Phrygium","Phrygian, of Phrygia; Trojan",2,Adjective
"plāga, plāgae, {f.}","blow, stroke, wound; region, tract, zone; hunting-net, snare",2,Noun
"plangō, plangere, plānxī, plānctum","to strike, beat, or smite the breast; to lament, wail, or mourn",2,Verb
"plangor, plangōris, {m.}","beating, striking; wailing, lamentation",2,Noun
"plūma, plūmae, {f.}",feather; plumage; down,2,Noun
"plumbum, plumbī, {n.}",lead; a lead ball or bullet; a lead pipe,2,Noun
"pondus, ponderis, {n.}","weight, burden; importance, value",2,Noun
"pontus, pontī, {m.}","sea, ocean",2,Noun
"porta, portae, {f.}","gate, entrance; door",2,Noun
"portō, portāre, portāvī, portātum","carry, bear; bring, lead",2,Verb
"possideō, possidēre, possēdī, possessum","to have and hold, be master of, possess; to occupy, inhabit",2,Verb
"potēns, {(gen.)} potentis","powerful, strong, mighty; capable, able; ruling, master of",2,Adjective
potius,"rather, more, preferably",2,Adverb
"praetendō, praetendere, praetendī, praetentum","to stretch forth, extend, hold out before; to allege as an excuse, pretend",2,Verb
procul,"at a distance, far off, from afar; away, apart",2,Adverb
"prōdūcō, prōdūcere, prōdūxī, prōdūctum","lead or bring forward, produce; extend, prolong; bring forth, bear offspring",2,Verb
"prōgignō, prōgignere, prōgenuī, prōgenitum","to beget, bear, bring forth; to produce, generate",2,Verb
propter,"on account of, because of; near, close by",2,Preposition
"prōsequor, prōsequī, prōsecūtus sum","pursue, escort; describe in detail",2,Verb
"Pūnicus, Pūnica, Pūnicum","Carthaginian, Punic; scarlet, bright red",2,Adjective
quater,four times; on four occasions; time and again,2,Adverb
quia,"because; since, for",2,Conjunction
"quiēscō, quiēscere, quiēvī, quiētum","rest, keep quiet; sleep; be at peace",2,Verb
quodsī,"but if, and if; if however",2,Conjunction
quondam,"at one time, formerly; once, ever; some day, hereafter",2,Adverb
quoniam,"since, because; seeing that, inasmuch as",2,Conjunction
quot,"how, as, like; as if; that, so that; since, because; when",2,Adjective
"rapidus, rapida, rapidum","tearing away, seizing, fierce; swift, rapid",2,Adjective
"ratis, ratis, {f.}","raft; ship, boat",2,Noun
"recēns, {(gen.)} recentis","fresh, recent; new",2,Adjective
"redeō, redīre, rediī, reditum","to go back, return; come back; visit again",2,Verb
"rēgnō, rēgnāre, rēgnāvī, rēgnātum","to reign, rule; to be king, have royal power",2,Verb
"requīrō, requīrere, requīsīvī, requīsītum","to seek, look for; to ask, inquire; to miss, need",2,Verb
"resistō, resistere, restitī","to stand against, pause; resist, oppose",2,Verb
"respiciō, respicere, respexī, respectum","to look back at, gaze upon; to consider, care for, or respect",2,Verb
"respondeō, respondēre, respondī, respōnsum","answer, reply; respond to, match",2,Verb
"restō, restāre, restitī","stand firm; remain, stay behind; be left over",2,Verb
"revellō, revellere, revellī, revulsum","tear away, pull out, wrench loose; remove",2,Verb
"revocō, revocāre, revocāvī, revocātum","call back, recall; restore, regain",2,Verb
"rēx, rēgis, {m.}",king; ruler,2,Noun
"rīdeō, rīdēre, rīsī, rīsum","laugh, smile; mock, ridicule",2,Verb
rīte,"duly, solemnly, according to religious usage; well, fitly, or in the proper manner",2,Adverb
"rōbur, rōboris, {n.}","oak, hardwood; strength, power",2,Noun
"rogō, rogāre, rogāvī, rogātum","ask, inquire; request, beg",2,Verb
"ruīna, ruīnae, {f.}","fall, collapse; ruin, destruction",2,Noun
"ruō, ruere, ruī, rutum","fall, rush, or tumble down; to go to ruin, collapse; to rush or hasten.",2,Verb
"sacrō, sacrāre, sacrāvī, sacrātum","to consecrate, dedicate; to hallow, make sacred; to immortalize, deify",2,Verb
"sacrum, sacrī, {n.}","holy thing, sacred vessel; religious rite, sacrifice; temple, shrine",2,Noun
"saeculum, saeculī, {n.}","generation, lifetime; age, era; the world",2,Noun
"sciō, scīre, scīvī, scītum","to know, understand; perceive, learn; be skilled in",2,Verb
"Scylla, Scyllae, {f.}",a dangerous rock between Italy and Sicily; a mythical sea monster opposite Charybdis,2,Noun
"sēcūrus, sēcūra, sēcūrum","free from care, untroubled; safe, secure",2,Adjective
"senex, senis, {m.}","old, aged; an old man, elder",2,Noun; Adjective
"sententia, sententiae, {f.}","thought, opinion, judgment; sentence, decree",2,Noun
"sepeliō, sepelīre, sepelīvī, sepultum","to bury, inter; to overwhelm, ruin, or destroy",2,Verb
"sepulcrum, sepulcrī, {n.}","grave, tomb; burial place",2,Noun
"sertum, sertī, {n.}","wreath, garland; chain of flowers",2,Noun
"servō, servāre, servāvī, servātum","to watch over, guard, keep; to save, preserve; to observe",2,Verb
"similis, simile","like, similar, resembling; likely, probable",2,Adjective
"sinus, sinūs, {m.}","fold, curve; bosom, lap; bay, gulf",2,Noun
"sīquis, sīqua, sīquid","if anyone, if any; if anything",2,Pronoun
"sitis, sitis, {f.}","thirst; desire, passion",2,Noun
"socer, socerī, {m.}",father-in-law,2,Noun
"solidus, solida, solidum","firm, solid, dense; whole, complete, entire",2,Adjective
"sors, sortis, {f.}","lot, chance; fate, destiny; oracular response",2,Noun
"sospes, {(gen.)} sospitis","safe and sound, unhurt; auspicious, fortunate",2,Adjective
"spatior, spatiārī, spatiātus sum","walk, take a walk, promenade; spread, extend",2,Verb
"spectō, spectāre, spectāvī, spectātum","look at, observe, watch; consider, test",2,Verb
"spīrō, spīrāre, spīrāvī, spīrātum","to breathe, blow; exhale",2,Verb
sponte,"voluntarily, of one's own accord; by choice, spontaneously",2,Adverb
"statuō, statuere, statuī, statūtum","to set up, establish; to decide, determine",2,Verb
"sternō, sternere, strāvī, strātum","spread out, stretch out; scatter, strew; lay low, strike down",2,Verb
"studium, studiī, {n.}","eagerness, zeal; pursuit, study",2,Noun
"stultus, stulta, stultum","foolish, silly, stupid",2,Adjective
"subitus, subita, subitum","sudden, unexpected; hurried, prompt",2,Adjective
"suffundō, suffundere, suffūdī, suffūsum","pour in or over; cause to well up; cover or fill with liquid; overspread, suffuse",2,Verb
"supersum, superesse, superfuī","be left over, remain; survive",2,Verb
"superus, supera, superum","above, upper; higher; (as a noun) the gods above",2,Adjective
"suppōnō, suppōnere, supposuī, suppositum",to put or place under; to substitute; to subject or subordinate,2,Verb
"tacitus, tacita, tacitum","silent, secret; still, quiet, noiseless",2,Adjective
"tardus, tarda, tardum","slow, sluggish, lingering; late",2,Adjective
"tegmen, tegminis, {n.}","covering, cover; protection; clothing, armor",2,Noun
"tempestās, tempestātis, {f.}","weather; storm, tempest",2,Noun
"templum, templī, {n.}","sacred precinct, sanctuary; temple, shrine",2,Noun
"tener, tenera, tenerum","tender, delicate; soft, young",2,Adjective
ter,"three times, on three occasions",2,Adverb
"terreō, terrēre, terruī, territum","to frighten, terrify; to deter, discourage",2,Verb
"timidus, timida, timidum","fearful, timid; shy",2,Adjective
"timor, timōris, {m.}","fear, dread; anxiety",2,Noun
"tingō, tingere, tīnxī, tīnctum","to wet, moisten, dip; to color, dye, stain",2,Verb
"trāiciō, trāicere, trāiēcī, trāiectum","throw across; transfer, transport; pierce, transfix",2,Verb
"trānseō, trānsīre, trānsiī, trānsitum","to go across, cross; pass over; pass by; surpass",2,Verb
"trānsferō, trānsferre, trānstulī, trānslātum","carry across, bring over; transfer, shift; transform",2,Verb
tunc,"then, thereupon, at that time",2,Adverb
"turris, turris, {f.}","tower, high building; palace, citadel",2,Noun
"tūs, tūris, {n.}",frankincense,2,Noun
"tyrannus, tyrannī, {m.}","monarch, absolute ruler; king, prince; tyrant, despot",2,Noun
"Tyrus, Tyrī, {f.}",Tyre; the city of Tyre; the island of Tyre,2,Noun
"ūdus, ūda, ūdum","wet, moist, damp",2,Adjective
"urna, urnae, {f.}","jar, water-pot; cinerary urn; urn for drawing lots",2,Noun
"ūsus, ūsūs, {m.}","use, enjoyment; experience, skill, advantage; custom; sense, purpose",2,Noun
"uxor, uxōris, {f.}",wife; woman,2,Noun
"vacō, vacāre, vacāvī, vacātum","to be empty, be vacant; be free from; be at leisure",2,Verb
"vānus, vāna, vānum","empty, idle, vain; groundless, meaningless",2,Adjective
"vāstus, vāsta, vāstum","empty, waste, desert; immense, enormous, vast",2,Adjective
"vehō, vehere, vēxī, vectum","bear, carry, convey; pass, ride, sail",2,Verb
"vēlāmen, vēlāminis, {n.}","covering, garment; veil",2,Noun
velut,"even as, just as, like, as if; for example",2,Adverb
"verrō, verrere, verrī, versum","to sweep, brush, or scour; to trail or drag along",2,Verb
"vestīgium, vestīgiī, {n.}","footprint, track; trace, mark",2,Noun
"vīcīnia, vīcīniae, {f.}","neighborhood, vicinity; proximity",2,Noun
"vigil, {(gen.)} vigilis","awake, watchful; alert, active",2,"Noun, Adjective"
"vigilō, vigilāre, vigilāvī, vigilātum","be awake, stay awake; keep watch, be vigilant",2,Verb
"vīlis, vīle","cheap, common; worthless, base",2,Adjective
"vinculum, vinculī, {n.}","bond, fetter, tie; chain, shackle; constraint, obligation",2,Noun
"violō, violāre, violāvī, violātum","violate, dishonor, outrage; injure, profane",2,Verb
"virginitās, virginitātis, {f.}","maidenhood, virginity; being of marriageable age",2,Noun
"vitium, vitiī, {n.}","fault, defect, blemish; crime, vice",2,Noun
"vītō, vītāre, vītāvī, vītātum","avoid, shun; evade",2,Verb
"vitta, vittae, {f.}","band, ribbon, fillet",2,Noun
"vōmer, vōmeris, {m.}",plowshare; stylus; (metaphorically) penis,2,Noun
"abiciō, abicere, abiēcī, abiectum","to throw away, cast off; to hurl down, prostrate; to reject, despise",1,Verb
"abripiō, abripere, abripuī, abreptum","to drag away, snatch away, carry off by force",1,Verb
"abrumpō, abrumpere, abrūpī, abruptum","break off, sever; tear away, rend; end abruptly",1,Verb
"abscondō, abscondere, abscondī, absconditum","to put out of sight, hide, conceal; to lose sight of, leave behind",1,Verb
"absēns, {(gen.)} absentis","absent, away; missing, gone",1,Adjective
"abstrūdō, abstrūdere, abstrūsī, abstrūsum","to push away, hide, conceal",1,Verb
"absūmō, absūmere, absūmpsī, absūmptum","take away, use up; consume, devour; exhaust, destroy",1,Verb
"accendō, accendere, accendī, accēnsum","kindle, set on fire, light; inflame, stir up, arouse",1,Verb
"accingō, accingere, accīnxī, accīnctum","to gird on, to arm; to equip, to prepare.",1,Verb
"accommodō, accommodāre, accommodāvī, accommodātum","to fit, adapt, or adjust; to apply, apply oneself to, or accommodate.",1,Verb
"ācer, ācris, ācre","sharp, keen, eager; fierce, severe, vigorous",1,Adjective
"Achātēs, Achātae, {m.}","Achates, the faithful companion of Aeneas; a loyal friend or trusty comrade",1,Noun
"Achīvī, Achīvōrum, {m. pl.}","Achaeans, Greeks",1,Noun
"aciēs, aciēī, {f.}","sharp edge, point; battle line, army in formation; keenness of sight, glance",1,Noun
āctūtum,"immediately, instantly; forthwith, without delay",1,Adverb
"acūtus, acūta, acūtum","sharp, pointed; piercing; acute, intelligent",1,Adjective
"addūcō, addūcere, addūxī, adductum","to lead to, bring; to draw tight, contract; to influence, induce",1,Verb
"adhaereō, adhaerēre, adhaesī, adhaesum","stick to, cling to; hang on, cleave to",1,Verb
"adimō, adimere, adēmī, adēmptum","take away, remove; deprive, steal",1,Verb
"adiungō, adiungere, adiūnxī, adiūnctum","to join, attach; to yoke, harness; to associate, ally",1,Verb
"admittō, admittere, admīsī, admissum","to let in, admit, receive; to let go, give reins to; to permit, allow, or commit (a crime)",1,Verb
"admoneō, admonēre, admonuī, admonitum","remind, suggest; warn, advise; urge on, goad",1,Verb
"admoveō, admovēre, admōvī, admōtum","to move toward, bring near; to apply, touch",1,Verb
"adnō, adnāre, adnāvī, adnātum","swim to, approach by swimming; sail to, reach by sea",1,Verb
"adoleō, adolēre, adoluī, adultum","to burn in sacrifice, kindle; to honor, worship",1,Verb
"adoperiō, adoperīre, adoperuī, adopertum","to cover, cover over",1,Verb
"adquīrō, adquīrere, adquīsīvī, adquīsītum","gain, obtain, acquire; add to, acquire in addition",1,Verb
"adspergō, adsperginis, {f.}","sprinkling, spray, drops; stain, blemish",1,Noun
"adustus, adusta, adustum","scorched, burned, charred; singed; sunburned, darkened by the sun.",1,Adjective
"advehō, advehere, advexī, advectum","carry, bring, convey (to)",1,Verb
"advena, advenae, {m./f.}","newcomer, stranger; foreign",1,"Noun, Adjective"
"adveniō, advenīre, advēnī, adventum","come to, arrive at, reach; develop, arise, set in",1,Verb
"aeger, aegra, aegrum","sick, ill; weary, sorrowful",1,Adjective
"aemula, aemulae, {f.}","rivaling, emulous, vying with; envious, jealous; a rival, competitor",1,Noun
"aēneus, aēnea, aēneum","made of bronze, bronze-colored; brazen",1,Adjective
"aēnipes, {(gen.)} aēnipedis",bronze-footed; having feet of bronze,1,Adjective
aequāliter,"equally, to an equal extent; evenly, uniformly, alike",1,Adverb
"aequoreus, aequorea, aequoreum","of the sea, marine; connected with or bordering on the sea",1,Adjective
"Aesōnīdēs, Aesōnīdae, {m.}","son of Aeson, i.e. Jason",1,Noun
"aestās, aestātis, {f.}",summer; summer air; a year,1,Noun
"aestuō, aestuāre, aestuāvī, aestuātum","to boil, seethe, or surge; to burn with heat; to be agitated or waver",1,Verb
"aeternus, aeterna, aeternum","eternal, everlasting, perpetual",1,Adjective
"aetherius, aetheria, aetherium","pertaining to the upper air, ethereal; heavenly, celestial; of the upper world",1,Adjective
"Āfer, Āfra, Āfrum","African, of or belonging to Africa",1,Adjective
"afferō, afferre, attulī, allātum","to bring, carry to; to report, announce; to cause, produce",1,Verb
"afflātus, afflātūs, {m.}","breath, blast; inspiration, divine influence",1,Noun
"affor, affārī, affātus sum","to speak, say; address, accost",1,Verb
"Agēnor, Agēnoris, {m.}","Agenor, a king of Phoenicia and father of Cadmus and Europa; a Trojan hero and son of Antenor.",1,Noun
"aggerō, aggerāre, aggerāvī, aggerātum","to heap up, pile up; accumulate; increase",1,Verb
"agna, agnae, {f.}","ewe-lamb, lamb",1,Noun
"agnōscō, agnōscere, agnōvī, agnitum","to recognize, realize, discern; acknowledge, claim, admit to",1,Verb
"agricola, agricolae, {m.}","farmer, husbandman",1,Noun
"Alba, Albae, {f.}",Alba Longa (the mother city of Rome),1,Noun
"Albānus, Albāna, Albānum","of, belonging to, or from Alba Longa; Alban; of the Alban Mount or Hills",1,"Noun, Adjective"
"albēscō, albēscere","to become white, whiten; to brighten, dawn",1,Verb
"alga, algae, {f.}","seaweed; a thing of little worth, rubbish",1,Noun
"aliēnus, aliēna, aliēnum","belonging to another, foreign; strange, alien",1,Adjective
"alligō, alligāre, alligāvī, alligātum","to bind, tie, or fasten; to hinder or constrain",1,Verb
"almus, alma, almum","nourishing, kind, propitious",1,Adjective
"amārus, amāra, amārum","bitter, pungent; harsh, painful; cruel, fierce",1,Adjective
"ambrosius, ambrosia, ambrosium","immortal, divine, heavenly; lovely, sweet",1,Adjective
"amīcus, amīca, amīcum","friendly, dear; friend",1,Adjective
"anceps, {(gen.)} ancipitis","two-headed, two-sided; uncertain, doubtful, wavering; dangerous, critical",1,Adjective
"Androgeōs, Androgeī, {m.}","Son of Minos and Pasiphae, whose death in Attica led to the Athenian tribute to the Minotaur; a Greek soldier killed during the sack of Troy",1,Noun
"anguis, anguis, {m.}","snake, serpent",1,Noun
"anhēlitus, anhēlitūs, {m.}","panting, gasping; breath, exhalation",1,Noun
"anhēlō, anhēlāre, anhēlāvī, anhēlātum","panting, gasping, out of breath; puffing, throbbing",1,Verb
"anīlis, anīle","of an old woman, an old woman's; old-womanish",1,Adjective
"animal, animālis, {n.}","living being, animal; beast",1,Noun
"annālis, annāle","relating to a year, annual; a record of events, chronicles, annals",1,Adjective
"annuō, annuere, annuī","nod to, signal; grant, favor, or approve by a nod.",1,Verb
"Antēnor, Antēnoris, {m.}","Antenor, a Trojan elder and counselor; the legendary founder of Padua",1,Noun
"aper, aprī, {m.}","boar, wild boar; a fish",1,Noun
"apertus, aperta, apertum","open, uncovered; clear, manifest",1,Adjective
"Apollineus, Apollinea, Apollineum",of or belonging to Apollo; Apolline,1,Adjective
"Apollō, Apollinis, {m.}","Apollo; the god of sunlight, prophecy, music, and healing.",1,Noun
"appellō, appellere, appulī, appulsum","to drive to, bring to; land, put in to shore",1,Verb
"applicō, applicāre, applicāvī, applicātum","join, attach, fasten; apply, devote, direct",1,Verb
"aptō, aptāre, aptāvī, aptātum","fit, adjust, adapt; equip, prepare",1,Verb
"aquila, aquilae, {f.}",eagle; military standard,1,Noun
"arātor, arātōris, {m.}","plowman, farmer",1,Noun
"arbitrium, arbitriī, {n.}","judgment, decision, choice; will, power, authority",1,Noun
"arboreus, arborea, arboreum",of a tree; tree-like; wooden,1,Adjective
"arceō, arcēre, arcuī","to shut up, enclose; to ward off, keep away, prevent",1,Verb
"Arctos, Arctī, {f.}","the constellation of the Bear; the north, northern regions",1,Noun
"ārdor, ārdōris, {m.}","burning, heat; passion, eagerness",1,Noun
"arduus, ardua, arduum","steep, high, lofty; difficult, arduous",1,Adjective
"argentum, argentī, {n.}","silver; money, silver plate",1,Noun
"Argī, Argōrum, {m. pl.}","Argos, a city in Greece; Greece",1,Noun
"Argō, Argūs, {f.}","the Argo, the ship of the Argonauts; Argus, the hundred-eyed guardian of Io; a watchful guardian",1,Noun
"ariēs, arietis, {m.}",ram; battering ram; the constellation Aries,1,Noun
"arista, aristae, {f.}","awn, beard of grain; ear of grain; harvest",1,Noun
"armentum, armentī, {n.}","herd, drove; cattle, beasts of burden",1,Noun
"arō, arāre, arāvī, arātum","to plow, till, cultivate; to furrow, wrinkle; to produce by plowing, grow",1,Verb
"Asia, Asiae, {f.}",Asia; the Roman province of Asia Minor,1,Noun
"aspectus, aspectūs, {m.}","sight, look; appearance, aspect",1,Noun
"Assaracus, Assaracī, {m.}","Assaracus, a king of Phrygia, son of Tros and grandfather of Anchises",1,Noun
"asserō, asserere, asseruī, assertum","to lay hands on, grasp; to claim, assert, declare; to free, release",1,Verb
"assurgō, assurgere, assurrēxī, assurrēctum","to rise up, stand up; to swell, surge",1,Verb
"ātrium, ātriī, {n.}","central hall, court, or main room of a house; hall, palace; temple court",1,Noun
"attineō, attinēre, attinuī, attentum","to hold fast, detain, delay; to belong to, concern, pertain to",1,Verb
"augeō, augēre, auxī, auctum","increase, enlarge; honor, exalt",1,Verb
"augurium, auguriī, {n.}","the observance or interpretation of omens, divination; an omen, portent, or sign",1,Noun
"aula, aulae, {f.}","court, hall; palace",1,Noun
"aurātus, aurāta, aurātum","gilded, golden; adorned or embroidered with gold",1,Adjective
"Ausonius, Ausonia, Ausonium","Italian, Roman; Ausonian",1,Adjective
"auspicium, auspiciī, {n.}","divination from the flight of birds; an omen, sign; power, authority, or right derived from favorable omens",1,Noun
"avārus, avāra, avārum","greedy, avaricious; grasping, covetous",1,Adjective
"āvellō, āvellere, āvellī, āvulsum","tear away, pull off, pluck; snatch away, take away by force",1,Verb
"avēna, avēnae, {f.}","oats, wild oats; oaten pipe, reed-pipe",1,Noun
"āversor, āversārī, āversātus sum","to turn away from, shrink from, shun; to despise, reject",1,Verb
"āvertō, āvertere, āvertī, āversum","to turn away, turn aside; to ward off, prevent",1,Verb
"avidus, avida, avidum","greedy, eager, desirous; passionate, insatiable",1,Adjective
"avis, avis, {f.}","bird; sign, omen, portent; bird-flight",1,Noun
"avītus, avīta, avītum","of a grandfather; ancestral, hereditary",1,Adjective
"āvius, āvia, āvium","bird; of or belonging to a bird, bird-like, avian",1,Adjective
"avus, avī, {m.}","grandfather; forefather, ancestor",1,Noun
"Babylōnius, Babylōnia, Babylōnium","of, or belonging to, Babylon; Babylonian",1,Adjective
"bacchor, bacchārī, bacchātus sum","celebrate the rites of Bacchus; rave, revel, run wild",1,Verb
"baculum, baculī, {n.}","staff, stick, walking stick",1,Noun
"barbaricus, barbarica, barbaricum","foreign, strange; barbarous, savage",1,Adjective
"barbarus, barbara, barbarum","foreign, strange; uncivilized, savage, cruel",1,Adjective
"Barcē, Barcēs, {f.}","Barce, a town in Libya; the nurse of Sychaeus.",1,Noun
"beātus, beāta, beātum","blessed, happy; wealthy",1,Adjective
"benignus, benigna, benignum","kind, friendly; generous, bountiful; favorable",1,Adjective
"bidēns, bidentis, {f.}","animal for sacrifice, especially a sheep, chosen for the perfection of both its top and bottom teeth",1,Noun
"bifōrmis, bifōrme","of double form, two-formed; two-natured, hybrid",1,Adjective
"bimaris, bimare",lying between two seas; of or connected with two seas; an epithet of Corinth,1,Adjective
"bīnī, bīnae, bīna","two by two, two each; pair, couple",1,Numeral
"blanditia, blanditiae, {f.}","flattery, fawning; charm, allure",1,Noun
"blandus, blanda, blandum","fondling, fawning, coaxing; persuasive, alluring, enticing; grateful, calm",1,Adjective
"Boōtēs, Boōtae, {m.}","herdsman, ox-driver; the constellation Boötes",1,Noun
breviter,"shortly, briefly; concisely, in a few words",1,Adverb
"bustum, bustī, {n.}","funeral pyre; tomb, burial mound",1,Noun
"buxum, buxī, {n.}","boxwood, the box-tree; a flute, pipe, or other object made of boxwood",1,Noun
"Byrsa, Byrsae, {f.}","oxhide, leather; a bag, pouch, or purse",1,Noun
"caedō, caedere, cecīdī, caesum","strike, kill, cut down",1,Verb
"Caesar, Caesaris, {m.}","Caesar, a Roman family name; emperor, ruler",1,Noun
"caleō, calēre, caluī","be warm, be hot; burn with passion, be inflamed; be fresh, be active",1,Verb
"callidus, callida, callidum","shrewd, clever, skillful; crafty, cunning, sly",1,Adjective
"Calymnē, Calymnēs, {f.}",an island in the Aegean Sea famous for its honey,1,Noun
"campus, campī, {m.}","field, plain; level surface",1,Noun
"candeō, candēre, canduī","shine with a brilliant white light, gleam; be white-hot, glow",1,Verb
"canis, canis, {m./f.}",dog; hound,1,Noun
"cantō, cantāre, cantāvī, cantātum","sing, chant; play; recite; foretell",1,Verb
"cānus, cāna, cānum","white, gray; aged, hoary",1,Adjective
"capessō, capessere, capessīvī, capessītum","to seize eagerly, snatch at; to undertake, pursue with zeal",1,Verb
"captīva, captīvae, {f.}","captured, taken prisoner; captive",1,Noun
"carbasus, carbasī, {f.}","fine linen, flax; a linen garment; a sail",1,Noun
"cardō, cardinis, {m.}","hinge, pivot; turning point, crisis",1,Noun
"cavō, cavāre, cavāvī, cavātum","hollow out, make hollow; excavate; pierce through",1,Verb
"Cecropidēs, Cecropidae, {m.}",a son or descendant of Cecrops; an Athenian,1,Noun
"celebrō, celebrāre, celebrāvī, celebrātum","frequent, throng; celebrate, solemnize; praise, honor",1,Verb
"celerō, celerāre, celerāvī, celerātum","hasten, hurry, do quickly; quicken, accelerate",1,Verb
"celsus, celsa, celsum","high, lofty, elevated; eminent, proud",1,Adjective
"cēnseō, cēnsēre, cēnsuī, cēnsum","to assess, rate; to think, judge, advise.",1,Verb
"Cerēs, Cereris, {f.}","Ceres, goddess of agriculture; grain, bread",1,Noun
"cērō, cērāre, cērāvī, cērātum","to smear or coat with wax, to wax",1,Verb
"Chalcidicus, Chalcidica, Chalcidicum","of Chalcis, Chalcidian",1,Adjective
"circumdō, circumdare, circumdedī, circumdatum","to place around, put around; to encircle, surround, encompass",1,Verb
citō,"quickly, speedily, soon",1,Adverb
"citō, citāre, citāvī, citātum","to put in motion, move quickly; to summon, call; to rouse, excite",1,Verb
clam,"secretly, in private; unknown to, without the knowledge of",1,Adverb
"Claros, Clarī, {f.}","clear, bright; renowned, famous",1,Noun
"clīvus, clīvī, {m.}","slope, hill, incline",1,Noun
"Cnōsius, Cnōsia, Cnōsium","of, or belonging to, Knossos; Cretan",1,Adjective
"coctilis, coctile","baked, burned; built of baked bricks",1,Adjective
"coerceō, coercēre, coercuī, coercitum","to enclose, surround, or shut in; to restrain, curb, or check.",1,Verb
"coetus, coetūs, {m.}","meeting, assembly; union, sexual intercourse",1,Noun
"Coeus, Coeī, {m.}","Coeus, a Titan and father of Latona; the North Pole or heavenly axis",1,Noun
"cōgitō, cōgitāre, cōgitāvī, cōgitātum","think, ponder, consider; imagine, plan",1,Verb
"cognōmen, cognōminis, {n.}","surname, family name; nickname; famous name",1,Noun
"collābor, collābī, collāpsus sum","fall down, collapse, fall in ruins; faint, sink, die",1,Verb
"colligō, colligere, collēgī, collēctum","to collect, gather, or assemble; to bring together",1,Verb
"colōnus, colōnī, {m.}","farmer, cultivator; settler, colonist; inhabitant",1,Noun
"columba, columbae, {f.}","dove, pigeon",1,Noun
"committō, committere, commīsī, commissum","join, connect; entrust; commit, perform; begin, engage (battle)",1,Verb
"commoveō, commovēre, commōvī, commōtum","to move deeply, stir up; agitate, disturb, alarm",1,Verb
"cōmō, cōmere, cōmpsī, cōmptum","to dress, arrange (especially the hair); to adorn, deck out",1,Verb
"compāgēs, compāgis, {f.}","joint, fastening; structure, framework",1,Noun
"compellō, compellere, compulī, compulsum","to drive together, round up; to force, compel, drive",1,Verb
"compescō, compescere, compescuī","restrain, check, curb; repress, subdue",1,Verb
"complexus, complexūs, {m.}","embrace, hug, clasp; an encompassing, surrounding",1,Noun
"comprimō, comprimere, compressī, compressum","press together, compress; restrain, check, curb",1,Verb
"concēdō, concēdere, concessī, concessum","to go away, withdraw; to yield, submit; to allow, grant, or concede",1,Verb
"concidō, concidere, concidī","to fall down, collapse; to perish, die",1,Verb
"concinō, concinere, concinuī","to sing together, sound in concert; to harmonize, agree; to foretell, prophesy",1,Verb
"concitō, concitāre, concitāvī, concitātum","To stir up, rouse, or excite; to incite, instigate, or provoke.",1,Verb
"concordō, concordāre, concordāvī, concordātum","agree, harmonize, be in harmony",1,Verb
"concubitus, concubitūs, {m.}","lying together, reclining; sexual intercourse",1,Noun
"concutiō, concutere, concussī, concussum","to shake violently, agitate; to terrify, alarm; to rouse, spur",1,Verb
"cōnectō, cōnectere, cōnexuī, cōnexum","bind together, join; connect, link",1,Verb
"cōnferō, cōnferre, contulī, collātum","to bring together, collect; to carry, bring; to compare",1,Verb
"cōnficiō, cōnficere, cōnfēcī, cōnfectum","to finish, complete, or accomplish; to wear out or exhaust; to consume or destroy",1,Verb
"cōniciō, cōnicere, cōniēcī, cōniectum","to throw, hurl, or cast; to direct one's attention or eyes; to conclude, infer, or guess",1,Verb
"cōnor, cōnārī, cōnātus sum","to attempt, try, strive; to venture, undertake",1,Verb
"cōnserō, cōnserere, cōnseruī, cōnsertum","to connect, fasten, or join together; to plant or sow thickly",1,Verb
"cōnsīdō, cōnsīdere, cōnsēdī, cōnsessum","to sit down, settle; take one's seat, encamp; subside",1,Verb
"cōnsilium, cōnsiliī, {n.}","plan, council; judgment, wisdom; decision, resolve",1,Noun
"cōnspiciō, cōnspicere, cōnspexī, cōnspectum","to catch sight of, perceive, behold; to attract attention, be conspicuous (passive)",1,Verb
"cōnstantia, cōnstantiae, {f.}","steadfastness, consistency, firmness; persistence, endurance",1,Noun
"cōnsurgō, cōnsurgere, cōnsurrēxī, cōnsurrēctum","to rise, stand up; to arise, spring up, or break out",1,Verb
"conterminus, contermina, conterminum","bordering upon, neighboring; adjacent, near",1,Adjective
"contiguus, contigua, contiguum","touching, bordering upon, neighboring; near, within reach",1,Adjective
"contundō, contundere, contudī, contūsum","to beat, pound, bruise; to crush, shatter, or subdue.",1,Verb
"convellō, convellere, convellī, convulsum","to tear up, pluck up, or pull away; to shatter, shake, or convulse; to overthrow or destroy",1,Verb
"convexum, convexī, {n.}","arching, vaulted, hollow; the vault of heaven, the sky; a slope, incline",1,Noun
"convīvium, convīviī, {n.}","feast, banquet",1,Noun
"corripiō, corripere, corripuī, correptum","seize, snatch up, grasp; rebuke, chide; hasten, speed across",1,Verb
"cothurnus, cothurnī, {m.}","a high boot, buskin; tragedy, a tragic or elevated style",1,Noun
"crēdulitās, crēdulitātis, {f.}","credulity, readiness of belief; rash confidence",1,Noun
"Creōn, Creontis, {m.}","Creon, a king of Thebes or Corinth",1,Noun
"crepitō, crepitāre, crepitāvī, crepitātum","to rattle, crack, creak, rustle, clatter; to break with a crash; to prattle, talk noisily or boastfully",1,Verb
"Crēsius, Crēsia, Crēsium","grow, increase; arise, be born; become visible, appear",1,Adjective
"Crētē, Crētēs, {f.}","Cretan, of Crete; a Cretan woman",1,Noun
"Creūsa, Creūsae, {f.}","daughter of Priam and wife of Aeneas; daughter of Creon and bride of Jason; princess, queen",1,Noun
"crīspō, crīspāre, crīspāvī, crīspātum","curl, ripple; brandish, shake",1,Verb
"croceus, crocea, croceum","saffron-colored, yellow, golden",1,Something went wrong. Try again.
"cruentō, cruentāre, cruentāvī, cruentātum","to stain with blood, to make bloody; to wound",1,Verb
"cubō, cubāre, cubuī, cubitum","to lie down, recline; to be in bed, sleep",1,Verb
"culpō, culpāre, culpāvī, culpātum","blame, find fault with; accuse, condemn",1,Verb
"cultus, cultūs, {m.}","tilling, cultivation, care; worship, adoration; elegance, style, refinement",1,Noun
"curvāmen, curvāminis, {n.}","curve, bend; arch",1,Noun
"cuspis, cuspidis, {f.}","point, tip; spear, lance",1,Noun
"cycnus, cycnī, {m.}",swan,1,Noun
"Cytherēa, Cytherēae, {f.}","Venus, the goddess of love; the Cytherean.",1,Noun
"Cytheriacus, Cytheriaca, Cytheriacum","of or belonging to Cythera; sacred to or belonging to Venus, Cytherean",1,Adjective
"damnō, damnāre, damnāvī, damnātum","to condemn, sentence; to doom, devote",1,Verb
"damnōsus, damnōsa, damnōsum","destructive, harmful; ruinous, wasteful",1,Adjective
"damnum, damnī, {n.}","hurt, harm, damage, loss; penalty, fine",1,Noun
"Dardania, Dardaniae, {f.}","A region in the central Balkans; Troy, the land of the Trojans",1,Noun
"Dardanus, Dardana, Dardanum","Dardanian, of Dardanus; Trojan",1,Adjective
"Dardanus, Dardanī, {m.}","son of Zeus and Electra, ancestor of the Trojans and the house of Priam; the city of Dardanus",1,Noun
"dēcēdō, dēcēdere, dēcessī, dēcessum","go away, withdraw; depart, retire; die",1,Verb
"dēclīnō, dēclīnāre, dēclīnāvī, dēclīnātum","turn aside, divert, swerve; bend, sink down; avoid, shun; decline, inflect",1,Verb
"dēclīvis, dēclīve","sloping downwards, descending",1,Adjective
"decōrus, decōra, decōrum","fitting, proper, suitable; beautiful, graceful, handsome",1,Adjective
"dēferō, dēferre, dētulī, dēlātum","carry away, bring down; report, deliver; confer, bestow",1,Verb
"dēficiō, dēficere, dēfēcī, dēfectum","fail, fall short; be lacking, run out; leave, desert",1,Verb
"dēfīgō, dēfīgere, dēfīxī, dēfīxum","to fix, fasten, or plant; to drive in or thrust; to focus or direct.",1,Verb
"dēfluō, dēfluere, dēflūxī, dēflūxum","to flow down, glide down; to fall, sink; to pass away, vanish, disappear",1,Verb
dehinc,"from here, from this time forth; then, next, afterwards",1,Adverb
"Dēlius, Dēlia, Dēlium","of Delos, Delian; an epithet of Apollo or Diana",1,Adjective
"Dēlos, Dēlī, {f.}","of Delos, Delian; an epithet of Apollo (born on Delos)",1,Noun
"Delphicus, Delphica, Delphicum","Of or relating to Delphi, Delphic; of or relating to Apollo.",1,Adjective
"dēmēns, {(gen.)} dēmentis","out of one's mind, insane, mad; foolish, reckless",1,Adjective
"dēmissus, dēmissa, dēmissum","low, low-lying; hanging down, descending; downcast, humble, dejected",1,Adjective
"dēnī, dēnae, dēna","ten at a time, ten each; by tens",1,Numeral
dēnique,"finally, at last; in short, in a word",1,Adverb
"dēns, dentis, {m.}","tooth; tusk, fang; tooth-like object (such as the fluke of an anchor)",1,Noun
"dēpōnō, dēpōnere, dēposuī, dēpositum","to lay or put down, set aside; to give up, resign; to deposit, entrust",1,Verb
"dēprehendō, dēprehendere, dēprehendī, dēprehēnsum","to catch, seize, snatch; find, discover, catch in the act",1,Verb
"dēsertus, dēserta, dēsertum","deserted, solitary, lonely; waste, uninhabited",1,Adjective
"dēsinō, dēsinere, dēsiī, dēsitum","to leave off, cease, stop; to come to an end, finish",1,Verb
"dēspectō, dēspectāre, dēspectāvī, dēspectātum","look down upon, survey; despise",1,Verb
"dēspiciō, dēspicere, dēspexī, dēspectum","look down on, look down upon; despise, disdain",1,Verb
"dēstruō, dēstruere, dēstrūxī, dēstrūctum","pull down, demolish, destroy",1,Verb
"dētorqueō, dētorquēre, dētorsī, dētortum","to turn or bend aside, turn away; to distort, twist out of shape",1,Verb
"dētrahō, dētrahere, dētrāxī, dētractum","draw away, pull down; remove, take away; detract, disparage",1,Verb
"dextra, dextrae, {f.}",right hand; right side; pledge of friendship or faith,1,Noun
"diciō, diciōnis, {f.}","power, sway; control, dominion",1,Noun
"Dictaeus, Dictaea, Dictaeum","of, from, or belonging to Mount Dicte (in Crete); Dictaean, Cretan",1,Adjective
"dignus, digna, dignum","worthy, deserving, suitable",1,Adjective
"dīgredior, dīgredī, dīgressus sum","to go apart, separate; to go away, depart; to digress",1,Verb
"dīlacerō, dīlacerāre, dīlacerāvī, dīlacerātum","tear to pieces, rend; mangle",1,Verb
"dīlaniō, dīlaniāre, dīlaniāvī, dīlaniātum","to tear to pieces, to mangle, to shred",1,Verb
"dīligō, dīligere, dīlēxī, dīlēctum","to prize, love, hold dear",1,Verb
"dīmittō, dīmittere, dīmīsī, dīmissum","send away, dismiss; let go, release; abandon, give up",1,Verb
"Dīrae, Dīrārum, {f. pl.}","The Furies, goddesses of vengeance; curses, imprecations; ill omens.",1,Noun
"dīrigō, dīrigere, dīrēxī, dīrēctum","to arrange, set straight; to direct, steer, aim",1,Verb
"dīripiō, dīripere, dīripuī, dīreptum","tear apart, tear to pieces; plunder, pillage",1,Verb
"discēdō, discēdere, discessī, discessum","To go away, depart; to leave, abandon; to scatter, disperse.",1,Verb
"disiciō, disicere, disiēcī, disiectum","to scatter, disperse; to break up, destroy; to rout",1,Verb
"disiungō, disiungere, disiūnxī, disiūnctum","to separate, divide; part, remove",1,Verb
"dispār, {(gen.)} disparis","unequal, unlike, different",1,Adjective
"dispēnsō, dispēnsāre, dispēnsāvī, dispēnsātum","to weigh out, pay; distribute, manage, regulate",1,Verb
"dissideō, dissidēre, dissēdī",to sit apart; to be distant or separated; to differ or disagree,1,Verb
"dissimulō, dissimulāre, dissimulāvī, dissimulātum","to conceal, disguise; ignore",1,Verb
"distineō, distinēre, distinuī, distentum","to keep apart, separate; to hold up, detain; to distract, occupy.",1,Verb
"dīva, dīvae, {f.}","goddess, divine woman",1,Noun
"dīvīnus, dīvīna, dīvīnum","of or belonging to a god, divine; godlike, superhuman; prophetic, inspired",1,Adjective
"dīvus, dīva, dīvum","divine, godlike; a god, a goddess, a deity",1,Adjective
"doleō, dolēre, doluī, dolitum","To feel pain, suffer; to grieve, mourn; to cause pain, hurt.",1,Verb
"dolus, dolī, {m.}","deceit, trick, device; treachery",1,Noun
"dominor, dominārī, dominātus sum","to be master, rule, hold sway",1,Verb
"dōnō, dōnāre, dōnāvī, dōnātum","give, present, bestow; grant, vouchsafe; surrender, sacrifice",1,Verb
"dōtālis, dōtāle","of or belonging to a dowry, forming part of a dowry",1,Adjective
"dracō, dracōnis, {m.}","dragon, serpent; constellation of the Dragon",1,Noun
"ductor, ductōris, {m.}","leader, conductor; guide",1,Noun
"dūritia, dūritiae, {f.}","hardness, stiffness; roughness, austerity",1,Noun
"dūrō, dūrāre, dūrāvī, dūrātum","harden, make hard; endure, hold out, last",1,Verb
"ebur, eboris, {n.}",ivory; an ivory object,1,Noun
"ēdiscō, ēdiscere, ēdidicī","learn by heart, commit to memory; study, get to know",1,Verb
"edō, edere, ēdī, ēsum","eat; consume, devour",1,Verb
"ēdō, ēdere, ēdidī, ēditum","to put forth, give out, produce; to proclaim, declare, tell; to give birth to, bring forth",1,Verb
"efferō, efferre, extulī, ēlātum","carry out, bring forth; raise, exalt; carry out for burial",1,Verb
"efferus, effera, efferum","savage, wild, ferocious",1,Adjective
"efficiō, efficere, effēcī, effectum","bring about, accomplish, produce; cause; effect",1,Verb
"effingō, effingere, effīnxī, effictum","fashion, form, mold; represent, portray, copy",1,Verb
"effor, effārī, effātus sum","to speak out, utter; declare, announce",1,Verb
"effugiō, effugere, effūgī","flee, escape; avoid, shun; escape notice, baffle",1,Verb
"egeō, egēre, eguī","to need, lack, want; to be in need, be destitute",1,Verb
"ēiaculor, ēiaculārī, ēiaculātus sum","shoot forth, hurl out; spout, discharge",1,Verb
"ēmicō, ēmicāre, ēmicuī, ēmicātum","to spring or shoot forth, break out; to be conspicuous, stand out",1,Verb
"ēmineō, ēminēre, ēminuī","to stand out, project, rise up",1,Verb
"emō, emere, ēmī, ēmptum","to buy, purchase; to acquire, obtain",1,Verb
ēn,in; into; to; among; against,1,Interjection
"Enceladus, Enceladī, {m.}","Enceladus, a giant buried under Mount Etna",1,Noun
"ēnō, ēnāre, ēnāvī, ēnātum","swim out, swim away; swim across",1,Verb
"ēnumerō, ēnumerāre, ēnumerāvī, ēnumerātum","to count, reckon; to enumerate, list; to detail, recount",1,Verb
"Ephyrē, Ephyrēs, {f.}",Corinth; a sea nymph,1,Noun
"epulor, epulārī, epulātus sum","to feast, dine; feast upon, eat",1,Verb
"ērigō, ērigere, ērēxī, ērēctum","to raise up, set upright, erect; to rouse, encourage, or excite",1,Verb
"ēripiō, ēripere, ēripuī, ēreptum","to snatch away, tear out; to rescue, deliver",1,Verb
"ērudiō, ērudīre, ērudīvī, ērudītum","to teach, instruct; to polish, refine",1,Verb
"Eumenidēs, Eumenidum, {f. pl.}",the Furies; the Kind Ones,1,Noun
"Eurōpa, Eurōpae, {f.}","Europa, a Phoenician princess abducted by Zeus; the continent of Europe.",1,Noun
"ēveniō, ēvenīre, ēvēnī, ēventum","to come out, come forth; to happen, come to pass; to turn out, result",1,Verb
"ēvertō, ēvertere, ēvertī, ēversum","overturn, turn upside down; overthrow, destroy, ruin",1,Verb
"ēvolvō, ēvolvere, ēvolvī, ēvolūtum","roll out, unroll; unfold, disclose",1,Verb
"exaudiō, exaudīre, exaudīvī, exaudītum","to hear clearly, distinguish; to listen to, heed, grant (especially of prayers)",1,Verb
"excidō, excidere, excidī","to fall out, drop away; to perish, die; to escape, slip from.",1,Verb
"exhorrēscō, exhorrēscere, exhorruī","to shudder; to be terrified, dread greatly",1,Verb
"exilium, exiliī, {n.}","exile, banishment; place of exile",1,Noun
"exorior, exorīrī, exortus sum","to come out, rise, appear; to arise, begin",1,Verb
"exōsus, exōsa, exōsum","hating, detesting; hated, detested",1,Adjective
"expallēscō, expallēscere, expalluī","to grow pale, to turn pale",1,Verb
"expediō, expedīre, expedīvī, expedītum","disengage, loose, set free; make ready, prepare; hasten, dispatch",1,Verb
"experior, experīrī, expertus sum","try thoroughly, test, experience; attempt, undertake",1,Verb
"expers, {(gen.)} expertis","free from, without; lacking experience, ignorant of",1,Adjective
"expleō, explēre, explēvī, explētum","fill up, complete; satisfy, satiate",1,Verb
"explōrō, explōrāre, explōrāvī, explōrātum","search out, explore; test, try out; reconnoiter, investigate",1,Verb
"exposcō, exposcere, expoposcī","request, ask for, demand; demand the surrender of",1,Verb
"exprobrō, exprobrāre, exprobrāvī, exprobrātum","reproach, upbraid; blame, find fault with",1,Verb
"exquīrō, exquīrere, exquīsīvī, exquīsītum","to search out, seek diligently; to inquire into, ask",1,Verb
"exsilium, exsiliī, {n.}",exile; banishment,1,Noun
"exsolvō, exsolvere, exsolvī, exsolūtum","loosen, unfasten; release, set free; pay, fulfill",1,Verb
"exsul, exsulis, {m./f.}","exile, banished person; wanderer",1,Noun
"exta, extōrum, {n. pl.}","the internal organs of a sacrificial animal, entrails; the heart, lungs, and liver used for divination",1,Noun
extemplō,"immediately, forthwith, at once",1,Adverb
"exter, extera, exterum","outward, external; foreign, strange",1,Adjective
"extimēscō, extimēscere, extimuī","take fright, be alarmed; dread",1,Verb
"extorris, extorre","exiled, banished, driven out",1,Adjective
"exuō, exuere, exuī, exūtum","to take off, strip off, lay aside; deprive of, despoil",1,Verb
"facilis, facile","easy, doable; ready, quick; good-natured, agreeable",1,Adjective
"facinus, facinoris, {n.}","deed, act; exploit, achievement; crime, outrage",1,Noun
"fās, fās, {n.}","Divine law, divine will; that which is right, lawful, or morally allowed",1,Noun
"fastīgium, fastīgiī, {n.}","top, summit; gable, pediment; high point, dignity, rank",1,Noun
"fātālis, fātāle","fated, destined; fatal, deadly",1,Adjective
"fateor, fatērī, fassus sum","admit, confess; acknowledge",1,Verb
"fēcundus, fēcunda, fēcundum","fruitful, fertile; prolific",1,Adjective
"fēmineus, fēminea, fēmineum","feminine, womanly; of a woman",1,Adjective
"feriō, ferīre","hit, strike; kill, slay; strike a bargain",1,Verb
"ferreus, ferrea, ferreum","made of iron; hard, cruel, unyielding",1,Adjective
"ferveō, fervēre, ferbuī","to boil, foam, or seethe; to glow, burn, or be aglow; to be busy or teem",1,Verb
"fīlia, fīliae, {f.}",daughter; female descendant,1,Noun
"fīnitimus, fīnitima, fīnitimum","neighboring, bordering upon; near, close to",1,Adjective
"fīō, fierī, factus sum","be made, be done; become; happen",1,Verb
"flammeus, flammea, flammeum","flaming, fiery; blazing; of the color of fire, red or orange-red",1,Adjective
"flammō, flammāre, flammāvī, flammātum","to set on fire, inflame; burn, blaze",1,Verb
"flāveō, flāvēre","be yellow, be golden-colored",1,Verb
"flēbilis, flēbile","lamentable, to be wept over; tearful, weeping",1,Adjective
"flētus, flētūs, {m.}","weeping, tears; wailing, lamentation",1,Noun
"fluō, fluere, flūxī, flūxum","to flow, stream, pour; to hang loose",1,Verb
"fluviālis, fluviāle","of a river, pertaining to a river",1,Adjective
"focus, focī, {m.}","hearth, fireplace; home, family; center, focus",1,Noun
"foedus, foeda, foedum","foul, filthy, loathsome; shameful, vile, base",1,Adjective
"forāmen, forāminis, {n.}","opening, hole, gap; passage, orifice",1,Noun
"fors, fortis, {f.}","strong, powerful; brave, courageous",1,Noun
fortasse,"perhaps, maybe, possibly",1,Adverb
fortiter,"bravely, courageously, strongly",1,Adverb
"forus, forī, {m.}",gangway of a ship; row of seats in a theater or circus; cell of a honeycomb,1,Noun
"frāternus, frāterna, frāternum","brotherly, fraternal; of a brother",1,Adjective
"fraudō, fraudāre, fraudāvī, fraudātum","cheat, swindle, defraud; deprive, trick out of",1,Verb
frequenter,"often, frequently; in great numbers, in crowds",1,Adverb
"frīgus, frīgoris, {n.}","cold, chill; cold weather, winter; coldness of death",1,Noun
"frūctus, frūctūs, {m.}","fruit, produce, crops; enjoyment, profit, reward",1,Noun
frūstrā,"in vain, to no purpose; without reason",1,Adverb
"fulvus, fulva, fulvum","tawny, reddish yellow; gold-colored, yellow",1,Adjective
"fūmōsus, fūmōsa, fūmōsum","full of smoke, smoky, smoked",1,Adjective
"fūnereus, fūnerea, fūnereum","of, belonging to a funeral, funeral; deadly, fatal",1,Adjective
"furibundus, furibunda, furibundum","raging, mad, furious; inspired",1,Adjective
"fūrtīvus, fūrtīva, fūrtīvum","stolen; secret, hidden",1,Adjective
"fūsus, fūsī, {m.}",spindle; spinning wheel,1,Noun
"futūrus, futūra, futūrum","about to be, future, destined to be",1,Adjective
"gaudium, gaudiī, {n.}","joy, delight; source of joy",1,Noun
"gemitus, gemitūs, {m.}","groan, sigh; lamentation, roar",1,Noun
"gener, generī, {m.}",son-in-law; daughter's husband or suitor,1,Noun
"genū, genūs, {n.}",knee,1,Noun
"germāna, germānae, {f.}","full sister, sister; genuine, true",1,Noun
"gestāmen, gestāminis, {n.}","something worn or carried; equipment, ornament, or badge",1,Noun
"gestiō, gestīre, gestīvī","to bear, carry; to perform, do, or manage",1,Verb
"gestō, gestāre, gestāvī, gestātum","to carry, bear; to wear",1,Verb
"gladius, gladiī, {m.}",sword; gladius,1,Noun
"grandis, grande","large, great, tall; full-grown, aged",1,Adjective
"gravidus, gravida, gravidum","pregnant, heavy; burdened, full of",1,Adjective
"gravis, grave","heavy, weighty; serious, important; severe, burdensome",1,Adjective
"grex, gregis, {m.}","flock, herd, drove; group, company, band",1,Noun
"Grȳnēus, Grȳnēa, Grȳnēum","of or belonging to Grynium, a town in Aeolis; Grynean, an epithet of Apollo",1,Adjective
"habilis, habile","handy, skillful, manageable; apt, fit, suitable",1,Adjective
"habitō, habitāre, habitāvī, habitātum","live, dwell, inhabit; reside; be accustomed to stay",1,Verb
"habitus, habitūs, {m.}","condition, appearance; dress, attire",1,Noun
"Haemonius, Haemonia, Haemonium","Thessalian, of Thessaly; awful, ominous, accursed",1,Adjective
"hālō, hālāre, hālāvī, hālātum","to breathe; to emit vapor, be fragrant",1,Verb
"Harpalycē, Harpalycēs, {f.}","A mythological princess of Thrace, a famous huntress and warrior; a daughter of Clymenus, noted for her tragic transformation into a bird.",1,Noun
"hastīle, hastīlis, {n.}","shaft of a spear or javelin; cane, staff",1,Noun
"haustus, haustūs, {m.}","a drink, draught; a drawing (of water or air)",1,Noun
"Hebrus, Hebrī, {m.}","the Hebrus, a river in Thrace",1,Noun
"Hector, Hectoris, {m.}","Hector, eldest son of Priam and greatest Trojan warrior in the Trojan War",1,Noun
"Hectoreus, Hectorea, Hectoreum","of or belonging to Hector; Hectorean, Trojan, Roman",1,Adjective
"Helicē, Helicēs, {f.}",the Great Bear (the constellation Ursa Major),1,Noun
"Hesperia, Hesperiae, {f.}",western land; Italy; the Iberian Peninsula,1,Noun
heus,"hey!, ho!, listen!",1,Interjection
"hīberna, hībernōrum, {n. pl.}","winter quarters; winter storms, winter weather",1,Noun
"hībernus, hīberna, hībernum","of winter, wintry; stormy, rainy",1,Adjective
"honestās, honestātis, {f.}","honor, reputation; integrity, virtue; beauty, grace",1,Noun
"hōra, hōrae, {f.}",hour; time; season,1,Noun
"hortor, hortārī, hortātus sum","encourage, urge, exhort; incite, egg on",1,Verb
"hospita, hospitae, {f.}","hostess, female guest; stranger, foreigner",1,Noun
"hostia, hostiae, {f.}","sacrificial victim, animal sacrifice",1,Noun
"hūmeō, hūmēre","to be moist, wet, damp",1,Verb
"Iāsōn, Iāsonis, {m.}","Jason, a famous Greek hero, leader of the Argonauts in the quest for the Golden Fleece",1,Noun
ibi,"there, in that place; then, thereupon",1,Adverb
"ictus, ictūs, {m.}","blow, stroke; musical or metrical beat",1,Noun
ideō,"therefore, for that reason; for this purpose",1,Adverb
"idōneus, idōnea, idōneum","fit, suitable, appropriate; sufficient, capable",1,Adjective
igitur,"therefore, consequently, accordingly; then, so",1,Conjunction
"igneus, ignea, igneum","fiery, burning; glowing, hot",1,Adjective
"īlex, īlicis, {f.}","holm-oak, evergreen oak",1,Noun
"Īlia, Īliae, {f.}","groin, flank; entrails, guts; the belly",1,Noun
"īlia, īlium, {n. pl.}","groin, flank; belly, entrails",1,Noun
"Īlion, Īliī, {n.}","Ilium, Troy",1,Noun
"Īlius, Īlia, Īlium","flank, groin, side of the body; entrails, guts; Trojan",1,Adjective
illāc,"that way, in that direction; there, on that side",1,Adverb
illīc,"in that place, there, over there",1,Adverb
illinc,"from that place, thence; from or on that side",1,Adverb
"illūdō, illūdere, illūsī, illūsum","mock, ridicule, make sport of; deceive, trick; play with",1,Verb
"Illyricus, Illyrica, Illyricum",Illyrian; of or belonging to Illyria,1,Adjective
"Īlus, Īlī, {m.}",son of Tros and founder of Troy; an early name of Ascanius,1,Noun
"imber, imbris, {m.}","rain, shower; rain-storm",1,Noun
"imitor, imitārī, imitātus sum","to copy, imitate; to represent, express; to simulate, feign",1,Verb
"immittō, immittere, immīsī, immissum","to send in, let in, throw into; to let go, let loose; to admit, introduce",1,Verb
"impatiēns, {(gen.)} impatientis","impatient, intolerant, unable to endure",1,Adjective
"impediō, impedīre, impedīvī, impedītum","hinder, obstruct, hamper; entangle, shackle",1,Verb
"impendō, impendere, impendī, impēnsum","to expend, pay out; to devote, apply, bestow",1,Verb
"impēnsa, impēnsae, {f.}","expense, outlay; cost, price; effort.",1,Noun
"impetrō, impetrāre, impetrāvī, impetrātum","to obtain, procure; to succeed in a request, achieve, accomplish",1,Verb
"impiger, impigra, impigrum","active, energetic; diligent, quick",1,Adjective
"imprecor, imprecārī, imprecātus sum","to call down, invoke; to pray for; to utter curses, imprecate",1,Verb
"imprimō, imprimere, impressī, impressum","to press upon, impress, imprint; to stamp, mark",1,Verb
"improbus, improba, improbum","wicked, shameless, persistent; immoderate, excessive, cruel",1,Adjective
"inadustus, inadusta, inadustum","unburnt, unconsumed; unscorched",1,Adjective
"incertus, incerta, incertum","uncertain, doubtful; obscure, hidden",1,Adjective
"incessus, incessūs, {m.}","walking, gait; approach, advance",1,Noun
"incola, incolae, {m./f.}","inhabitant, resident",1,Noun
"incultus, inculta, incultum","uncultivated, wild; unpolished, neglected, shaggy",1,Adjective
"incūsō, incūsāre, incūsāvī, incūsātum","accuse, blame; complain of",1,Verb
inde,"from that place, thence; from that time, thereafter; for that reason, therefore",1,Adverb
"indicium, indiciī, {n.}","sign, mark, token; evidence, proof; disclosure, information",1,Noun
"indūcō, indūcere, indūxī, inductum","lead, bring in; induce, influence",1,Verb
"inexpertus, inexperta, inexpertum","untested, unexperienced; unskilled, ignorant",1,Something went wrong. Try again.
"inextricābilis, inextricābile","that cannot be disentangled or untied; from which one cannot extricate oneself, inescapable",1,Adjective
"īnfāns, īnfantis, {m./f.}","infant, young child; speechless, inarticulate",1,"Noun, Adjective"
"īnfectus, īnfecta, īnfectum","not made, undone, unperformed; dyed, stained, tainted; corrupted, infected",1,Adjective
"īnfēnsus, īnfēnsa, īnfēnsum","hostile, inimical; enraged, furious; fatal, destructive",1,Adjective
"īnferiae, īnferiārum, {f. pl.}","offerings to the dead, sacrifices in honor of the deceased",1,Noun
"īnferō, īnferre, intulī, illātum","bring in, carry in; bring forward, advance; inflict, cause",1,Verb
"īnferus, īnfera, īnferum","lower, below; of the underworld, infernal",1,Adjective
"ingenium, ingeniī, {n.}","innate quality, nature, character; talent, natural capacity; clever device, invention",1,Noun
"ingredior, ingredī, ingressus sum","to enter, step into; to begin, undertake",1,Verb
"inhaereō, inhaerēre, inhaesī, inhaesum","stick to, cling, adhere; hang upon",1,Verb
"inhibeō, inhibēre, inhibuī, inhibitum","restrain, hold back; check, hinder",1,Verb
"inhiō, inhiāre, inhiāvī, inhiātum","gape, be open-mouthed; gaze with eagerness, covet or desire.",1,Verb
"iniciō, inicere, iniēcī, iniectum","throw in, cast into; begin, inspire; happen upon",1,Verb
"inimīcus, inimīca, inimīcum","unfriendly, hostile, harmful; (as noun) an enemy, foe",1,Adjective
"iniūstus, iniūsta, iniūstum","unjust, wrongful, unfair",1,Adjective
"innātus, innāta, innātum","inborn, innate, natural; inherent",1,Adjective
"innītor, innītī, innīxus sum","lean on, rest upon; rely on, depend on",1,Verb
"innumerus, innumera, innumerum","countless, innumerable",1,Adjective
"innūptus, innūpta, innūptum","unmarried, unwed, virgin",1,Adjective
"inōrnātus, inōrnāta, inōrnātum","unadorned, plain; disheveled, neglected",1,Adjective
"inquīrō, inquīrere, inquīsīvī, inquīsītum","seek, search for, examine; ask, inquire into",1,Verb
"īnsānia, īnsāniae, {f.}","madness, insanity; frenzy, folly; fury, violence",1,Noun
"īnscrībō, īnscrībere, īnscrīpsī, īnscrīptum","to write on, inscribe; to entitle, name; to mark, brand",1,Verb
"īnsignis, īnsigne","marked, distinguished; remarkable, extraordinary",1,Adjective
"īnsolitus, īnsolita, īnsolitum","unaccustomed; unusual, strange",1,Adjective
"īnsopor, {(gen.)} īnsopōris","sleepless, wakeful",1,Adjective
"īnstaurō, īnstaurāre, īnstaurāvī, īnstaurātum","renew, repeat, restore",1,Verb
"īnsuētus, īnsuēta, īnsuētum","unaccustomed to, unused to; unusual, strange",1,Adjective
"īnsum, īnesse, īnfuī","be in, be inside; be present in, belong to",1,Verb
"intāctus, intācta, intāctum","untouched, intact; untried; virgin",1,Adjective
"interfor, interfārī, interfātus sum","to interrupt, break in conversation; interpose",1,Verb
"interfundō, interfundere, interfūdī, interfūsum",to pour between or among; to spread over,1,Verb
"interior, interius","inner, interior; further within",1,Adjective
"internus, interna, internum","inward, internal; domestic, civil",1,Adjective
"interrumpō, interrumpere, interrūpī, interruptum","break apart, break off; interrupt",1,Verb
"intimus, intima, intimum","inmost, deepest; most intimate, secret",1,Adjective
"intractābilis, intractābile","unmanageable, intractable; indomitable, harsh",1,Adjective
intus,"within, inside; at home",1,Adverb
"invideō, invidēre, invīdī, invīsum","envy, be jealous of; begrudge, refuse",1,Verb
"invidiōsus, invidiōsa, invidiōsum","full of envy, envious; enviable, exciting envy; hateful, odious",1,Adjective
"invidus, invida, invidum","envious, jealous; hateful, malevolent",1,Adjective
"irrumpō, irrumpere, irrūpī, irruptum","burst in, break in; force a way into",1,Verb
"Isthmos, Isthmī, {m.}","isthmus, a narrow strip of land between two seas; the Isthmus of Corinth",1,Noun
ita,"so, thus; in such a way; accordingly",1,Adverb
"iūgerum, iūgerī, {n.}","acre, iugerum (a measure of land)",1,Noun
"iugō, iugāre, iugāvī, iugātum","yoke, join; bind together, connect",1,Verb
"Iūnōnius, Iūnōnia, Iūnōnium","of or belonging to Juno, Junonian; of the month of June",1,Adjective
"iussum, iussī, {n.}","order, command, decree",1,Noun
"iuvenālis, iuvenāle","youthful, juvenile, suitable for young people",1,Adjective
"laetor, laetārī, laetātus sum","rejoice, be glad, delight in",1,Verb
"lāmentum, lāmentī, {n.}","wailing, lamentation; cries of grief",1,Noun
"lampas, lampadis, {f.}","torch, torchlight; lamp, lantern; light, brightness",1,Noun
"lāna, lānae, {f.}","wool; fleece, soft hair; down; trifles",1,Noun
"lapis, lapidis, {m.}",stone; pebble,1,Noun
"lascīvus, lascīva, lascīvum","playful, frisky, wanton; lustful, lewd; unrestrained, impudent",1,Adjective
"latebra, latebrae, {f.}","hiding place, retreat, lair; subterfuge",1,Noun
"Latīnus, Latīna, Latīnum","Latin, of Latium; Roman",1,Adjective
"latrō, latrōnis, {m.}","hired servant, mercenary soldier; bandit, robber, highwayman; hunter; chessman",1,Noun
"laus, laudis, {f.}","praise, approval; glory, renown; merit, worth",1,Noun
"Lāvīnius, Lāvīnia, Lāvīnium","Of or belonging to Lavinium, Lavinian; of or belonging to Latium, Latin",1,Noun
"lea, leae, {f.}",lioness,1,Noun
"leaena, leaenae, {f.}",lioness,1,Noun
"Lebinthos, Lebinthī, {f.}","Lebinthos, a small island in the Aegean Sea.",1,Noun
"lectus, lectī, {m.}","bed, couch; funeral bier",1,Noun
"lēgifer, lēgifera, lēgiferum","law-giving, law-bringing",1,Adjective
"legō, legere, lēgī, lēctum","gather, collect, pick out; read; sail by",1,Verb
"lētālis, lētāle","deadly, fatal; lethal, mortal",1,Adjective
"levāmen, levāminis, {n.}","alleviation, mitigation; solace, consolation",1,Noun
"lībō, lībāre, lībāvī, lībātum","to pour a libation, pour ritually; to sip, nibble; to touch gently, graze, skim.",1,Verb
"lībrō, lībrāre, lībrāvī, lībrātum","to poise, balance, weigh; to swing, hurl, brandish; to ponder, consider",1,Verb
"Liburnī, Liburnōrum, {m. pl.}","the Liburnians, an Illyrian people living on the Adriatic coast; Liburnian galleys or ships",1,Noun
"līmes, līmitis, {m.}","path, track; boundary, limit; border, frontier",1,Noun
"līnum, līnī, {n.}","flax; linen, thread; net",1,Noun
"littera, litterae, {f.}","letter of the alphabet; (plural) a letter, epistle, writing",1,Noun
"locō, locāre, locāvī, locātum","to place, put, set; station, arrange",1,Verb
"lūctus, lūctūs, {m.}","grief, sorrow; mourning, lamentation",1,Noun
"lupus, lupī, {m.}",wolf,1,Noun
"lūstrum, lūstrī, {n.}","bog, muddy place; haunt or lair of wild animals; a purification ceremony, period of five years",1,Noun
"lūsus, lūsūs, {m.}","play, sport, amusement; mockery, dallying",1,Noun
"lūxus, lūxūs, {m.}","excess, extravagance; luxury, splendor; debauchery",1,Noun
"Lyaeus, Lyaeī, {m.}","an epithet of Bacchus, the deliverer from care; wine",1,Noun
"Lycius, Lycia, Lycium","Lycian, of Lycia; an epithet of Apollo",1,Adjective
"lympha, lymphae, {f.}","clear spring or river water, water; a water-goddess",1,Noun
"lynx, lyncis, {m./f.}","lynx, wildcat",1,Noun
"māchina, māchinae, {f.}","machine, engine; device, contrivance; trick, stratagem",1,Noun
"macula, maculae, {f.}","spot, stain, blemish; mesh of a net",1,Noun
"maculōsus, maculōsa, maculōsum","spotted, speckled, mottled",1,Adjective
"madefaciō, madefacere, madefēcī, madefactum","to make wet, moisten, soak; to drench, steep; to intoxicate",1,Verb
"Maeander, Maeandrī, {m.}","the river Maeander; a winding, turning, or crooked way; an intricate decorative pattern",1,Noun
"maereō, maerēre, maeruī","to be sad, mourn, grieve; lament, bewail",1,Verb
"maestus, maesta, maestum","sad, sorrowful; gloomy, dejected; mournful",1,Adjective
"magnanimus, magnanima, magnanimum","great-souled, high-minded, magnanimous; brave, noble, haughty",1,Adjective
"Magnētis, Magnētidos, {f.}","of Magnesia, Magnetian; a Magnetian woman",1,Noun
"Māia, Māiae, {f.}","Maia, daughter of Atlas and mother of Mercury; a Roman goddess of spring and growth.",1,Noun
"mālō, mālle, māluī","prefer, wish rather; incline toward",1,Verb
"mandātum, mandātī, {n.}","order, command; trust, charge",1,Noun
"mandō, mandāre, mandāvī, mandātum","entrust, commit; command, order",1,Verb
māne,"in the morning, early in the morning",1,Adverb
"manifestus, manifesta, manifestum","clear, evident, manifest; plain, visible.",1,Adjective
"marīta, marītae, {f.}","wife, bride; marriage partner",1,Noun
"marītus, marītī, {m.}",husband; lover,1,Noun
"marmor, marmoris, {n.}","marble, block of marble; the surface of the sea",1,Noun
"māteria, māteriae, {f.}","material, substance; wood, timber",1,Noun
"Māvortius, Māvortia, Māvortium","of Mars; warlike, martial",1,Adjective
"medicāmen, medicāminis, {n.}","drug, remedy; cosmetic; poison, charm",1,Noun
"medicātus, medicātūs, {m.}","healing, charm, medicine; drug, poison",1,Noun
"medicīna, medicīnae, {f.}","the healing art, medicine; a remedy, cure",1,Noun
"medicō, medicāre, medicāvī, medicātum","heal, cure; medicate; dye, tint",1,Verb
"meditor, meditārī, meditātus sum","think over, reflect upon; practice, rehearse; plan, intend",1,Verb
"mel, mellis, {n.}","honey; sweetness, pleasantness; darling",1,Noun
"melior, melius","better, superior; more favorable, more advantageous",1,Adjective
"mēnsis, mēnsis, {m.}",month; moon,1,Noun
"mentior, mentīrī, mentītus sum","to lie, deceive; to feign, pretend",1,Verb
"mercor, mercārī, mercātus sum","to buy, purchase; trade, traffic",1,Verb
"mergō, mergere, mersī, mersum","to dip, plunge, immerse; to sink, overwhelm",1,Verb
"messis, messis, {f.}",harvest; harvest time; crops,1,Noun
"mēta, mētae, {f.}",turning post; goal,1,Noun
"metuō, metuere, metuī","to fear, dread; be afraid of",1,Verb
"mīles, mīlitis, {m.}",soldier; soldiery; knight,1,Noun
"mīlitō, mīlitāre, mīlitāvī, mīlitātum","serve as a soldier, perform military service; wage war",1,Verb
mīlle,thousand; a mile (a thousand paces),1,Numeral
"Mīnōius, Mīnōia, Mīnōium",of or belonging to Minos; Cretan,1,Adjective
"Mīnōs, Mīnōis, {m.}","Minos, a legendary king of Crete; a judge in the underworld",1,Noun
"Mīnōtaurus, Mīnōtaurī, {m.}","the Minotaur, a mythical monster with the head of a bull and the body of a man",1,Noun
"Minyae, Minyārum, {m. pl.}","The Minyans, an ancient people of Boeotia and Thessaly; the Argonauts.",1,Noun
"mīrus, mīra, mīrum","wonderful, marvelous; strange, extraordinary",1,Adjective
"miserandus, miseranda, miserandum","pitiable, wretched; to be pitied",1,Adjective
"miseror, miserārī, miserātus sum","to lament, bewail, deplore; to feel pity for, commiserate, compassionate",1,Verb
"mōbilitās, mōbilitātis, {f.}","mobility, agility; speed, rapidity; changeability, inconstancy",1,Noun
"mollis, molle","soft, flexible, pliant; mild, gentle; weak, effeminate",1,Adjective
molliter,"softly, gently; flexibly, easily",1,Adverb
"monitum, monitī, {n.}","warning, advice; divine counsel",1,Noun
"monitus, monitūs, {m.}","warning, advice; omen, sign",1,Noun
"mōnstrum, mōnstrī, {n.}","divine omen, portent; monster, prodigy",1,Noun
"moribundus, moribunda, moribundum","dying, at the point of death; sickly, fading, or withered",1,Adjective
"morsus, morsūs, {m.}","bite, sting; tooth, fang; grip, hold",1,Noun
"mōrum, mōrī, {n.}",mulberry; mulberry tree,1,Noun
"mōrus, mōrī, {f.}",mulberry tree,1,Noun
"mūcrō, mūcrōnis, {m.}","sharp point, edge; sword",1,Noun
"multiplex, {(gen.)} multiplicis","having many folds, manifold, multiple; complex, intricate, various",1,Adjective
"mūniō, mūnīre, mūnīvī, mūnītum","fortify, strengthen; build; protect, defend",1,Verb
"Mūsa, Mūsae, {f.}","Muse; song, poetry",1,Noun
"mūtābilis, mūtābile","changeable, inconstant",1,Adjective
"mūtō, mūtāre, mūtāvī, mūtātum","change, alter; exchange",1,Verb
"nāris, nāris, {f.}","nostril, nose; opening, orifice",1,Noun
"nātālis, nātāle","of birth, natal; native; birthday",1,"Adjective, Noun"
"nātūra, nātūrae, {f.}","nature, birth; character, essence; the universe",1,Noun
"naufragus, naufraga, naufragum","shipwrecked; ruined, wrecked",1,Adjective
"nāvālis, nāvāle","naval, of or relating to ships",1,Adjective
"nebula, nebulae, {f.}","mist, fog, cloud; obscurity",1,Noun
nec,"and, also, even; nor, and not, not, neither, not even",1,Conjunction
"nefās, nefās, {n.}","sin, violation of divine law, impious act; wickedness, crime, horror; monster, wretch",1,Noun
nēquīquam,"in vain, to no purpose, fruitlessly",1,Adverb
"nēquis, nēquid","lest any one, that no one",1,Adjective
"nex, necis, {f.}","death, murder; destruction",1,Noun
nī,"if not, unless",1,Adverb; Conjunction
"nīdus, nīdī, {m.}","nest; dwelling, home",1,Noun
"niger, nigra, nigrum","black, dark; unlucky, gloomy; wicked, malicious",1,Adjective
nimis,"too, too much, excessively; exceedingly, beyond measure",1,Adverb
"Nīnus, Nīnī, {m.}","Ninus, king of Assyria and husband of Semiramis; Nineveh",1,Noun
"niteō, nitēre, nituī","to shine, glitter, look bright; to be sleek, flourish, thrive",1,Verb
"niveus, nivea, niveum","snowy, covered with snow; snow-white, white",1,Adjective
"ego, meī, mihi, mē, mē","snowy, full of snow; snow-clad",1,Adjective
"nōminō, nōmināre, nōmināvī, nōminātum","to name, call by name; to nominate, appoint",1,Verb
"nōscō, nōscere, nōvī, nōtum","get to know, learn; recognize; (in perfect) know, be acquainted with",1,Verb
"nōtitia, nōtitiae, {f.}","knowledge, acquaintance, notion; fame, celebrity, renown",1,Noun
novem,nine,1,Numeral
"noverca, novercae, {f.}",stepmother,1,Noun
"novō, novāre, novāvī, novātum","make new, renew, revive; refresh",1,Verb
"noxa, noxae, {f.}","harm, injury; fault, crime",1,Noun
"nūbilus, nūbila, nūbilum","cloudy, overcast; dark, gloomy; troubled, sad",1,Adjective
"nūdō, nūdāre, nūdāvī, nūdātum","lay bare, strip; leave unprotected, expose",1,Verb
"Numada, Numadae, {m.}","nodding, nodding, command; divine will, divine power",1,Noun
"numerō, numerāre, numerāvī, numerātum","to count, enumerate; reckon, consider",1,Verb
"nūntia, nūntiae, {f.}","female messenger; news, message",1,Noun
"nūntiō, nūntiāre, nūntiāvī, nūntiātum","to announce, report, make known; to deliver a message or greeting",1,Verb
"nūntius, nūntiī, {m.}","messenger; message, news",1,Noun
nūper,"recently, not long ago; just now",1,Adverb
"nurus, nurūs, {f.}","daughter-in-law; young woman, married woman",1,Noun
"nūtriō, nūtrīre, nūtrīvī, nūtrītum","nourish, suckle; rear, foster",1,Verb
"nūtus, nūtūs, {m.}","a nod, sign; command, will; inclination, tendency",1,Noun
"oblinō, oblinere, oblēvī, oblitum","to smear over, besmear, daub; to defile, befoul",1,Verb
"obnītor, obnītī, obnīxus sum","to push, press, or struggle against; to resist, oppose, or strive.",1,Verb
"obruō, obruere, obruī, obrutum","overwhelm, cover over, bury; sink, crush",1,Verb
"obsequor, obsequī, obsecūtus sum","yield to, comply with; gratify, humor",1,Verb
"obstipēscō, obstipēscere, obstipuī","to be dazed, become senseless; to be astonished, amazed",1,Verb
"obstruō, obstruere, obstrūxī, obstrūctum","block up, barricade; hinder, obstruct",1,Verb
"obtundō, obtundere, obtudī, obtūsum","to strike, beat; to blunt, dull; to weaken, exhaust",1,Verb
"obvius, obvia, obvium","in the way, meeting, coming to meet; easy, obvious; exposed, vulnerable",1,Adjective
"occāsus, occāsūs, {m.}","setting, west; fall, downfall, ruin",1,Noun
"occulō, occulere, occuluī, occultum","hide, conceal; cover, bury",1,Verb
"occurrō, occurrere, occurrī, occursum","to run to meet, meet, encounter; to suggest itself, occur; to oppose, resist",1,Verb
"Ōceanus, Ōceanī, {m.}","the ocean, the river encircling the world; the sea",1,Noun
"ōcior, ōcius","swifter, more fleet; more rapid, quicker; sooner",1,Adjective
"odor, odōris, {m.}","smell, scent, fragrance; hint, inkling",1,Noun
"odōrātus, odōrāta, odōrātum","smelling, fragrant, perfumed; sweet-smelling",1,Adjective
"officium, officiī, {n.}","duty, service; office, function",1,Noun
"olor, olōris, {m.}","smell, odor; fragrance, perfume",1,Noun
"Olympus, Olympī, {m.}","Mount Olympus; heaven, the sky",1,Noun
omnīnō,"altogether, wholly, entirely; in all, in total",1,Adverb
"onerō, onerāre, onerāvī, onerātum","to load, burden; to oppress, overwhelm.",1,Verb
"onustus, onusta, onustum","laden, burdened; full, filled",1,Adjective
"operiō, operīre, operuī, opertum","cover, hide; conceal, overwhelm",1,Verb
"opifer, opifera, opiferum","aid-bringing, helping",1,Adjective
"opifex, opificis, {m.}","craftsman, artisan; maker, creator",1,Noun
"oppositus, opposita, oppositum","opposite, set against; opposing, confronting",1,Adjective
"ōrāculum, ōrāculī, {n.}","oracle, prophecy; shrine, temple",1,Noun
"Ōrīōn, Ōrīōnis, {m.}",the hunter Orion; the constellation Orion,1,Noun
"orior, orīrī, ortus sum","to rise, appear, or emerge; to be born, spring from, or originate.",1,Verb
"ostentō, ostentāre, ostentāvī, ostentātum","show, display, exhibit; point out, reveal; hold out, offer.",1,Verb
"ōstium, ōstiī, {n.}","door, entrance; mouth of a river or harbor",1,Noun
"ostrum, ostrī, {n.}",purple dye; purple color; purple cloth or garment,1,Noun
"ovis, ovis, {f.}",sheep; wool,1,Noun
"pacīscor, pacīscī, pactus sum","to make a bargain, agree, contract; to betroth",1,Verb
"paelex, paelicis, {f.}","mistress, concubine (as a rival of a wife); male prostitute",1,Noun
"paenitet, paenitēre, paenituit","to cause regret, displease; to repent, be sorry",1,Verb
"pangō, pangere, pepigī, pāctum","fix, fasten, drive in; plant; settle, agree upon, compose",1,Verb
"Paphos, Paphī, {f.}","Paphos, a city in Cyprus famous for its temple of Venus; Paphos, the son of Pygmalion.",1,Noun
"pariō, parere, peperī, partum","to bring forth, produce, give birth to; to acquire, get, gain",1,Verb
"Parnāsus, Parnāsī, {m.}","Mount Parnassus, a mountain in Phocis sacred to Apollo and the Muses; poetry, learning",1,Noun
"Paros, Parī, {f.}","Paros, an island in the Cyclades famous for its white marble.",1,Noun
"parturiō, parturīre, parturīvī","be in labor, bring forth; teem with",1,Verb
"parvulus, parvula, parvulum","very small, tiny; very young, little; unimportant, slight",1,Adjective
"Pāsiphaē, Pāsiphaēs, {f.}",wife of King Minos of Crete and mother of the Minotaur,1,Noun
passim,"here and there, everywhere; in all directions",1,Adverb
"Patareus, Patarea, Patareum",of or belonging to Patara; Patarean; an epithet of Apollo,1,Adjective
"Patavium, Pataviī, {n.}","Patavium, a city in northern Italy, modern Padua.",1,Noun
"patera, paterae, {f.}","shallow dish, bowl; offering plate used for libations",1,Noun
"paternus, paterna, paternum","of or belonging to a father, paternal; ancestral",1,Adjective
paulātim,"little by little, gradually; by degrees",1,Adverb
paulum,"a little, a bit; for a short while; somewhat",1,Adverb
"pauper, {(gen.)} pauperis","poor, meager; humble",1,Adjective
"Pēnēis, Pēnēidos, {f.}","Penean, of the river Peneus; daughter of Peneus, especially Daphne",1,Noun
"penetrō, penetrāre, penetrāvī, penetrātum","enter, penetrate; pierce",1,Verb
"peragō, peragere, perēgī, perāctum","to carry through to the end, complete, finish; to pierce through, transfix; to relate, describe",1,Verb
"percipiō, percipere, percēpī, perceptum","seize, gather; perceive, feel",1,Verb
"perdomō, perdomāre, perdomuī, perdomitum","to destroy, ruin; to waste, squander; to lose utterly or irrecoverably",1,Verb
"perferō, perferre, pertulī, perlātum","to carry through, bring to an end; to endure, suffer, bear to the end",1,Verb
"perficiō, perficere, perfēcī, perfectum","complete, finish; accomplish, carry out",1,Verb
"perhibeō, perhibēre, perhibuī, perhibitum","present, give, bestow; say, assert, name; hold, regard",1,Verb
"perimō, perimere, perēmī, perēmptum","kill, destroy",1,Verb
"periūrium, periūriī, {n.}","false oath, perjury",1,Noun
"permātūrēscō, permātūrēscere, permātūruī","mature, ripen thoroughly",1,Verb
"permittō, permittere, permīsī, permissum","let go, release; entrust, yield; allow, permit",1,Verb
"pernīx, {(gen.)} pernīcis","swift, nimble, quick; persistent, untiring",1,Adjective
"perōsus, perōsa, perōsum","hating, detesting, loathing; hated, detestable",1,Adjective
"perpetuus, perpetua, perpetuum","continuous, unbroken; everlasting, perpetual",1,Adjective
"persequor, persequī, persecūtus sum","follow up, pursue; strive after; punish, avenge",1,Verb
"pertimeō, pertimēre, pertimuī","to fear greatly, be very afraid; be terrified",1,Verb
"pervigil, {(gen.)} pervigilis","keeping watch all night, sleepless; ever-watchful",1,Adjective
"pestifer, pestifera, pestiferum","pest-bringing, pestilential; destructive, baleful",1,Adjective
"Phāsiacus, Phāsiaca, Phāsiacum",of or belonging to the Phasis (a river in Colchis); Colchian,1,Adjective
"Phoebē, Phoebēs, {f.}","Phoebe, goddess of the moon; Diana; the moon personified",1,Noun
"Phoenissus, Phoenissa, Phoenissum",Phoenician; Carthaginian,1,Adjective
"Phoenix, Phoenicis, {m.}",the phoenix; a fabulous bird of Arabia,1,Noun
"Phrixēus, Phrixēa, Phrixēum",of or belonging to Phrixus,1,Adjective
"Phthīa, Phthīae, {f.}","Phthia, a city or district in southern Thessaly, the home of Achilles and the Myrmidons",1,Noun
"Phthīas, Phthīadis, {f.}",a Phthian woman,1,Noun
"piāculum, piāculī, {n.}","expiatory sacrifice, offering; sin, crime requiring atonement",1,Noun
"piceus, picea, piceum","pitchy, of pitch; pitch-black, dark, gloomy",1,Adjective
"pignus, pignoris, {n.}","pledge, security; hostage; token, proof",1,Noun
"pīneus, pīnea, pīneum","of the pine, made of pine; covered with pines",1,Adjective
"pingō, pingere, pīnxī, pictum","to paint, represent, or embroider; to decorate or embellish",1,Verb
"pinguis, pingue","fat, rich, fertile; thick, dull",1,Adjective
"piscis, piscis, {m.}",fish; the constellation or zodiac sign Pisces,1,Noun
"placidus, placida, placidum","gentle, calm, tranquil; peaceful, serene; friendly, propitious",1,Adjective
"plector, plectī","plait, twine, weave; buffet, punish",1,Verb
"Poenus, Poenī, {m.}",a Phoenician; a Carthaginian,1,Noun
"pollex, pollicis, {m.}","to promise, offer; vow",1,Verb
"polliceor, pollicērī, pollicitus sum",thumb; big toe,1,Noun
"polus, polī, {m.}","the pole, the North Pole; the heavens, sky; the north, northern regions",1,Noun
"pompa, pompae, {f.}","procession, parade; pomp, display",1,Noun
"posterus, postera, posterum","coming after, following, next; future; (as substantive) descendants, posterity",1,Adjective
"postulō, postulāre, postulāvī, postulātum","demand, claim, request; require, need",1,Verb
"potentia, potentiae, {f.}","power, strength; authority, influence",1,Noun
"potestās, potestātis, {f.}","power, authority; ability, opportunity",1,Noun
"potis, pote","able, powerful; capable",1,Adjective
"praeceptum, praeceptī, {n.}","lesson, precept; command, order",1,Noun
"praecipitō, praecipitāre, praecipitāvī, praecipitātum","to throw headlong, cast down; to hasten, hurry, rush",1,Verb
praecipuē,"especially, chiefly, particularly",1,Adverb
"praeclārus, praeclāra, praeclārum","bright, clear; famous, distinguished, remarkable",1,Adjective
"praecordia, praecordiōrum, {n. pl.}","chest, breast; heart, mind",1,Noun
"praeda, praedae, {f.}","booty, loot, spoil; prey, game",1,Noun
"praedīcō, praedīcere, praedīxī, praedīctum","to say before, announce; foretell, predict; warn",1,Verb
"praeferō, praeferre, praetulī, praelātum","to carry before, to prefer, to show or display",1,Verb
"praeficiō, praeficere, praefēcī, praefectum","to put in charge of, place in command of; to set over",1,Verb
"praemedicātus, praemedicāta, praemedicātum","protected with charms or medicine beforehand; fortified, enchanted",1,Adjective
"praemium, praemiī, {n.}","reward, prize; exploit, booty",1,Noun
"praepes, {(gen.)} praepetis","flying straight ahead, swift, fleet; winged; a bird of omen",1,"Adjective, Noun"
"praepōnō, praepōnere, praeposuī, praepositum","place before, set over; prefer",1,Verb
praeter,"past, beyond; except, besides; more than",1,Preposition
praetereā,"besides, moreover; thereafter, hereafter",1,Adverb
"praetexō, praetexere, praetexuī, praetextum","to fringe, border; to cloak, disguise, or cover over",1,Verb
"praevertō, praevertere, praevertī, praeversum","anticipate, outstrip, outrun; preoccupy, attend to first",1,Verb
"prāvus, prāva, prāvum","crooked, misshapen; distorted, perverted; wicked, corrupt",1,Adjective
"precēs, precum, {f. pl.}","prayers, entreaties, pleas",1,Noun
"pretiōsus, pretiōsa, pretiōsum","valuable, precious; costly",1,Adjective
"pretium, pretiī, {n.}","price, value; reward, prize",1,Noun
"Priamus, Priamī, {m.}","Priam, the last king of Troy",1,Noun
prīmum,"first, foremost; at first, for the first time; in the first place",1,"Adjective, Adverb"
"prīncipium, prīncipiī, {n.}","beginning, commencement, origin; foundations, first principles",1,Noun
"prōcēdō, prōcēdere, prōcessī, prōcessum","go forward, advance; appear, come forth",1,Verb
"procella, procellae, {f.}","storm, gale; turmoil, upheaval",1,Noun
"prōcumbō, prōcumbere, prōcubuī, prōcubitum","to fall forward, sink down, fall prostrate; to lean or bend forward; to fall in battle or ruins",1,Verb
"procus, procī, {m.}",suitor; wooer; noble; canvasser,1,Noun
"profānus, profāna, profānum","unholy, unconsecrated; not initiated, common; impious",1,Adjective
"proficīscor, proficīscī, profectus sum","to set out, depart; to proceed, arise from",1,Verb
"profugus, profuga, profugum","fleeing, fugitive; exiled, banished",1,Adjective
"prōgeniēs, prōgeniēī, {f.}","offspring, child; lineage, race",1,Noun
"prōmereō, prōmerēre, prōmeruī, prōmeritum","to deserve, merit; to earn, gain; to deserve well of",1,Verb
"prōmittō, prōmittere, prōmīsī, prōmissum","to send forth, let go; to promise, vow; to let grow (hair or beard)",1,Verb
"prōmō, prōmere, prōmpsī, prōmptum","bring forth, produce; bring into view, disclose",1,Verb
"prōnuba, prōnubae, {f.}","matron of honor, a married woman who attends the bride; an epithet of Juno as goddess of marriage; a bridewoman or attendant.",1,Noun
"prōnus, prōna, prōnum","leaning forward, prostrate, face down; headlong; inclined",1,Adjective
"propior, propius","nearer, closer; more recent; more nearly related",1,Adjective
"prōpugnāculum, prōpugnāculī, {n.}","bulwark, rampart, fortification; defense, protection",1,Noun
"prōrumpō, prōrumpere, prōrūpī, prōruptum","to break or burst forth, rush out; to cast forth or send out",1,Verb
"pruīnōsus, pruīnōsa, pruīnōsum","frosty, frosted; covered with hoar-frost",1,Adjective
"pūbēs, pūbis, {f.}","adult growth; youth, young men; the groin",1,Noun
"pudeō, pudēre, puduī, puditum","be ashamed, feel shame; make ashamed, cause shame",1,Verb
"pudīcus, pudīca, pudīcum","modest, chaste; virtuous",1,Adjective
"pugna, pugnae, {f.}","fight, battle; conflict, struggle",1,Noun
"pugnō, pugnāre, pugnāvī, pugnātum","to fight, combat; contend, conflict",1,Verb
"pullus, pulla, pullum","dark-colored, blackish; a young animal, chick, or foal",1,"Noun, Adjective"
"pulsō, pulsāre, pulsāvī, pulsātum","to strike, beat, or batter; to push or drive.",1,Verb
"pulvis, pulveris, {m.}","dust, powder; arena, racecourse",1,Noun
"Pȳthōn, Pȳthōnis, {m.}","Python, the monstrous serpent slain by Apollo at Delphi; a large serpent or dragon.",1,Noun
quamvīs,"however much, as much as you like; although, albeit",1,"Adverb, Conjunction"
quasi,"as if, just as; as it were, so to speak",1,Conjunction
"quatiō, quatere, quassī, quassum","shake, shatter; strike, beat; move, brandish",1,Verb
"querēla, querēlae, {f.}","complaint, lamentation; soft strain, warbling",1,Noun
quidlibet,"anything you please, whatever you will; anything at all",1,Noun
"quiēs, quiētis, {f.}","rest, quiet, peace; sleep, death",1,Noun
"quiētus, quiēta, quiētum","quiet, calm, peaceful; at rest, inactive, neutral",1,Adjective
"Quirīnus, Quirīnī, {m.}","Quirinus, an early Roman state god often identified with the deified Romulus; an epithet of Janus, Mars, or Jupiter.",1,Noun
"quisquam, quicquam","any (single) person, anyone at all; any (single) thing, anything (whatever)",1,Pronoun
"quīvīs, quaevīs, quodvīs","any, anyone, anything; whoever, whatever",1,Adjective
quotannīs,"every year, yearly, annually",1,Adverb
"quotus, quota, quotum","which in number, which in order; how few, how small",1,Adjective
"rabidus, rabida, rabidum","mad, raging, raving; frantic, wild",1,Adjective
"rādīx, rādīcis, {f.}","root, lower part; foundation, base; origin, source",1,Noun
"rāmus, rāmī, {m.}","branch, bough; twig",1,Noun
"rapāx, {(gen.)} rapācis","grasping, greedy; predatory, rapacious",1,Adjective
"recidīvus, recidīva, recidīvum","returning, recurring; restored, rebuilt",1,Adjective
"recondō, recondere, recondidī, reconditum","to put away, store; to hide, conceal; to bury, plunge (a weapon)",1,Verb
"redūcō, redūcere, redūxī, reductum","to lead or bring back, withdraw; restore, replace; reduce to a state or condition",1,Verb
"redux, {(gen.)} reducis","brought back, restored, returned; renewed, revived",1,Adjective
"refulgeō, refulgēre, refulsī","to flash back, reflect light; to shine brightly, gleam, glitter",1,Verb
"rēgia, rēgiae, {f.}","palace, royal residence; court",1,Noun
"regiō, regiōnis, {f.}","direction, line; boundary; region, district",1,Noun
"rēgius, rēgia, rēgium","royal, regal, kingly",1,Adjective
"rēliquiae, rēliquiārum, {f. pl.}","remains, remnants, relics; survivors; ashes of the dead",1,Noun
"rēmex, rēmigis, {m.}","rower, oarsman",1,Noun
"remittō, remittere, remīsī, remissum","send back, remit; relax, release; diminish, abate",1,Verb
"remordeō, remordēre, remorsī, remorsum","bite back, bite again; vex, torment, disturb",1,Verb
"remoror, remorārī, remorātus sum","hold back, delay, hinder; linger, tarry",1,Verb
"removeō, removēre, remōvī, remōtum","to move back, withdraw; to take away, remove; to put away, set aside",1,Verb
"Remus, Remī, {m.}",Remus (brother of Romulus),1,Noun
"rēmus, rēmī, {m.}",Remus; of Remus; Romulean,1,Noun
"renīdeō, renīdēre","shine back, glitter; beam with joy, smile",1,Verb
"rependō, rependere, rependī, repēnsum","pay back, repay, requite; balance, offset",1,Verb
"reperiō, reperīre, repperī, repertum","to find, discover; learn, find out",1,Verb
"repleō, replēre, replēvī, replētum","fill again, fill up, fill",1,Verb
"repōnō, repōnere, reposuī, repositum","put back, replace, restore; lay aside, store away",1,Verb
"reportō, reportāre, reportāvī, reportātum","bring back, carry back; report, announce; win, gain",1,Verb
"repugnō, repugnāre, repugnāvī, repugnātum","fight against, oppose; resist, be at variance with",1,Verb
"requiēs, requiētis, {f.}","rest, repose; respite, intermission; support, comfort",1,Noun
"requiēscō, requiēscere, requiēvī, requiētum","rest, repose; fall asleep; die",1,Verb
"resolvō, resolvere, resolvī, resolūtum","loosen, unbind, release; melt, dissolve; relax",1,Verb
"resonō, resonāre, resonāvī","to resound, echo, ring out; to repeat a sound",1,Verb
"resorbeō, resorbēre, resorpsī","suck back, swallow again; suppress",1,Verb
"respergō, respergere, respersī, respersum","sprinkle, scatter, strew; moisten, spatter, stain",1,Verb
"resupīnus, resupīna, resupīnum","lying on one's back, supine; bent backward; lazy, indifferent",1,Adjective
"retegō, retegere, retēxī, retēctum","uncover, reveal, disclose; lay bare",1,Verb
"retināculum, retināculī, {n.}","rope, cable, tether; bond, tie",1,Noun
retrō,"backwards, back, behind; again",1,Adverb
"revertor, revertī, reversus sum","to turn back, return",1,Verb
"revīsō, revīsere","to revisit, go back and see; to look back on, review",1,Verb
"rictus, rictūs, {m.}","the open mouth, wide-opened jaws; a grin, sneer",1,Noun
"rīma, rīmae, {f.}","crack, narrow cleft, fissure",1,Noun
"Rōma, Rōmae, {f.}",Rome; the Roman people or state,1,Noun
"Rōmulus, Rōmulī, {m.}","Romulus, the legendary founder and first king of Rome",1,Noun
"roseus, rosea, roseum","rose-colored, rosy, red; made of roses",1,Adjective
"rubor, rubōris, {m.}","redness, blush; shame, disgrace",1,Noun
"rudis, rude","rough, raw, unskilled; uncultivated, wild; simple, plain",1,Adjective
"rumpō, rumpere, rūpī, ruptum","break, shatter; burst, rupture; violate, destroy",1,Verb
"rūsticus, rūstica, rūsticum","of the country, rural; unrefined, boorish",1,Adjective
"Rutulī, Rutulōrum, {m. pl.}",Rutulians (ancient tribe in Latium),1,Noun
"Sabaeus, Sabaea, Sabaeum","Sabaean, of Sheba; Arabian",1,Adjective
"sacerdōs, sacerdōtis, {m./f.}","priest, priestess",1,Noun
"saepēs, saepis, {f.}","hedge, fence; enclosure",1,Noun
"saepiō, saepīre, saepsī, saeptum","to hedge in, enclose, surround; to shut in, confine, protect",1,Verb
"saeviō, saevīre, saevīvī, saevītum","to rage, be furious; to act cruelly or violently",1,Verb
"saevitia, saevitiae, {f.}","ferocity, cruelty; barbarity",1,Noun
"sagittifer, sagittifera, sagittiferum","bearing arrows, armed with arrows",1,Adjective
saltem,"at least, at any rate",1,Adverb
"saltus, saltūs, {m.}","leap, jump; forest glade, mountain pass",1,Noun
"salūs, salūtis, {f.}","safety, deliverance; health; greeting",1,Noun
"Samos, Samī, {f.}","Samos, an island in the Aegean Sea off the coast of Ionia, famous as a center of the worship of Juno.",1,Noun
"sānābilis, sānābile","curable, remediable",1,Adjective
"sanguineus, sanguinea, sanguineum","of blood, bloody; blood-red, ruddy; bloodthirsty",1,Adjective
"sanguinolentus, sanguinolenta, sanguinolentum","bloody, stained with blood; blood-red",1,Adjective
"sarcina, sarcinae, {f.}","Pack, bundle; load, burden",1,Noun
"sator, satōris, {m.}","sower, planter; begetter, father, founder",1,Noun
"saucius, saucia, saucium","wounded; pierced, smitten; stricken",1,Adjective
scīlicet,"of course, evidently, naturally; that is to say, namely",1,Adverb
"scindō, scindere, scidī, scissum","to tear, rend, or cut; to split, cleave, or divide.",1,Verb
"scūtum, scūtī, {n.}",shield; protection,1,Noun
"Scythia, Scythiae, {f.}","Scythia, an ancient region in Eurasia north of the Black Sea.",1,Noun
"seges, segetis, {f.}","cornfield, grain field; crop, grain",1,Noun
semel,"once, a single time; formerly, on a certain occasion",1,Adverb
"Semīramis, Semīramidis, {f.}","Semiramis, a legendary queen of Assyria; Sammu-ramat",1,Noun
"sēmirefectus, sēmirefecta, sēmirefectum",half-repaired,1,Adjective
"sēnī, sēnae, sēna",six each; six,1,Numeral
"senīlis, senīle","of, relating to, or characteristic of old age; aged, senile",1,Adjective
"senior, {(gen.)} seniōris","older, elder; an elder, old man or woman",1,Noun
"sentis, sentis, {m.}","thorn, briar, bramble",1,Noun
septem,seven; seventh,1,Numeral
"septēnī, septēnae, septēna",seven each; seven,1,Numeral
"septimus, septima, septimum",seventh,1,Adjective
"serēnō, serēnāre, serēnāvī, serēnātum","to make clear, brighten; to calm, soothe",1,Verb
"sermō, sermōnis, {m.}","conversation, talk; speech, language",1,Noun
"sērus, sēra, sērum","late, slow, tardy; lingering, delayed",1,Adjective
"serviō, servīre, servīvī, servītum",be a slave; serve,1,Verb
"servitium, servitiī, {n.}","slavery, servitude; slaves, the slave class",1,Noun
"servus, servī, {m.}","slave, servant",1,Noun
"sībilō, sībilāre, sībilāvī, sībilātum","to hiss, to whistle; to rustle, to whir",1,Verb
"siccō, siccāre, siccāvī, siccātum","dry, drain; exhaust",1,Verb
"Sīdōnius, Sīdōnia, Sīdōnium","of Sidon, Sidonian; Phoenician; Carthaginian",1,Adjective
"silēns, {(gen.)} silentis","silent, still; quiet, hushed",1,Adjective
"Simoīs, Simoentis, {m.}",a river in the Troad near Troy; the god of this river,1,Noun
"simplex, {(gen.)} simplicis","simple, plain; uncompounded; artless, natural; honest, sincere",1,Adjective
"simulō, simulāre, simulāvī, simulātum","to imitate, copy; to pretend, feign",1,Verb
"sistō, sistere, stitī, statum","To cause to stand, set up, place; to stop, halt, stay.",1,Verb
"Sīsyphius, Sīsyphia, Sīsyphium","of, relating to, or suggestive of Sisyphus; requiring continual and ineffective effort, fruitless, unending",1,Adjective
"sociālis, sociāle","allied, confederate; social, companionable; conjugal, nuptial",1,Adjective
"soleō, solēre, solitus sum","be accustomed to, be in the habit of; be usual, be customary",1,Verb
"solitus, solita, solitum","accustomed, usual, habitual",1,Adjective
"sōlor, sōlārī, sōlātus sum","to comfort, console; soothe, relieve",1,Verb
"sonus, sonī, {m.}","sound, noise; voice; utterance",1,Noun
"sōpiō, sōpīre, sōpīvī, sōpītum","to lull to sleep, put to rest; to stun, render insensible.",1,Verb
"Spartānus, Spartāna, Spartānum","Spartan, of Sparta; Lacedaemonian",1,Adjective
"spatium, spatiī, {n.}","space, area, distance; interval or period of time; path, track, or course",1,Noun
"speciēs, speciēī, {f.}","appearance, shape, form; kind, type, species",1,Noun
"spectābilis, spectābile","visible, able to be seen; notable, remarkable, worth seeing",1,Adjective
"specula, speculae, {f.}","lookout, watchtower; high place, height",1,Noun
"spēlunca, spēluncae, {f.}","cave, cavern, den",1,Noun
"spolium, spoliī, {n.}","skin, hide; spoils, booty",1,Noun
"squāma, squāmae, {f.}","scale of a fish or reptile; a scale-like mass or object, such as a metal plate in armor.",1,Noun
"statiō, statiōnis, {f.}","standing, position, station; watch, guard, outpost; anchorage, roadstead",1,Noun
"sterilis, sterile","barren, sterile; fruitless, unproductive",1,Adjective
"stipula, stipulae, {f.}","stalk, straw, stubble; a reed pipe",1,Noun
"stirps, stirpis, {f.}","stem, stock, plant; lineage, race, family; source, origin",1,Noun
"stīva, stīvae, {f.}",plow-handle,1,Noun
"strātum, strātī, {n.}","bed-covering, coverlet; bed, couch; pavement, flooring",1,Noun
"Stygius, Stygia, Stygium","of or belonging to the Styx, Stygian; of the underworld, infernal; dark, gloomy",1,Adjective
"subdūcō, subdūcere, subdūxī, subductum","to draw or haul up; to withdraw, take away stealthily",1,Verb
"subiciō, subicere, subiēcī, subiectum","throw under, place under; make subject; suggest, prompt",1,Verb
"subigō, subigere, subēgī, subāctum","to drive under, bring under; to subdue, conquer; to compel, force",1,Verb
subitō,"suddenly, unexpectedly",1,Adverb
"subolēs, subolis, {f.}","offspring, progeny; race, stock",1,Noun
"subrīdeō, subrīdēre, subrīsī","to smile slightly, smile; smirk",1,Verb
subter,"beneath, underneath; below, at a lower level",1,"Adverb, Preposition"
"succingō, succingere, succīnxī, succīnctum","gird below, tuck up, equip; surround, encircle",1,Verb
"succumbō, succumbere, succubuī, succubitum","fall down, sink; yield, submit",1,Verb
"sūcus, sūcī, {m.}","juice, sap; moisture; drink, potion; spirit, vitality",1,Noun
"sulfur, sulfuris, {n.}","sulfur, brimstone",1,Noun
"superbus, superba, superbum","proud, haughty, arrogant; grand, superb",1,Adjective
"suppleō, supplēre, supplēvī, supplētum","to fill up, fill again; make good, complete, satisfy",1,Verb
"supplex, {(gen.)} supplicis","suppliant, kneeling, begging",1,Adjective
"sūra, sūrae, {f.}",calf of the leg,1,Noun
"surdus, surda, surdum","deaf, unresponsive; silent, faint",1,Adjective
"suscipiō, suscipere, suscēpī, susceptum","take up, receive; undertake, begin; acknowledge, support",1,Verb
"suspendō, suspendere, suspendī, suspēnsum","hang up, suspend; check, stay; keep in suspense",1,Verb
"suspīrō, suspīrāre, suspīrāvī, suspīrātum","to sigh, breathe deeply; to sigh for, long for",1,Verb
"Symplēgadēs, Symplēgadum, {f. pl.}","the Symplegades, a pair of clashing rocks at the entrance to the Black Sea through which the Argonauts sailed",1,Noun
"tābēscō, tābēscere, tābuī","melt away, dissolve; waste away",1,Verb
tamquam,"as if, as it were; just as, like",1,Conjunction
tantum,"only, so much; so great, so large",1,Adverb
"taurīnus, taurīna, taurīnum","of or belonging to bulls or oxen, bull's, taurine",1,Adjective
"temerārius, temerāria, temerārium","rash, reckless, thoughtless",1,Adjective
"tenāx, {(gen.)} tenācis","holding fast, gripping, tenacious; sticky, clinging; persistent, steadfast, stubborn",1,Adjective
"tendō, tendere, tetendī, tentum","stretch, extend; aim, direct; strive",1,Verb
"tenebrae, tenebrārum, {f. pl.}","darkness, gloom; night; the underworld, the shades of the dead",1,Noun
"Tenedos, Tenedī, {f.}","Tenedos, an island in the Aegean Sea near Troy",1,Noun
"tenor, tenōris, {m.}","a holding on, a continuous course; duration, tenor",1,Noun
tenus,"as far as, up to, down to",1,Preposition
"tepeō, tepēre, tepuī","be warm, lukewarm, tepid; glow with love, be enamored; be indifferent, fall flat",1,Verb
"terminō, termināre, termināvī, terminātum","to limit, set bounds to; finish, end, close; mark out, define",1,Verb
"terminus, terminī, {m.}","boundary, limit; end, conclusion",1,Noun
"ternī, ternae, terna","three each, three at a time; three, triple",1,Adjective
"terō, terere, trīvī, trītum","rub, wear away; tread, pass over; waste, consume",1,Verb
"terribilis, terribile","frightful, dreadful, terrible",1,Adjective
"terrigena, terrigenae, {m.}","earth-born, child of the earth; son of the soil",1,Noun
"territō, territāre, territāvī, territātum","to frighten, terrify, alarm",1,Verb
"tertius, tertia, tertium",third; a third part,1,Adjective
"testor, testārī, testātus sum","bear witness, testify; call to witness, invoke; declare, show",1,Verb
"thēsaurus, thēsaurī, {m.}","treasure, treasury; storehouse, magazine",1,Noun
"Thrēissa, Thrēissae, {f.}",Thracian woman,1,Noun
"Thybris, Thybridis, {m.}",the river Tiber; the river-god of the Tiber,1,Noun
"tībia, tībiae, {f.}","shinbone; pipe, flute",1,Noun
"Tīmāvus, Tīmāvī, {m.}","The Timavus river, a river in northeast Italy famous for its underground course and multiple mouths.",1,Noun
"tinguō, tinguere, tīnxī, tīnctum","wet, moisten, dip; color, dye, stain",1,Verb
"Tīthōnus, Tīthōnī, {m.}","Tithonus, a Trojan prince and lover of Aurora who was granted immortality without eternal youth",1,Noun
"titulus, titulī, {m.}","inscription, label, title; honor, glory",1,Noun
"togātus, togāta, togātum","wearing a toga; Roman, civilian",1,Adjective
"tollō, tollere, sustulī, sublātum","lift, raise; take away, remove, destroy",1,Verb
"torqueō, torquēre, torsī, tortum","to turn, twist, bend; to hurl, brandish; to torment, torture",1,Verb
"tractō, tractāre, tractāvī, tractātum","to drag, haul, pull; to handle, manage, or treat",1,Verb
"trānsitus, trānsitūs, {m.}","crossing, passage; transition",1,Noun
"tremebundus, tremebunda, tremebundum","trembling, quivering, shaking",1,Adjective
"tremulus, tremula, tremulum","shaking, quivering, trembling; flickering, waving",1,Adjective
"trepidō, trepidāre, trepidāvī, trepidātum","tremble, be afraid, waver; hurry in alarm, be agitated or confused",1,Verb
"trepidus, trepida, trepidum","restless, agitated, anxious; bubbling, foaming; perilous, critical",1,Adjective
trīgintā,thirty,1,Numeral
"Trīnācrius, Trīnācria, Trīnācrium",Sicilian; of or relating to Sicily or its inhabitants,1,Adjective
"triplex, {(gen.)} triplicis","triple, threefold",1,Adjective
"Trītōn, Trītōnis, {m.}","Triton, a sea god, son of Poseidon; merman; sea-gods, tritons",1,Noun
"triumphus, triumphī, {m.}","triumphal procession, triumph; victory",1,Noun
"trivium, triviī, {n.}","a place where three roads meet, a crossroad; a public street, highway",1,Noun
"Trōicus, Trōica, Trōicum","Trojan, of Troy",1,Adjective
"Trōs, Trōis, {m.}","Tros, a king of Troy; a Trojan",1,Noun
"tuba, tubae, {f.}",trumpet; war-trumpet; signal for war or assembly,1,Noun
"tumeō, tumēre, tumuī","swell, be swollen or puffed up; be swollen with passion or pride",1,Verb
"tumidus, tumida, tumidum","swollen, swelling; puffed up, turgid",1,Adjective
"turbidus, turbida, turbidum","disturbed, agitated, wild; muddy, thick, murky",1,Adjective
"turbō, turbāre, turbāvī, turbātum","to disturb, agitate, stir up; to throw into confusion, disorder",1,Verb
"turbō, turbinis, {m.}","whirlwind, storm; spinning top; whirl, vortex",1,Noun
"turpis, turpe","ugly, unsightly; shameful, disgraceful, base",1,Adjective
"ūber, {(gen.)} ūberis","udder, breast; richness, fertility; rich, fertile, abundant",1,"Noun, Adjective"
"ulcīscor, ulcīscī, ultus sum","avenge, take vengeance on; punish",1,Verb
"ultor, ultōris, {m.}","avenger, punisher; revenger",1,Noun
ultrā,"beyond, on the other side; further, more; beyond the limit, more than",1,"Adverb, Preposition"
"ultrīx, {(gen.)} ultrīcis","avenging, vengeful; (as a noun) female avenger",1,Adjective
"ululātus, ululātūs, {m.}","howling, wailing; shrieking, yelling (especially of grief, celebration, or war)",1,Noun
"umbrōsus, umbrōsa, umbrōsum","shady, shadowy; full of shade or shadows",1,Adjective
"undōsus, undōsa, undōsum","abounding in waves, wavy; billowy",1,Adjective
"urgeō, urgēre, ursī","press, push, force; urge, impel, solicit; beset, weigh down, hem in",1,Verb
"ūtilis, ūtile","useful, profitable, practical; advantageous, beneficial",1,Adjective
"ūtor, ūtī, ūsus sum","use, employ, make use of; enjoy, experience",1,Verb
"vacca, vaccae, {f.}","cow, female of any bovine animal",1,Noun
"vadum, vadī, {n.}","shallow water, ford; bottom, depths; sea, waters",1,Noun
"vagor, vagārī, vagātus sum","to wander, roam, stroll; to go astray, err",1,Verb
"vagus, vaga, vagum","wandering, roaming; shifting, unsteady",1,Adjective
"vānēscō, vānēscere","vanish, pass away; disappear",1,Verb
"vātēs, vātis, {m./f.}","prophet, seer; divinely inspired poet, bard",1,Noun
"vēlīvolus, vēlīvola, vēlīvolum","speeding along under sail, characterized by speeding sails",1,Adjective
"vēlōx, {(gen.)} vēlōcis","swift, quick, fleet, rapid, speedy",1,Adjective
"vēnātrīx, vēnātrīcis, {f.}",huntress,1,Noun
"venēnātus, venēnāta, venēnātum","poisoned, venomous; enchanted, magical",1,Adjective
"venēnum, venēnī, {n.}","drug, potion; poison, venom; magic charm",1,Noun
"venia, veniae, {f.}","favor, kindness; pardon, forgiveness; permission",1,Noun
"venter, ventris, {m.}","belly, stomach; womb",1,Noun
"verēcundus, verēcunda, verēcundum","modest, shy; bashful, ashamed",1,Adjective
"vesper, vesperī, {m.}",evening; the evening star; the west,1,Noun
"Vesta, Vestae, {f.}","Vesta (goddess of the hearth); hearth, altar fire",1,Noun
"vester, vestra, vestrum","your, yours (plural)",1,Adjective
"vetus, {(gen.)} veteris","old, ancient; of long standing, former",1,Adjective
"vexō, vexāre, vexāvī, vexātum","to shake, jolt, or toss violently; to harass, annoy, or trouble",1,Verb
"viātor, viātōris, {m.}","traveler, wayfarer",1,Noun
"vīcīnus, vīcīna, vīcīnum","near, neighboring; neighbor",1,Adjective
"vicis, vicem, vice","change, turn, alternation; exchange, stead; lot, fortune",1,Noun
vicissim,"in turn; on the other hand, conversely",1,Adverb
"victor, victōris, {m.}","conqueror, winner; champion",1,"Noun, Adjective"
"vigeō, vigēre, viguī","be lively, vigorous; flourish, bloom; be in force, prevail",1,Verb
"villus, villī, {m.}","shaggy hair, tuft of hair; woolly nap of cloth",1,Noun
"virgineus, virginea, virgineum","maidenly, virginal, pure",1,Adjective
"vīscus, vīsceris, {n.}","internal organs, entrails; flesh, body; heart, core",1,Noun
"vītālis, vītāle","life-giving, vital; living, alive; of or pertaining to life",1,Adjective
"vitiō, vitiāre, vitiāvī, vitiātum","to corrupt, damage, or spoil; to falsify or debase.",1,Verb
"vīvus, vīva, vīvum","alive, living; fresh, natural; vigorous, animated",1,Adjective
"volātilis, volātile","winged, flying; swift, rapid; fleeting, transitory",1,Adjective
"volātus, volātūs, {m.}","flight, a flying; speed",1,Noun
"volucer, volucris, volucre","flying, winged; swift, rapid",1,Adjective
"voluptās, voluptātis, {f.}","pleasure, delight, enjoyment",1,Noun
"vomō, vomere, vomuī, vomitum","to vomit, spew out, discharge.",1,Verb
"vōs, vestrum/vestrī, vōbīs, vōs, vōbīs",y'all,1,Noun
